id,code_insee,nom_commune,coordinates,geojson
1,78073,Bois-d'Arcy,"48.806,2.022","{""type"":""Polygon"",""coordinates"":[[[2.048375,48.803215],[2.049046,48.802793],[2.051074,48.801447],[2.051644,48.8011],[2.051571,48.800996],[2.051105,48.800187],[2.050499,48.799007],[2.050119,48.798328],[2.048896,48.798479],[2.048214,48.798535],[2.046873,48.798718],[2.043827,48.799071],[2.043374,48.799091],[2.042673,48.799087],[2.042319,48.79907],[2.041592,48.798972],[2.041214,48.798892],[2.040393,48.798694],[2.037873,48.798131],[2.035853,48.797704],[2.034168,48.797284],[2.03313,48.797041],[2.032646,48.796945],[2.031528,48.796781],[2.031241,48.796757],[2.029758,48.796703],[2.028436,48.796706],[2.02762,48.796736],[2.02574,48.79683],[2.023117,48.796927],[2.023104,48.796821],[2.022651,48.796839],[2.02134,48.796934],[2.019693,48.797076],[2.018757,48.797169],[2.016762,48.797353],[2.015879,48.797426],[2.015772,48.797378],[2.015189,48.797411],[2.012524,48.797631],[2.007014,48.798061],[2.001386,48.798519],[1.998797,48.798905],[1.995263,48.799222],[1.994546,48.799221],[1.994394,48.799119],[1.993231,48.799764],[1.992919,48.79998],[1.993005,48.800323],[1.993211,48.800977],[1.99328,48.801074],[1.993911,48.803229],[1.994421,48.804842],[1.994764,48.805953],[1.994895,48.806292],[1.995021,48.806469],[1.995071,48.806658],[1.995062,48.806925],[1.995359,48.807799],[1.995764,48.809069],[1.996167,48.810554],[1.996771,48.812514],[1.996949,48.81299],[1.997117,48.81305],[1.997498,48.813116],[1.997983,48.813246],[1.998235,48.813278],[2.000293,48.813822],[2.002365,48.814239],[2.003518,48.813944],[2.007546,48.812972],[2.00927,48.813687],[2.010481,48.814217],[2.011938,48.814798],[2.012555,48.815082],[2.0126,48.815265],[2.013597,48.814891],[2.014854,48.814362],[2.015499,48.814127],[2.01612,48.813877],[2.017509,48.813293],[2.018955,48.812731],[2.019285,48.812625],[2.020112,48.812102],[2.020674,48.811619],[2.020971,48.811452],[2.021718,48.811407],[2.022145,48.811918],[2.022742,48.811736],[2.022806,48.811353],[2.023443,48.811356],[2.023849,48.811177],[2.024127,48.811495],[2.024244,48.811576],[2.024422,48.81161],[2.024654,48.811855],[2.0259,48.811418],[2.025984,48.811336],[2.026022,48.810785],[2.026977,48.810343],[2.027061,48.810385],[2.027598,48.810212],[2.028045,48.810237],[2.028305,48.810341],[2.02846,48.81033],[2.028387,48.810076],[2.028431,48.810033],[2.028275,48.809699],[2.028979,48.809544],[2.029918,48.809635],[2.029784,48.809471],[2.030692,48.809494],[2.030621,48.809327],[2.031974,48.809078],[2.031756,48.808876],[2.032629,48.808715],[2.034502,48.808358],[2.036421,48.807905],[2.036476,48.807763],[2.035803,48.806641],[2.035582,48.806374],[2.036275,48.806331],[2.03636,48.805924],[2.03647,48.805871],[2.037827,48.8055],[2.039442,48.805074],[2.040528,48.804812],[2.040715,48.804985],[2.040879,48.805243],[2.04143,48.804978],[2.041218,48.804549],[2.04211,48.804124],[2.042376,48.803926],[2.042625,48.803779],[2.042676,48.803658],[2.042863,48.803423],[2.043003,48.803337],[2.043308,48.80328],[2.044178,48.803362],[2.045652,48.80315],[2.045796,48.803149],[2.046307,48.804101],[2.04727,48.80393],[2.047387,48.803897],[2.048009,48.803455],[2.048375,48.803215]]]}"
2,78117,Buc,"48.774,2.125","{""type"":""Polygon"",""coordinates"":[[[2.10634,48.757415],[2.106463,48.757613],[2.101482,48.756323],[2.102323,48.758984],[2.102318,48.761872],[2.101486,48.762081],[2.10285,48.764306],[2.101293,48.764698],[2.102054,48.765925],[2.102537,48.766635],[2.102815,48.767104],[2.103138,48.767586],[2.103597,48.768342],[2.103684,48.768528],[2.104337,48.769561],[2.105185,48.770847],[2.104625,48.77092],[2.103426,48.771019],[2.102976,48.771115],[2.103277,48.771454],[2.103857,48.773573],[2.105013,48.777813],[2.105448,48.779934],[2.105717,48.780691],[2.106269,48.779933],[2.106703,48.779472],[2.106932,48.779428],[2.107735,48.779656],[2.109803,48.78016],[2.110976,48.780422],[2.111253,48.780461],[2.112176,48.780523],[2.112494,48.780451],[2.112994,48.780226],[2.113195,48.780171],[2.11385,48.779867],[2.115406,48.779166],[2.115708,48.779245],[2.117718,48.780616],[2.118185,48.78054],[2.118473,48.780535],[2.118817,48.780486],[2.119238,48.780453],[2.120167,48.780356],[2.12161,48.780224],[2.123059,48.780068],[2.123729,48.780004],[2.124605,48.779902],[2.124684,48.780059],[2.125797,48.780911],[2.127633,48.782388],[2.128602,48.783122],[2.130362,48.785038],[2.131715,48.786482],[2.131745,48.786529],[2.132549,48.787405],[2.132869,48.787796],[2.13326,48.787654],[2.13329,48.78777],[2.133617,48.787731],[2.133615,48.78779],[2.133756,48.788144],[2.133861,48.788224],[2.133943,48.788516],[2.134258,48.788669],[2.13476,48.789073],[2.135338,48.789591],[2.135758,48.789939],[2.135814,48.79014],[2.135825,48.790407],[2.137493,48.789417],[2.138136,48.78905],[2.139041,48.788508],[2.139254,48.7891],[2.139738,48.790388],[2.140368,48.792086],[2.140529,48.792538],[2.140724,48.793014],[2.141724,48.79271],[2.142612,48.792427],[2.146036,48.791391],[2.146831,48.79069],[2.146776,48.790596],[2.147051,48.790285],[2.147799,48.789586],[2.147747,48.789478],[2.147852,48.789021],[2.148268,48.787423],[2.148333,48.7872],[2.148786,48.785466],[2.148369,48.784666],[2.148482,48.784591],[2.148096,48.783707],[2.147558,48.782328],[2.147484,48.782181],[2.147201,48.781369],[2.147132,48.781091],[2.147255,48.780454],[2.147254,48.78038],[2.147363,48.779934],[2.147181,48.779235],[2.147336,48.777826],[2.147416,48.777328],[2.147007,48.771745],[2.145593,48.770505],[2.144234,48.770843],[2.143822,48.770933],[2.142797,48.771237],[2.142283,48.77135],[2.141089,48.771748],[2.140932,48.771595],[2.140929,48.77146],[2.14118,48.770956],[2.141073,48.770736],[2.140561,48.770369],[2.140328,48.770183],[2.140138,48.770097],[2.139764,48.769829],[2.139449,48.76963],[2.139313,48.769583],[2.138874,48.769583],[2.138489,48.769563],[2.13815,48.769698],[2.137626,48.769842],[2.137391,48.769636],[2.136157,48.768476],[2.136013,48.768322],[2.135468,48.767862],[2.134748,48.767199],[2.134362,48.766888],[2.134276,48.766914],[2.132731,48.765877],[2.132681,48.765838],[2.131056,48.763805],[2.130635,48.763231],[2.129137,48.761811],[2.129089,48.761781],[2.127819,48.760685],[2.127519,48.760301],[2.127146,48.759652],[2.127022,48.759357],[2.126391,48.758524],[2.126196,48.758291],[2.125781,48.757729],[2.125213,48.756868],[2.124711,48.756182],[2.124092,48.755298],[2.123957,48.755056],[2.123699,48.75429],[2.12364,48.754237],[2.123292,48.754248],[2.123237,48.754733],[2.12311,48.755207],[2.119799,48.755976],[2.118415,48.756286],[2.11825,48.756309],[2.116791,48.756715],[2.116637,48.756749],[2.115703,48.757205],[2.114216,48.757873],[2.112381,48.757849],[2.11042,48.757941],[2.107316,48.757215],[2.10634,48.757415]]]}"
3,78152,Chavenay,"48.847,1.986","{""type"":""Polygon"",""coordinates"":[[[1.970019,48.834746],[1.968695,48.834687],[1.969182,48.836523],[1.969594,48.836454],[1.970599,48.838558],[1.970121,48.838638],[1.970226,48.839105],[1.970277,48.839643],[1.970744,48.839626],[1.970725,48.84011],[1.970751,48.840553],[1.970774,48.841354],[1.970822,48.841416],[1.968623,48.8417],[1.968917,48.844269],[1.968952,48.844416],[1.968276,48.84444],[1.968281,48.84422],[1.966937,48.844272],[1.966249,48.845123],[1.96625,48.845204],[1.965828,48.845939],[1.965626,48.84618],[1.96522,48.846571],[1.965011,48.846888],[1.964952,48.847113],[1.964951,48.847291],[1.965079,48.847783],[1.965354,48.848563],[1.965594,48.849284],[1.96195,48.849107],[1.961737,48.850632],[1.961721,48.850864],[1.961653,48.850982],[1.961385,48.851716],[1.961324,48.851899],[1.961108,48.852351],[1.960953,48.852542],[1.960907,48.852672],[1.960917,48.852893],[1.960897,48.853311],[1.960961,48.853428],[1.961929,48.85424],[1.962231,48.854542],[1.962412,48.854824],[1.962583,48.855239],[1.963495,48.85608],[1.96407,48.856529],[1.965993,48.857713],[1.966248,48.85789],[1.966859,48.858371],[1.967334,48.85879],[1.967619,48.85893],[1.967748,48.859104],[1.968355,48.859652],[1.968669,48.860063],[1.968872,48.860459],[1.968965,48.860721],[1.969212,48.860481],[1.970231,48.859341],[1.970561,48.859038],[1.97102,48.858739],[1.972957,48.857591],[1.973311,48.857351],[1.973668,48.857225],[1.973906,48.857171],[1.974502,48.857075],[1.975446,48.856906],[1.9751,48.857591],[1.975545,48.857477],[1.975612,48.857552],[1.976499,48.857366],[1.976406,48.858007],[1.976559,48.857999],[1.97646,48.858319],[1.977709,48.858218],[1.977975,48.85811],[1.978336,48.857931],[1.978716,48.858344],[1.979632,48.858516],[1.980886,48.858072],[1.981148,48.858206],[1.981552,48.857883],[1.982219,48.858346],[1.982478,48.858492],[1.983556,48.858798],[1.98346,48.858906],[1.984041,48.859154],[1.984227,48.858856],[1.985457,48.858833],[1.985742,48.85942],[1.987881,48.858601],[1.988326,48.858465],[1.988524,48.858531],[1.989635,48.858126],[1.989807,48.858366],[1.990104,48.858711],[1.990584,48.859302],[1.991288,48.858989],[1.991067,48.858782],[1.990969,48.858756],[1.991069,48.858536],[1.991046,48.858251],[1.991281,48.857902],[1.991652,48.857975],[1.992136,48.857957],[1.992546,48.857868],[1.992871,48.857751],[1.99307,48.85765],[1.993509,48.857307],[1.994597,48.856283],[1.995349,48.85569],[1.996855,48.856815],[1.998386,48.856117],[1.998253,48.856015],[2.003111,48.854066],[2.003014,48.853938],[2.004305,48.853466],[2.00463,48.85336],[2.004688,48.853395],[2.005159,48.853512],[2.005668,48.853534],[2.005799,48.853492],[2.006096,48.853561],[2.006317,48.853553],[2.006686,48.853489],[2.008746,48.853035],[2.009404,48.852907],[2.010172,48.852779],[2.011438,48.852439],[2.010999,48.852064],[2.010652,48.851839],[2.010295,48.851637],[2.009472,48.851205],[2.009103,48.851029],[2.008062,48.850584],[2.00788,48.850472],[2.007368,48.850002],[2.006968,48.849762],[2.006664,48.849659],[2.00562,48.849355],[2.004919,48.849071],[2.004283,48.848795],[2.004042,48.848635],[2.003765,48.848386],[2.003189,48.847758],[2.003006,48.847369],[2.003034,48.847177],[2.003244,48.846914],[2.003233,48.846682],[2.003075,48.846479],[2.002966,48.846106],[2.002812,48.845688],[2.00247,48.845016],[2.002169,48.844623],[2.002019,48.844466],[2.001573,48.843919],[2.001513,48.843934],[2.001234,48.843715],[2.001015,48.843619],[2.00073,48.843538],[2.00023,48.843464],[1.999845,48.843443],[1.999271,48.843367],[1.996228,48.842771],[1.995316,48.842621],[1.994859,48.842496],[1.993961,48.842303],[1.992765,48.841939],[1.987136,48.839964],[1.984694,48.839097],[1.984405,48.838587],[1.984227,48.837934],[1.984122,48.837394],[1.983775,48.835174],[1.983686,48.834388],[1.983635,48.83343],[1.982802,48.833511],[1.98142,48.833634],[1.97997,48.833739],[1.97801,48.833859],[1.977694,48.833897],[1.977195,48.833989],[1.975825,48.834285],[1.974994,48.834438],[1.972774,48.834814],[1.972108,48.834859],[1.971211,48.834828],[1.970019,48.834746]]]}"
4,78168,Coignières,"48.751,1.918","{""type"":""Polygon"",""coordinates"":[[[1.90354,48.738239],[1.903404,48.738336],[1.902957,48.738389],[1.902356,48.738503],[1.901981,48.738683],[1.901091,48.739408],[1.900918,48.73953],[1.900874,48.739701],[1.900492,48.739778],[1.900112,48.740056],[1.899973,48.740105],[1.899634,48.740323],[1.89948,48.740352],[1.899087,48.740339],[1.898454,48.740529],[1.898045,48.740635],[1.897849,48.740764],[1.897399,48.74088],[1.897322,48.74112],[1.897131,48.741318],[1.896979,48.741332],[1.89684,48.741511],[1.896876,48.741727],[1.896413,48.741831],[1.896245,48.742046],[1.895919,48.74207],[1.895889,48.742241],[1.895653,48.742419],[1.895499,48.742661],[1.89528,48.742766],[1.895263,48.742893],[1.895328,48.743118],[1.895467,48.743334],[1.895478,48.74346],[1.895375,48.743541],[1.895505,48.743884],[1.8968,48.744489],[1.897251,48.744551],[1.897388,48.744769],[1.897589,48.74536],[1.897495,48.745672],[1.897388,48.745903],[1.897036,48.746145],[1.896865,48.746307],[1.896627,48.746448],[1.89615,48.746773],[1.895863,48.747076],[1.895805,48.74726],[1.895907,48.747551],[1.896022,48.747728],[1.896139,48.748056],[1.89608,48.74828],[1.895952,48.748612],[1.895684,48.749068],[1.895391,48.749453],[1.895305,48.749677],[1.895231,48.750001],[1.895237,48.750315],[1.895282,48.750611],[1.895208,48.751341],[1.895136,48.75161],[1.894959,48.751735],[1.894709,48.751855],[1.894558,48.751884],[1.893255,48.752386],[1.892968,48.752751],[1.892796,48.753099],[1.892623,48.753389],[1.892583,48.753522],[1.892577,48.753889],[1.892687,48.754331],[1.892799,48.754576],[1.892934,48.754719],[1.892786,48.754741],[1.892951,48.755012],[1.893345,48.755295],[1.893604,48.755412],[1.893905,48.755609],[1.894217,48.755762],[1.89441,48.75614],[1.894602,48.756589],[1.894644,48.756806],[1.894538,48.757386],[1.894422,48.757582],[1.89431,48.757928],[1.894263,48.758338],[1.894321,48.758497],[1.894305,48.758801],[1.894001,48.75927],[1.89395,48.75943],[1.893941,48.759746],[1.89398,48.759893],[1.893981,48.760199],[1.893948,48.760509],[1.893889,48.76069],[1.893748,48.760937],[1.893421,48.761408],[1.893355,48.761703],[1.893334,48.762036],[1.893277,48.76231],[1.893138,48.762423],[1.892746,48.762659],[1.892895,48.762849],[1.893117,48.763066],[1.893183,48.763221],[1.893361,48.763401],[1.893542,48.764264],[1.893786,48.764561],[1.893583,48.764679],[1.893388,48.76485],[1.893515,48.764876],[1.89353,48.765119],[1.893961,48.765218],[1.894238,48.765415],[1.894369,48.765465],[1.894581,48.765613],[1.894763,48.765692],[1.895011,48.765729],[1.895298,48.765675],[1.896402,48.76581],[1.896991,48.765976],[1.89733,48.766179],[1.897576,48.766268],[1.897887,48.766278],[1.898206,48.766226],[1.898631,48.766239],[1.898924,48.766213],[1.899165,48.766148],[1.899455,48.766122],[1.89978,48.765996],[1.900092,48.765843],[1.9008,48.765636],[1.901184,48.765605],[1.901504,48.765504],[1.901945,48.765393],[1.902635,48.765259],[1.902918,48.76526],[1.903729,48.765408],[1.904243,48.765419],[1.901102,48.766346],[1.902042,48.767272],[1.90159,48.767581],[1.90136,48.76779],[1.901126,48.768119],[1.901335,48.767977],[1.902203,48.767694],[1.903081,48.767304],[1.904004,48.766831],[1.904678,48.766555],[1.907235,48.765618],[1.90738,48.765424],[1.908371,48.764578],[1.908572,48.764395],[1.909247,48.763854],[1.909387,48.763615],[1.911019,48.762278],[1.911485,48.761814],[1.912309,48.761151],[1.913223,48.760341],[1.914647,48.75902],[1.915048,48.758674],[1.916013,48.75781],[1.916078,48.757741],[1.918372,48.757582],[1.929136,48.756836],[1.931051,48.758888],[1.932633,48.76047],[1.933072,48.760308],[1.933888,48.759963],[1.935156,48.759393],[1.936415,48.758762],[1.937564,48.758166],[1.938074,48.757853],[1.939045,48.757283],[1.939566,48.757048],[1.939725,48.756993],[1.940199,48.756697],[1.941003,48.756284],[1.941533,48.755906],[1.941981,48.755628],[1.941265,48.755179],[1.941477,48.754944],[1.942765,48.755282],[1.943025,48.754991],[1.940511,48.754282],[1.937036,48.752905],[1.934714,48.751844],[1.933051,48.751025],[1.937228,48.748472],[1.936989,48.748149],[1.936488,48.7475],[1.93555,48.74667],[1.936185,48.74659],[1.935993,48.746077],[1.935538,48.746176],[1.935421,48.745893],[1.935149,48.745855],[1.935017,48.745665],[1.934894,48.74569],[1.934654,48.745464],[1.934368,48.745444],[1.934156,48.745164],[1.934831,48.744782],[1.934441,48.744285],[1.934866,48.744135],[1.934643,48.743927],[1.934554,48.743698],[1.934542,48.743073],[1.934417,48.742942],[1.934184,48.742881],[1.933639,48.742643],[1.933047,48.742333],[1.932594,48.742045],[1.932349,48.741834],[1.9326,48.741728],[1.932279,48.74121],[1.932238,48.741021],[1.932254,48.74035],[1.931959,48.740342],[1.931327,48.740325],[1.930742,48.740357],[1.928057,48.739388],[1.927915,48.739241],[1.927495,48.738721],[1.927733,48.738611],[1.926695,48.737505],[1.926774,48.737407],[1.925825,48.737147],[1.924099,48.739374],[1.922971,48.737789],[1.92141,48.735776],[1.920148,48.733838],[1.919894,48.733486],[1.919533,48.733265],[1.919046,48.733082],[1.916968,48.733124],[1.916555,48.733075],[1.916299,48.733068],[1.91574,48.733126],[1.915231,48.733238],[1.909507,48.734674],[1.908745,48.734721],[1.908504,48.734784],[1.906607,48.735368],[1.906723,48.735504],[1.907815,48.736459],[1.908116,48.736705],[1.907941,48.736792],[1.907348,48.737138],[1.907274,48.737082],[1.906852,48.737378],[1.906401,48.737549],[1.90579,48.737898],[1.905476,48.738032],[1.904864,48.73817],[1.904045,48.73815],[1.90354,48.738239]]]}"
5,78242,Fontenay-le-Fleury,"48.817,2.048","{""type"":""Polygon"",""coordinates"":[[[2.052808,48.830718],[2.053554,48.830557],[2.05486,48.830311],[2.05797,48.829697],[2.059433,48.829385],[2.059786,48.829348],[2.059957,48.829358],[2.060402,48.829459],[2.060782,48.829567],[2.061047,48.829668],[2.0619,48.829771],[2.06206,48.829774],[2.06218,48.829701],[2.062399,48.829448],[2.062847,48.829],[2.063511,48.828316],[2.064227,48.827557],[2.06505,48.826731],[2.06528,48.826417],[2.065396,48.826043],[2.065501,48.825412],[2.065675,48.825242],[2.066562,48.824888],[2.06743,48.824577],[2.0685,48.824214],[2.069154,48.82394],[2.070429,48.82323],[2.070675,48.823013],[2.070333,48.822062],[2.068872,48.821731],[2.068775,48.820272],[2.065261,48.819428],[2.064371,48.819259],[2.064136,48.819245],[2.063807,48.819266],[2.063236,48.818824],[2.062579,48.818421],[2.061884,48.817954],[2.06139,48.81769],[2.060645,48.816906],[2.058079,48.816196],[2.057586,48.816049],[2.057294,48.815845],[2.056805,48.815392],[2.057977,48.814472],[2.057024,48.813621],[2.057181,48.813608],[2.057442,48.813499],[2.058033,48.813192],[2.056353,48.811715],[2.055319,48.810791],[2.05517,48.810634],[2.054562,48.809918],[2.053676,48.808408],[2.053441,48.808169],[2.052702,48.807059],[2.052454,48.80676],[2.052079,48.806387],[2.051503,48.805971],[2.050982,48.805525],[2.050563,48.805568],[2.04955,48.804741],[2.049564,48.804336],[2.049264,48.804021],[2.048607,48.803562],[2.048375,48.803215],[2.048009,48.803455],[2.047387,48.803897],[2.04727,48.80393],[2.046307,48.804101],[2.045796,48.803149],[2.045652,48.80315],[2.044178,48.803362],[2.043308,48.80328],[2.043003,48.803337],[2.042863,48.803423],[2.042676,48.803658],[2.042625,48.803779],[2.042376,48.803926],[2.04211,48.804124],[2.041218,48.804549],[2.04143,48.804978],[2.040879,48.805243],[2.040715,48.804985],[2.040528,48.804812],[2.039442,48.805074],[2.037827,48.8055],[2.03647,48.805871],[2.03636,48.805924],[2.036275,48.806331],[2.035582,48.806374],[2.035803,48.806641],[2.036476,48.807763],[2.036421,48.807905],[2.034502,48.808358],[2.032629,48.808715],[2.031756,48.808876],[2.031974,48.809078],[2.030621,48.809327],[2.030692,48.809494],[2.029784,48.809471],[2.029918,48.809635],[2.028979,48.809544],[2.028275,48.809699],[2.028431,48.810033],[2.028387,48.810076],[2.02846,48.81033],[2.028305,48.810341],[2.028045,48.810237],[2.027598,48.810212],[2.027061,48.810385],[2.026977,48.810343],[2.026022,48.810785],[2.025984,48.811336],[2.0259,48.811418],[2.024654,48.811855],[2.024891,48.811941],[2.025238,48.812157],[2.02557,48.812529],[2.026281,48.812964],[2.026358,48.813036],[2.026543,48.81334],[2.02674,48.813869],[2.026901,48.814484],[2.026971,48.814929],[2.02715,48.815295],[2.027243,48.815662],[2.02732,48.815862],[2.027455,48.816026],[2.027527,48.816259],[2.027689,48.816449],[2.027897,48.816642],[2.028266,48.816879],[2.028643,48.817324],[2.028815,48.817635],[2.029245,48.818291],[2.029981,48.819437],[2.030801,48.820666],[2.031565,48.821879],[2.031966,48.822431],[2.032223,48.822742],[2.032496,48.822986],[2.032713,48.823125],[2.03285,48.823095],[2.033076,48.823529],[2.033751,48.824667],[2.034098,48.825166],[2.034497,48.825491],[2.035027,48.825994],[2.03551,48.826301],[2.03609,48.826701],[2.037149,48.827178],[2.037698,48.827028],[2.040516,48.826343],[2.046628,48.824761],[2.048045,48.827372],[2.051333,48.826502],[2.052293,48.827848],[2.052808,48.830718]]]}"
6,78297,Guyancourt,"48.773,2.075","{""type"":""Polygon"",""coordinates"":[[[2.078495,48.753968],[2.077993,48.75391],[2.077964,48.754008],[2.073545,48.755511],[2.071634,48.755949],[2.070786,48.756107],[2.069374,48.756479],[2.06844,48.756711],[2.067097,48.757042],[2.066243,48.757225],[2.064349,48.757462],[2.06352,48.757508],[2.064399,48.760098],[2.063784,48.760246],[2.063513,48.761027],[2.062707,48.761182],[2.062188,48.761294],[2.061764,48.761425],[2.060855,48.762434],[2.061921,48.763134],[2.062869,48.763791],[2.060836,48.764639],[2.058173,48.765738],[2.056887,48.766279],[2.05549,48.76686],[2.05383,48.767576],[2.053898,48.767707],[2.054111,48.768281],[2.054309,48.768705],[2.054473,48.769005],[2.054879,48.769501],[2.055211,48.769963],[2.055979,48.771131],[2.055312,48.771298],[2.054939,48.771415],[2.052946,48.771968],[2.049697,48.772884],[2.047475,48.773501],[2.046008,48.773913],[2.045755,48.773992],[2.046012,48.774389],[2.046137,48.774619],[2.046134,48.77486],[2.045922,48.775469],[2.045917,48.775724],[2.046084,48.776052],[2.04636,48.776432],[2.046623,48.776864],[2.046663,48.777063],[2.046564,48.777267],[2.046415,48.777422],[2.04459,48.779008],[2.043311,48.78017],[2.046472,48.781749],[2.046562,48.781851],[2.046788,48.782789],[2.046784,48.783062],[2.047534,48.783429],[2.048325,48.783795],[2.048007,48.784068],[2.04675,48.785173],[2.046411,48.785496],[2.047135,48.785852],[2.048645,48.786579],[2.049527,48.787021],[2.050022,48.787281],[2.049711,48.787879],[2.048622,48.7889],[2.048446,48.78905],[2.050981,48.790423],[2.051683,48.790771],[2.052132,48.79166],[2.053211,48.794395],[2.055157,48.793929],[2.056892,48.793517],[2.057328,48.793432],[2.058981,48.792969],[2.058966,48.792949],[2.06082,48.79251],[2.062625,48.792065],[2.063219,48.79196],[2.063786,48.791823],[2.064851,48.790797],[2.070144,48.789869],[2.070013,48.789283],[2.069955,48.789236],[2.069909,48.789016],[2.074414,48.788657],[2.074703,48.788661],[2.076081,48.788772],[2.077758,48.7893],[2.080235,48.78897],[2.082985,48.788542],[2.083452,48.787106],[2.083581,48.786781],[2.083991,48.785813],[2.084114,48.785316],[2.084251,48.784962],[2.084528,48.784769],[2.084875,48.784632],[2.085278,48.784543],[2.086857,48.783955],[2.087176,48.783823],[2.088565,48.783425],[2.089002,48.783267],[2.08902,48.783204],[2.089366,48.783073],[2.091037,48.782494],[2.091268,48.782435],[2.093502,48.782008],[2.096207,48.781483],[2.099209,48.780911],[2.100149,48.780747],[2.101322,48.780514],[2.10234,48.780293],[2.103204,48.780048],[2.103279,48.780051],[2.104601,48.780417],[2.105717,48.780691],[2.105448,48.779934],[2.105013,48.777813],[2.103857,48.773573],[2.103277,48.771454],[2.102976,48.771115],[2.103426,48.771019],[2.104625,48.77092],[2.105185,48.770847],[2.104337,48.769561],[2.103684,48.768528],[2.103597,48.768342],[2.103138,48.767586],[2.102815,48.767104],[2.102537,48.766635],[2.102054,48.765925],[2.101293,48.764698],[2.10285,48.764306],[2.101486,48.762081],[2.102318,48.761872],[2.102323,48.758984],[2.101482,48.756323],[2.100725,48.756118],[2.100471,48.756158],[2.099245,48.756393],[2.09903,48.75642],[2.09776,48.756447],[2.097603,48.756432],[2.095874,48.755945],[2.095071,48.755738],[2.094939,48.755729],[2.094771,48.755602],[2.093219,48.755558],[2.092234,48.755525],[2.091804,48.75429],[2.091949,48.754234],[2.091678,48.75388],[2.09151,48.753696],[2.089943,48.754161],[2.0885,48.752584],[2.085497,48.753233],[2.078495,48.753968]]]}"
7,78644,La Verrière,"48.755,1.950","{""type"":""Polygon"",""coordinates"":[[[1.967993,48.756029],[1.967802,48.756002],[1.967575,48.756594],[1.967062,48.75686],[1.966729,48.756786],[1.966678,48.756579],[1.966337,48.756657],[1.96612,48.756556],[1.965863,48.756564],[1.96584,48.756285],[1.964229,48.756732],[1.962321,48.756942],[1.961888,48.756959],[1.961509,48.756923],[1.960561,48.756777],[1.960136,48.756626],[1.959891,48.756501],[1.959554,48.756285],[1.958967,48.755941],[1.958749,48.755909],[1.957082,48.756961],[1.956994,48.756367],[1.956951,48.756175],[1.956766,48.755933],[1.956212,48.755539],[1.95605,48.754681],[1.955835,48.753782],[1.955698,48.75302],[1.955749,48.752945],[1.956873,48.752627],[1.957654,48.75222],[1.958253,48.751812],[1.958483,48.7516],[1.959131,48.751155],[1.959872,48.750592],[1.959442,48.750327],[1.959654,48.750044],[1.960177,48.749761],[1.960408,48.749571],[1.960796,48.749085],[1.959352,48.748042],[1.957731,48.748956],[1.95721,48.749185],[1.956902,48.748889],[1.955913,48.748004],[1.954827,48.747022],[1.954704,48.746886],[1.953829,48.746133],[1.952412,48.746767],[1.952215,48.746844],[1.951866,48.746927],[1.951594,48.747091],[1.951485,48.747224],[1.95095,48.747722],[1.949439,48.749321],[1.948378,48.750468],[1.948149,48.750641],[1.947812,48.750842],[1.947449,48.751],[1.944105,48.74685],[1.940287,48.746997],[1.939969,48.747049],[1.938876,48.747507],[1.937942,48.747816],[1.936989,48.748149],[1.937228,48.748472],[1.933051,48.751025],[1.934714,48.751844],[1.937036,48.752905],[1.940511,48.754282],[1.943025,48.754991],[1.942765,48.755282],[1.941477,48.754944],[1.941265,48.755179],[1.941981,48.755628],[1.941533,48.755906],[1.941003,48.756284],[1.940199,48.756697],[1.940533,48.756855],[1.940836,48.756969],[1.941909,48.757331],[1.942913,48.757567],[1.944896,48.757991],[1.946782,48.758404],[1.949042,48.758867],[1.952158,48.759494],[1.953673,48.759794],[1.954441,48.759926],[1.955937,48.76013],[1.958841,48.760488],[1.959304,48.760539],[1.960298,48.760715],[1.96065,48.760795],[1.961336,48.760991],[1.962421,48.761378],[1.964041,48.762014],[1.965246,48.762497],[1.966371,48.762929],[1.966799,48.762353],[1.966928,48.762024],[1.967216,48.760719],[1.967324,48.760151],[1.967438,48.759249],[1.967462,48.75889],[1.967682,48.757576],[1.967896,48.756594],[1.967993,48.756029]]]}"
8,78397,Le Mesnil-Saint-Denis,"48.739,1.962","{""type"":""Polygon"",""coordinates"":[[[1.967993,48.756029],[1.968039,48.755754],[1.968164,48.755764],[1.968367,48.755696],[1.969123,48.755351],[1.969241,48.75532],[1.970755,48.755107],[1.970848,48.754996],[1.971355,48.754126],[1.971481,48.754034],[1.971685,48.754027],[1.973514,48.753708],[1.973601,48.753648],[1.973821,48.753384],[1.974185,48.753294],[1.976585,48.753012],[1.977406,48.752866],[1.977824,48.752768],[1.978222,48.752767],[1.979132,48.752836],[1.979829,48.752809],[1.980347,48.752756],[1.980979,48.752579],[1.981354,48.752457],[1.981931,48.752313],[1.982112,48.752284],[1.983421,48.752144],[1.984113,48.751934],[1.984512,48.751777],[1.984832,48.751621],[1.985182,48.751384],[1.985255,48.751177],[1.985774,48.750723],[1.985997,48.750582],[1.986219,48.750325],[1.986649,48.750144],[1.987223,48.749933],[1.987525,48.749861],[1.987954,48.749822],[1.988496,48.749605],[1.988886,48.749403],[1.989235,48.749254],[1.989347,48.749113],[1.989354,48.748965],[1.989432,48.748827],[1.989621,48.748671],[1.990625,48.748126],[1.990914,48.747989],[1.991241,48.747903],[1.991519,48.747891],[1.991869,48.747918],[1.991886,48.747834],[1.991852,48.747672],[1.991708,48.747457],[1.99129,48.747065],[1.988205,48.746393],[1.98811,48.745003],[1.988094,48.74262],[1.988804,48.742629],[1.989167,48.742601],[1.989436,48.742514],[1.989544,48.742355],[1.989734,48.74222],[1.990307,48.741695],[1.990824,48.741245],[1.99051,48.741109],[1.989996,48.740964],[1.989607,48.740764],[1.989375,48.740539],[1.989169,48.740396],[1.988171,48.739818],[1.987956,48.739705],[1.987792,48.739472],[1.98762,48.739169],[1.987626,48.739103],[1.987848,48.739037],[1.985993,48.736366],[1.985747,48.736433],[1.984429,48.734914],[1.987607,48.73388],[1.986715,48.732245],[1.987828,48.732005],[1.988088,48.731931],[1.989506,48.731448],[1.989063,48.730868],[1.988435,48.729991],[1.988458,48.729003],[1.987558,48.728954],[1.987486,48.72896],[1.985072,48.728849],[1.982856,48.728399],[1.981777,48.727836],[1.981208,48.727485],[1.981208,48.727063],[1.98138,48.726161],[1.981552,48.725926],[1.981559,48.725631],[1.981721,48.725345],[1.981796,48.725116],[1.98179,48.724915],[1.981633,48.724735],[1.981004,48.724368],[1.980703,48.724351],[1.980354,48.724237],[1.979734,48.724429],[1.979605,48.724283],[1.979145,48.724254],[1.978913,48.724147],[1.97846,48.723846],[1.977863,48.723706],[1.97769,48.723727],[1.97739,48.723692],[1.977142,48.723515],[1.976671,48.723601],[1.976362,48.723781],[1.975758,48.723795],[1.975023,48.723788],[1.974536,48.723458],[1.974448,48.723262],[1.974524,48.723194],[1.974417,48.722999],[1.974073,48.722727],[1.974078,48.722504],[1.974185,48.722452],[1.973895,48.722217],[1.97355,48.72184],[1.973331,48.721707],[1.972728,48.72162],[1.972435,48.721529],[1.972173,48.721374],[1.971752,48.721081],[1.971445,48.720806],[1.969786,48.721368],[1.969546,48.722473],[1.968391,48.72266],[1.968504,48.7232],[1.968695,48.723193],[1.968828,48.723248],[1.968936,48.723392],[1.968864,48.723599],[1.968767,48.723679],[1.968072,48.72388],[1.967406,48.724578],[1.966992,48.724923],[1.966721,48.725122],[1.96572,48.725475],[1.965312,48.725526],[1.96493,48.725539],[1.964528,48.725493],[1.963895,48.725336],[1.963398,48.725181],[1.963537,48.725349],[1.963829,48.725781],[1.964183,48.726273],[1.964445,48.726684],[1.964637,48.727018],[1.964723,48.727278],[1.964756,48.727518],[1.964716,48.728359],[1.96466,48.729068],[1.964748,48.729795],[1.964827,48.730238],[1.964943,48.731062],[1.964976,48.731461],[1.964977,48.731904],[1.964919,48.732629],[1.964859,48.732943],[1.964617,48.733985],[1.964595,48.734214],[1.962411,48.735051],[1.958042,48.736651],[1.958369,48.737025],[1.958538,48.737175],[1.957527,48.737258],[1.954985,48.736464],[1.953747,48.735884],[1.953218,48.735765],[1.952828,48.735536],[1.952545,48.735143],[1.952256,48.734939],[1.95211,48.73479],[1.951781,48.734317],[1.951624,48.734142],[1.951063,48.733675],[1.951068,48.733459],[1.950854,48.733287],[1.950627,48.733149],[1.949545,48.732815],[1.949109,48.732937],[1.949135,48.733018],[1.948389,48.732982],[1.946599,48.733415],[1.946444,48.733603],[1.945083,48.734264],[1.944777,48.734036],[1.943321,48.73439],[1.942932,48.734789],[1.942587,48.734915],[1.942128,48.735239],[1.942124,48.735438],[1.942022,48.735557],[1.941663,48.736085],[1.941558,48.736381],[1.941419,48.736595],[1.94109,48.736728],[1.940324,48.73642],[1.939737,48.736386],[1.939491,48.736192],[1.939101,48.736432],[1.93831,48.736736],[1.937096,48.737276],[1.93678,48.737348],[1.93586,48.737308],[1.935537,48.737359],[1.935224,48.737521],[1.934943,48.737755],[1.934756,48.737974],[1.934687,48.738135],[1.934563,48.738775],[1.934369,48.739057],[1.933901,48.739374],[1.933198,48.739755],[1.932847,48.74011],[1.932049,48.74015],[1.931959,48.740342],[1.932254,48.74035],[1.932238,48.741021],[1.932279,48.74121],[1.9326,48.741728],[1.932349,48.741834],[1.932594,48.742045],[1.933047,48.742333],[1.933639,48.742643],[1.934184,48.742881],[1.934417,48.742942],[1.934542,48.743073],[1.934554,48.743698],[1.934643,48.743927],[1.934866,48.744135],[1.934441,48.744285],[1.934831,48.744782],[1.934156,48.745164],[1.934368,48.745444],[1.934654,48.745464],[1.934894,48.74569],[1.935017,48.745665],[1.935149,48.745855],[1.935421,48.745893],[1.935538,48.746176],[1.935993,48.746077],[1.936185,48.74659],[1.93555,48.74667],[1.936488,48.7475],[1.936989,48.748149],[1.937942,48.747816],[1.938876,48.747507],[1.939969,48.747049],[1.940287,48.746997],[1.944105,48.74685],[1.947449,48.751],[1.947812,48.750842],[1.948149,48.750641],[1.948378,48.750468],[1.949439,48.749321],[1.95095,48.747722],[1.951485,48.747224],[1.951594,48.747091],[1.951866,48.746927],[1.952215,48.746844],[1.952412,48.746767],[1.953829,48.746133],[1.954704,48.746886],[1.954827,48.747022],[1.955913,48.748004],[1.956902,48.748889],[1.95721,48.749185],[1.957731,48.748956],[1.959352,48.748042],[1.960796,48.749085],[1.960408,48.749571],[1.960177,48.749761],[1.959654,48.750044],[1.959442,48.750327],[1.959872,48.750592],[1.959131,48.751155],[1.958483,48.7516],[1.958253,48.751812],[1.957654,48.75222],[1.956873,48.752627],[1.955749,48.752945],[1.955698,48.75302],[1.955835,48.753782],[1.95605,48.754681],[1.956212,48.755539],[1.956766,48.755933],[1.956951,48.756175],[1.956994,48.756367],[1.957082,48.756961],[1.958749,48.755909],[1.958967,48.755941],[1.959554,48.756285],[1.959891,48.756501],[1.960136,48.756626],[1.960561,48.756777],[1.961509,48.756923],[1.961888,48.756959],[1.962321,48.756942],[1.964229,48.756732],[1.96584,48.756285],[1.965863,48.756564],[1.96612,48.756556],[1.966337,48.756657],[1.966678,48.756579],[1.966729,48.756786],[1.967062,48.75686],[1.967575,48.756594],[1.967802,48.756002],[1.967993,48.756029]]]}"
9,78165,Les Clayes-sous-Bois,"48.817,1.984","{""type"":""Polygon"",""coordinates"":[[[1.970019,48.834746],[1.971211,48.834828],[1.972108,48.834859],[1.972774,48.834814],[1.974994,48.834438],[1.975825,48.834285],[1.977195,48.833989],[1.977694,48.833897],[1.97801,48.833859],[1.97997,48.833739],[1.98142,48.833634],[1.982802,48.833511],[1.983635,48.83343],[1.983624,48.832801],[1.983807,48.832774],[1.984665,48.832388],[1.985792,48.831869],[1.986813,48.831442],[1.987503,48.831136],[1.987962,48.830968],[1.99096,48.830167],[1.991134,48.830053],[1.994464,48.829002],[1.994261,48.828866],[1.993922,48.828793],[1.993496,48.828641],[1.996091,48.827318],[1.998418,48.826833],[1.998249,48.826633],[1.998022,48.826244],[1.997713,48.825756],[1.99725,48.824973],[1.997126,48.824889],[1.996637,48.824036],[1.995876,48.822919],[1.99552,48.822425],[1.995118,48.821935],[1.994656,48.821324],[1.99653,48.820711],[1.99708,48.820587],[1.999531,48.819954],[1.998864,48.818739],[1.998645,48.818322],[1.999761,48.818041],[1.999834,48.817879],[1.998928,48.816354],[2.0003,48.816159],[2.000335,48.815601],[2.000239,48.814739],[2.000219,48.814006],[2.000293,48.813822],[1.998235,48.813278],[1.997983,48.813246],[1.997498,48.813116],[1.997117,48.81305],[1.996949,48.81299],[1.996771,48.812514],[1.996167,48.810554],[1.995764,48.809069],[1.995359,48.807799],[1.995062,48.806925],[1.995071,48.806658],[1.995021,48.806469],[1.994895,48.806292],[1.994764,48.805953],[1.994421,48.804842],[1.993911,48.803229],[1.99328,48.801074],[1.993211,48.800977],[1.993005,48.800323],[1.992919,48.79998],[1.993231,48.799764],[1.994394,48.799119],[1.992972,48.79878],[1.992345,48.79881],[1.991311,48.798916],[1.990791,48.798984],[1.99005,48.799154],[1.988856,48.799285],[1.986482,48.799687],[1.986461,48.80049],[1.986672,48.800497],[1.986543,48.800758],[1.986385,48.801149],[1.986223,48.801643],[1.986132,48.80201],[1.985962,48.802113],[1.986187,48.802365],[1.986263,48.802594],[1.986182,48.802707],[1.985844,48.802935],[1.985523,48.803083],[1.984891,48.803518],[1.984799,48.803551],[1.984486,48.803895],[1.984041,48.804575],[1.983928,48.804638],[1.983296,48.804698],[1.982852,48.804704],[1.982502,48.804775],[1.982175,48.804891],[1.981932,48.80492],[1.981764,48.805051],[1.980925,48.805984],[1.98071,48.80625],[1.980404,48.806536],[1.980184,48.806778],[1.979654,48.80729],[1.979392,48.807569],[1.979119,48.807528],[1.977917,48.808194],[1.977263,48.808597],[1.976434,48.809067],[1.976215,48.809167],[1.975919,48.809251],[1.975695,48.809285],[1.975289,48.809299],[1.97567,48.810362],[1.975223,48.810307],[1.974576,48.810121],[1.973416,48.809823],[1.973387,48.810218],[1.973495,48.810678],[1.973955,48.81164],[1.974509,48.812552],[1.973879,48.812806],[1.973364,48.813029],[1.973054,48.813186],[1.971947,48.813936],[1.97175,48.814124],[1.971615,48.814164],[1.971584,48.814393],[1.971952,48.814405],[1.972587,48.814493],[1.973538,48.814611],[1.973679,48.814736],[1.973565,48.814855],[1.973285,48.815043],[1.972866,48.815281],[1.972517,48.815571],[1.972145,48.815953],[1.972015,48.816029],[1.971492,48.816653],[1.970789,48.816753],[1.970435,48.816783],[1.970193,48.816849],[1.969592,48.817134],[1.969543,48.817188],[1.969688,48.817326],[1.969483,48.817546],[1.969163,48.818035],[1.968869,48.818374],[1.968672,48.818666],[1.968502,48.819076],[1.968133,48.819578],[1.967922,48.819779],[1.967253,48.82052],[1.966987,48.820741],[1.966659,48.821597],[1.966606,48.822581],[1.966742,48.822949],[1.96716,48.823907],[1.967492,48.825197],[1.967695,48.825649],[1.967876,48.825996],[1.968139,48.826416],[1.96853,48.827194],[1.968626,48.827357],[1.968777,48.827918],[1.969085,48.828961],[1.96921,48.82944],[1.969335,48.830002],[1.969481,48.830905],[1.969868,48.833756],[1.970019,48.834746]]]}"
10,78356,Magny-les-Hameaux,"48.738,2.049","{""type"":""Polygon"",""coordinates"":[[[2.106087,48.719417],[2.106251,48.718894],[2.105536,48.716581],[2.105317,48.716433],[2.104111,48.715752],[2.103806,48.715402],[2.103792,48.714825],[2.103558,48.714695],[2.103365,48.714703],[2.101502,48.715009],[2.100971,48.715121],[2.100303,48.715307],[2.099893,48.715454],[2.099483,48.715623],[2.098962,48.715879],[2.098599,48.716089],[2.097792,48.716517],[2.096676,48.717125],[2.096214,48.717346],[2.095768,48.717538],[2.094511,48.717996],[2.09085,48.719311],[2.090238,48.7195],[2.089936,48.71957],[2.088677,48.719827],[2.088264,48.719889],[2.087528,48.72007],[2.086582,48.72028],[2.086049,48.72045],[2.085812,48.720557],[2.085359,48.720805],[2.08336,48.721317],[2.082712,48.720814],[2.080082,48.718661],[2.079394,48.718108],[2.078359,48.717373],[2.077181,48.716546],[2.076834,48.716291],[2.076694,48.716131],[2.075729,48.715178],[2.075366,48.714945],[2.074337,48.714493],[2.073881,48.714233],[2.07349,48.713973],[2.073385,48.713946],[2.07315,48.713997],[2.073072,48.714113],[2.073006,48.714504],[2.072831,48.715277],[2.072825,48.715462],[2.072887,48.715884],[2.072876,48.716165],[2.072791,48.716327],[2.072571,48.716852],[2.072369,48.717401],[2.072359,48.717506],[2.072458,48.717704],[2.072679,48.717915],[2.072732,48.718046],[2.072751,48.718274],[2.072563,48.718661],[2.07243,48.719034],[2.07219,48.719591],[2.071748,48.720154],[2.071627,48.720391],[2.07154,48.720709],[2.071367,48.720939],[2.071368,48.721033],[2.071561,48.721561],[2.071697,48.722259],[2.071859,48.722628],[2.072415,48.723399],[2.072635,48.72365],[2.073006,48.724023],[2.072374,48.724376],[2.072244,48.724464],[2.070333,48.725282],[2.070505,48.725461],[2.07007,48.725768],[2.069456,48.726177],[2.068539,48.72673],[2.068272,48.726874],[2.067674,48.727146],[2.066797,48.727482],[2.066612,48.727566],[2.065756,48.728061],[2.065437,48.728257],[2.065157,48.728464],[2.065028,48.728611],[2.064034,48.72803],[2.063558,48.728389],[2.062837,48.728721],[2.062304,48.728878],[2.061629,48.728954],[2.061581,48.729017],[2.061863,48.729189],[2.061432,48.729206],[2.061534,48.729478],[2.061646,48.730211],[2.061731,48.73048],[2.061747,48.730664],[2.06147,48.730806],[2.061741,48.730998],[2.060382,48.731794],[2.059838,48.731703],[2.059417,48.731666],[2.058031,48.731915],[2.058263,48.732587],[2.055836,48.732912],[2.053409,48.732128],[2.048846,48.731634],[2.04741,48.731131],[2.046741,48.731512],[2.04647,48.730985],[2.046335,48.731245],[2.046288,48.731418],[2.046155,48.731659],[2.045641,48.732389],[2.045422,48.732635],[2.045241,48.732792],[2.044291,48.732537],[2.043815,48.732375],[2.043513,48.732244],[2.042826,48.732029],[2.042277,48.731823],[2.041522,48.731602],[2.041089,48.731502],[2.040638,48.731372],[2.040069,48.731282],[2.039718,48.731285],[2.039418,48.731317],[2.03907,48.731321],[2.037956,48.73118],[2.037294,48.731162],[2.036836,48.731179],[2.036296,48.731236],[2.035881,48.731397],[2.035635,48.731545],[2.03513,48.731894],[2.034844,48.732032],[2.034405,48.732343],[2.032821,48.733387],[2.032179,48.733836],[2.031399,48.734245],[2.029303,48.735421],[2.028024,48.736831],[2.027683,48.736668],[2.027163,48.737237],[2.026318,48.738204],[2.025373,48.737826],[2.023094,48.739932],[2.022893,48.740058],[2.02271,48.740348],[2.022455,48.740533],[2.022044,48.740619],[2.021965,48.740734],[2.021835,48.740801],[2.021305,48.740923],[2.020533,48.741254],[2.02015,48.741437],[2.019709,48.741759],[2.019579,48.741932],[2.019203,48.741477],[2.01918,48.741415],[2.018632,48.740928],[2.018603,48.740881],[2.01776,48.742535],[2.014438,48.743693],[2.014137,48.743335],[2.012279,48.744239],[2.01205,48.744401],[2.011767,48.744959],[2.010954,48.745374],[2.010479,48.745592],[2.010154,48.745673],[2.009603,48.745714],[2.008999,48.745694],[2.007913,48.745741],[2.006855,48.746391],[2.005879,48.746969],[2.005432,48.747051],[2.005024,48.747096],[2.004439,48.747017],[2.003923,48.746893],[2.003242,48.746678],[2.000482,48.747102],[2.000298,48.747139],[1.999516,48.747223],[1.998689,48.747295],[1.997455,48.747359],[1.996931,48.747398],[1.996687,48.74747],[1.995802,48.747804],[1.9952,48.747931],[1.994688,48.747979],[1.994219,48.748003],[1.993437,48.747994],[1.99292,48.747949],[1.992525,48.747896],[1.992548,48.74842],[1.992758,48.748615],[1.992922,48.748695],[1.993619,48.748892],[1.99397,48.74903],[1.994358,48.749222],[1.994587,48.74952],[1.995621,48.751201],[1.995871,48.75157],[1.996615,48.752797],[2.00229,48.756487],[2.005125,48.758334],[2.007964,48.760179],[2.010297,48.761729],[2.010773,48.761697],[2.010883,48.76184],[2.011127,48.761939],[2.011372,48.761732],[2.011384,48.761542],[2.011518,48.761372],[2.012439,48.760777],[2.012385,48.760606],[2.01267,48.760515],[2.013581,48.760558],[2.014314,48.760394],[2.015061,48.760204],[2.016121,48.760049],[2.017095,48.759534],[2.017558,48.759443],[2.018256,48.759408],[2.018875,48.759434],[2.019391,48.759399],[2.019713,48.75934],[2.019995,48.759251],[2.020497,48.759044],[2.020897,48.758848],[2.021322,48.758583],[2.021655,48.757757],[2.021726,48.757632],[2.022228,48.757264],[2.023016,48.756587],[2.023386,48.75633],[2.023842,48.75621],[2.024692,48.756096],[2.025403,48.75598],[2.025681,48.755893],[2.025992,48.755849],[2.027155,48.755822],[2.027862,48.755878],[2.028422,48.755961],[2.028962,48.756026],[2.02998,48.756075],[2.030573,48.756009],[2.031159,48.755867],[2.031418,48.755738],[2.031706,48.755656],[2.032109,48.755473],[2.032754,48.755033],[2.033203,48.754817],[2.033913,48.754763],[2.034881,48.754648],[2.036725,48.754231],[2.037279,48.753996],[2.037489,48.753856],[2.038004,48.754119],[2.038291,48.754227],[2.038512,48.754257],[2.038727,48.754237],[2.039861,48.75405],[2.0402,48.754042],[2.040527,48.754069],[2.040866,48.754137],[2.040737,48.753846],[2.040499,48.753475],[2.041388,48.753221],[2.041354,48.751994],[2.04137,48.751802],[2.041627,48.75153],[2.041727,48.75133],[2.041778,48.751123],[2.041812,48.75078],[2.042062,48.75047],[2.043031,48.750239],[2.044813,48.750183],[2.044953,48.751495],[2.049075,48.751156],[2.049675,48.752211],[2.050761,48.752124],[2.050783,48.752194],[2.051387,48.752296],[2.053759,48.752563],[2.054174,48.752626],[2.054919,48.752452],[2.056103,48.752327],[2.056646,48.752244],[2.057678,48.752173],[2.057447,48.751785],[2.057887,48.751619],[2.059364,48.751343],[2.060076,48.751132],[2.06049,48.750978],[2.060611,48.750955],[2.061386,48.751937],[2.061711,48.752364],[2.061803,48.75252],[2.061892,48.752872],[2.062388,48.752723],[2.063687,48.752371],[2.064075,48.753014],[2.064614,48.753863],[2.065937,48.753439],[2.066889,48.754676],[2.06844,48.756711],[2.069374,48.756479],[2.070786,48.756107],[2.071634,48.755949],[2.073545,48.755511],[2.077964,48.754008],[2.077993,48.75391],[2.078495,48.753968],[2.080051,48.751956],[2.080962,48.751145],[2.082967,48.749996],[2.082891,48.749921],[2.082968,48.749837],[2.084688,48.748868],[2.085188,48.748523],[2.086166,48.747725],[2.086384,48.747557],[2.086343,48.747415],[2.086,48.747216],[2.085549,48.746688],[2.085491,48.746511],[2.086274,48.74618],[2.087684,48.745563],[2.087901,48.745412],[2.087799,48.745286],[2.086941,48.744572],[2.086576,48.744214],[2.087123,48.744054],[2.086963,48.743765],[2.086821,48.743441],[2.08671,48.742993],[2.086625,48.74244],[2.086639,48.742025],[2.087004,48.740992],[2.086645,48.741198],[2.086569,48.741266],[2.085612,48.74125],[2.085609,48.740548],[2.085587,48.740349],[2.085477,48.740322],[2.084515,48.740215],[2.083712,48.74011],[2.08357,48.739728],[2.083513,48.739643],[2.083216,48.739549],[2.082947,48.739495],[2.082241,48.73939],[2.081902,48.739292],[2.081755,48.739149],[2.082249,48.73867],[2.082442,48.738396],[2.083759,48.73787],[2.084201,48.737325],[2.084479,48.737208],[2.08448,48.73701],[2.084228,48.736491],[2.084375,48.736394],[2.084356,48.736253],[2.084219,48.736203],[2.08431,48.736062],[2.084251,48.735941],[2.084369,48.73587],[2.084581,48.735904],[2.084579,48.735767],[2.084784,48.735707],[2.08543,48.735181],[2.085574,48.735003],[2.086376,48.734589],[2.086562,48.734417],[2.085933,48.734175],[2.085365,48.733999],[2.08473,48.733769],[2.084372,48.733611],[2.084123,48.733454],[2.08382,48.733313],[2.083243,48.732973],[2.082773,48.732627],[2.082357,48.732396],[2.081849,48.731804],[2.081552,48.731476],[2.081605,48.731382],[2.081961,48.73118],[2.081989,48.73106],[2.081507,48.730601],[2.081397,48.730393],[2.081199,48.730187],[2.081359,48.730044],[2.081493,48.730061],[2.082289,48.729532],[2.084385,48.728236],[2.084633,48.728214],[2.0852,48.728108],[2.085686,48.728062],[2.086695,48.728178],[2.087607,48.728352],[2.089763,48.727788],[2.090056,48.727617],[2.090685,48.727504],[2.090972,48.727542],[2.091539,48.727492],[2.091769,48.727455],[2.0923,48.727278],[2.092375,48.727372],[2.093105,48.727248],[2.093424,48.726951],[2.093449,48.727015],[2.093989,48.726945],[2.094265,48.726708],[2.093999,48.726518],[2.093754,48.726432],[2.093701,48.726343],[2.093154,48.726015],[2.093429,48.725798],[2.093489,48.725585],[2.093597,48.725474],[2.093625,48.725352],[2.093913,48.725101],[2.09415,48.724979],[2.094406,48.724797],[2.094773,48.724609],[2.095586,48.724351],[2.096146,48.724272],[2.09637,48.72436],[2.09788,48.724508],[2.098252,48.724497],[2.098619,48.724426],[2.098935,48.724323],[2.099773,48.72415],[2.101413,48.723572],[2.102446,48.723287],[2.103134,48.723078],[2.103756,48.722919],[2.104175,48.722732],[2.104364,48.722466],[2.104511,48.722142],[2.104377,48.721883],[2.104596,48.721688],[2.105043,48.721161],[2.105172,48.72093],[2.105092,48.72061],[2.105072,48.720362],[2.105106,48.720176],[2.105615,48.719694],[2.106087,48.719417]]]}"
11,78383,Maurepas,"48.771,1.925","{""type"":""Polygon"",""coordinates"":[[[1.901126,48.768119],[1.90067,48.768508],[1.90033,48.768944],[1.900141,48.769418],[1.899914,48.769791],[1.899497,48.770336],[1.899205,48.770641],[1.8987,48.771021],[1.898464,48.77122],[1.898125,48.771462],[1.89755,48.77193],[1.897356,48.772173],[1.897266,48.772349],[1.897152,48.772711],[1.897137,48.773056],[1.897169,48.773334],[1.897396,48.774072],[1.897575,48.774589],[1.897655,48.774989],[1.897647,48.775243],[1.897503,48.77575],[1.897382,48.776021],[1.897037,48.776571],[1.896364,48.777555],[1.896006,48.777892],[1.895019,48.778677],[1.894805,48.778832],[1.895801,48.780153],[1.897248,48.780213],[1.898337,48.780229],[1.898922,48.780213],[1.899929,48.780222],[1.90137,48.78025],[1.903599,48.780322],[1.903645,48.780804],[1.903717,48.780897],[1.903939,48.781056],[1.904912,48.781853],[1.906199,48.78293],[1.907874,48.784286],[1.90885,48.785094],[1.909397,48.785535],[1.909407,48.785655],[1.909649,48.785657],[1.910751,48.78557],[1.911132,48.78552],[1.911411,48.785453],[1.911906,48.785282],[1.912194,48.78515],[1.913487,48.784588],[1.914566,48.784158],[1.915028,48.78402],[1.915481,48.783994],[1.917165,48.783927],[1.917097,48.783306],[1.917139,48.783012],[1.917316,48.782775],[1.917782,48.78246],[1.918284,48.781948],[1.918526,48.781728],[1.918754,48.781579],[1.919094,48.781397],[1.91966,48.781191],[1.920003,48.781013],[1.92048,48.78046],[1.920811,48.779997],[1.921014,48.779759],[1.921356,48.77928],[1.92169,48.778755],[1.921733,48.778855],[1.921954,48.778985],[1.922346,48.779118],[1.922547,48.779235],[1.922585,48.779617],[1.922738,48.779878],[1.922937,48.779991],[1.92342,48.780066],[1.923548,48.780125],[1.924132,48.780775],[1.924353,48.780953],[1.924603,48.781074],[1.924865,48.78125],[1.924961,48.781816],[1.926158,48.782001],[1.926465,48.782082],[1.927371,48.78226],[1.927799,48.782389],[1.927664,48.782549],[1.927821,48.782735],[1.927952,48.782753],[1.928927,48.783083],[1.929404,48.782863],[1.929804,48.782972],[1.930285,48.783168],[1.93057,48.783208],[1.931063,48.783241],[1.931497,48.783208],[1.932032,48.78312],[1.932452,48.782983],[1.932991,48.782836],[1.933204,48.782753],[1.933552,48.782527],[1.933685,48.78228],[1.93377,48.781865],[1.933776,48.78172],[1.933879,48.781319],[1.93402,48.780888],[1.934565,48.78073],[1.935029,48.780628],[1.935336,48.780477],[1.936035,48.779988],[1.936668,48.779589],[1.937258,48.779177],[1.937892,48.77872],[1.938312,48.77851],[1.93851,48.778366],[1.93878,48.77812],[1.938828,48.777923],[1.939124,48.777408],[1.939261,48.777216],[1.939616,48.776559],[1.939699,48.776326],[1.939794,48.776172],[1.93982,48.77602],[1.939751,48.775771],[1.939614,48.775408],[1.939115,48.775317],[1.93909,48.775137],[1.939305,48.774985],[1.939401,48.774769],[1.939889,48.774698],[1.939958,48.774788],[1.940251,48.774869],[1.940532,48.77423],[1.94064,48.774123],[1.941878,48.773463],[1.942054,48.773314],[1.94223,48.773223],[1.942012,48.773152],[1.942081,48.773072],[1.941563,48.772954],[1.941211,48.772674],[1.941425,48.77259],[1.942354,48.772165],[1.942665,48.771992],[1.942993,48.771722],[1.943536,48.771444],[1.944079,48.77094],[1.944271,48.770696],[1.944705,48.77064],[1.945671,48.770375],[1.945467,48.77014],[1.947342,48.769287],[1.94677,48.768776],[1.94648,48.768392],[1.946184,48.768057],[1.946497,48.767944],[1.946306,48.76789],[1.94623,48.767763],[1.946016,48.767642],[1.946447,48.767434],[1.946121,48.767083],[1.945916,48.767173],[1.945256,48.766676],[1.945169,48.766503],[1.945022,48.766369],[1.944815,48.766067],[1.945033,48.766057],[1.945116,48.766129],[1.945774,48.766112],[1.946081,48.765935],[1.946484,48.765863],[1.94816,48.765636],[1.948432,48.765475],[1.948703,48.765672],[1.948746,48.765574],[1.94903,48.765457],[1.949553,48.76543],[1.952551,48.765117],[1.954101,48.764901],[1.954727,48.764722],[1.955235,48.764538],[1.954365,48.763554],[1.954683,48.763465],[1.954366,48.762914],[1.953835,48.762114],[1.953432,48.761489],[1.953526,48.761452],[1.953463,48.761263],[1.953504,48.761104],[1.953147,48.761077],[1.951886,48.75981],[1.952158,48.759494],[1.949042,48.758867],[1.946782,48.758404],[1.944896,48.757991],[1.942913,48.757567],[1.941909,48.757331],[1.940836,48.756969],[1.940533,48.756855],[1.940199,48.756697],[1.939725,48.756993],[1.939566,48.757048],[1.939045,48.757283],[1.938074,48.757853],[1.937564,48.758166],[1.936415,48.758762],[1.935156,48.759393],[1.933888,48.759963],[1.933072,48.760308],[1.932633,48.76047],[1.931051,48.758888],[1.929136,48.756836],[1.918372,48.757582],[1.916078,48.757741],[1.916013,48.75781],[1.915048,48.758674],[1.914647,48.75902],[1.913223,48.760341],[1.912309,48.761151],[1.911485,48.761814],[1.911019,48.762278],[1.909387,48.763615],[1.909247,48.763854],[1.908572,48.764395],[1.908371,48.764578],[1.90738,48.765424],[1.907235,48.765618],[1.904678,48.766555],[1.904004,48.766831],[1.903081,48.767304],[1.902203,48.767694],[1.901335,48.767977],[1.901126,48.768119]]]}"
12,78423,Montigny-le-Bretonneux,"48.778,2.025","{""type"":""Polygon"",""coordinates"":[[[2.050119,48.798328],[2.050602,48.798259],[2.053048,48.797972],[2.052663,48.796628],[2.052841,48.795868],[2.053211,48.794395],[2.052132,48.79166],[2.051683,48.790771],[2.050981,48.790423],[2.048446,48.78905],[2.048622,48.7889],[2.049711,48.787879],[2.050022,48.787281],[2.049527,48.787021],[2.048645,48.786579],[2.047135,48.785852],[2.046411,48.785496],[2.04675,48.785173],[2.048007,48.784068],[2.048325,48.783795],[2.047534,48.783429],[2.046784,48.783062],[2.046788,48.782789],[2.046562,48.781851],[2.046472,48.781749],[2.043311,48.78017],[2.04459,48.779008],[2.046415,48.777422],[2.046564,48.777267],[2.046663,48.777063],[2.046623,48.776864],[2.04636,48.776432],[2.046084,48.776052],[2.045917,48.775724],[2.045922,48.775469],[2.046134,48.77486],[2.046137,48.774619],[2.046012,48.774389],[2.045755,48.773992],[2.046008,48.773913],[2.047475,48.773501],[2.049697,48.772884],[2.052946,48.771968],[2.054939,48.771415],[2.055312,48.771298],[2.055979,48.771131],[2.055211,48.769963],[2.054879,48.769501],[2.054473,48.769005],[2.054309,48.768705],[2.054111,48.768281],[2.053898,48.767707],[2.05383,48.767576],[2.053382,48.767735],[2.051976,48.768333],[2.050707,48.768855],[2.050511,48.768998],[2.050382,48.769188],[2.049824,48.769419],[2.049419,48.769413],[2.049384,48.769301],[2.048883,48.768762],[2.048157,48.767935],[2.045818,48.765486],[2.044069,48.766209],[2.042892,48.766713],[2.042433,48.766226],[2.042036,48.766384],[2.041677,48.765991],[2.040927,48.765201],[2.040538,48.765394],[2.0399,48.764808],[2.040394,48.764587],[2.039832,48.763961],[2.039097,48.76409],[2.037574,48.761643],[2.03588,48.761761],[2.034973,48.761801],[2.034982,48.761698],[2.034888,48.761157],[2.032865,48.761254],[2.032808,48.760856],[2.032672,48.760579],[2.03006,48.76073],[2.029404,48.760815],[2.029197,48.760564],[2.028817,48.760246],[2.028367,48.759917],[2.028284,48.760146],[2.027691,48.760169],[2.027168,48.760203],[2.027094,48.759537],[2.026926,48.759166],[2.026863,48.75895],[2.026635,48.758719],[2.025851,48.757547],[2.025655,48.755957],[2.025681,48.755893],[2.025403,48.75598],[2.024692,48.756096],[2.023842,48.75621],[2.023386,48.75633],[2.023016,48.756587],[2.022228,48.757264],[2.021726,48.757632],[2.021655,48.757757],[2.021322,48.758583],[2.020897,48.758848],[2.020497,48.759044],[2.019995,48.759251],[2.019713,48.75934],[2.019391,48.759399],[2.018875,48.759434],[2.018256,48.759408],[2.017558,48.759443],[2.017095,48.759534],[2.016121,48.760049],[2.015061,48.760204],[2.014314,48.760394],[2.013581,48.760558],[2.01267,48.760515],[2.012385,48.760606],[2.012439,48.760777],[2.011518,48.761372],[2.011384,48.761542],[2.011372,48.761732],[2.011127,48.761939],[2.010713,48.762111],[2.009793,48.762732],[2.009236,48.762898],[2.00722,48.763572],[2.007989,48.764733],[2.008423,48.765802],[2.008174,48.765934],[2.00765,48.766143],[2.00733,48.76629],[2.007675,48.766783],[2.007273,48.766944],[2.006949,48.767105],[2.008691,48.768681],[2.009038,48.768751],[2.009633,48.768972],[2.010341,48.769354],[2.014534,48.771595],[2.014,48.77175],[2.01327,48.771941],[2.012826,48.772035],[2.012515,48.772156],[2.012792,48.772284],[2.013206,48.772549],[2.013473,48.772784],[2.013802,48.773112],[2.013558,48.773291],[2.010881,48.775503],[2.015386,48.776835],[2.016431,48.777215],[2.017418,48.777563],[2.018561,48.777923],[2.019284,48.778116],[2.020311,48.778375],[2.021294,48.778646],[2.023949,48.779348],[2.023834,48.779579],[2.023697,48.779933],[2.022601,48.781605],[2.022108,48.783019],[2.022653,48.78311],[2.024133,48.783614],[2.019211,48.790634],[2.018034,48.790764],[2.017127,48.790912],[2.016794,48.790899],[2.016154,48.790817],[2.013941,48.790692],[2.013666,48.790687],[2.013443,48.790633],[2.012792,48.790386],[2.012233,48.790213],[2.012036,48.790221],[2.011346,48.790318],[2.010464,48.790397],[2.010272,48.790455],[2.010095,48.7906],[2.009344,48.791314],[2.009025,48.791637],[2.008519,48.792095],[2.007964,48.792682],[2.007636,48.792955],[2.007287,48.79335],[2.006862,48.793752],[2.006653,48.793888],[2.006302,48.793926],[2.005438,48.793994],[2.004492,48.794043],[2.003069,48.79415],[2.002295,48.79423],[1.999169,48.794382],[1.998815,48.794417],[1.998886,48.794842],[1.999281,48.79709],[1.999342,48.797403],[1.998253,48.797312],[1.997995,48.797329],[1.997715,48.797433],[1.995542,48.798686],[1.994394,48.799119],[1.994546,48.799221],[1.995263,48.799222],[1.998797,48.798905],[2.001386,48.798519],[2.007014,48.798061],[2.012524,48.797631],[2.015189,48.797411],[2.015772,48.797378],[2.015879,48.797426],[2.016762,48.797353],[2.018757,48.797169],[2.019693,48.797076],[2.02134,48.796934],[2.022651,48.796839],[2.023104,48.796821],[2.023117,48.796927],[2.02574,48.79683],[2.02762,48.796736],[2.028436,48.796706],[2.029758,48.796703],[2.031241,48.796757],[2.031528,48.796781],[2.032646,48.796945],[2.03313,48.797041],[2.034168,48.797284],[2.035853,48.797704],[2.037873,48.798131],[2.040393,48.798694],[2.041214,48.798892],[2.041592,48.798972],[2.042319,48.79907],[2.042673,48.799087],[2.043374,48.799091],[2.043827,48.799071],[2.046873,48.798718],[2.048214,48.798535],[2.048896,48.798479],[2.050119,48.798328]]]}"
13,78455,Noisy-le-Roi,"48.847,2.054","{""type"":""Polygon"",""coordinates"":[[[2.059433,48.829385],[2.05797,48.829697],[2.05486,48.830311],[2.053554,48.830557],[2.052808,48.830718],[2.052709,48.830743],[2.053908,48.831809],[2.053063,48.832126],[2.053296,48.832388],[2.053026,48.832398],[2.052785,48.832484],[2.052655,48.832577],[2.052388,48.832836],[2.05223,48.833061],[2.052304,48.833391],[2.052539,48.833812],[2.05289,48.83451],[2.052557,48.8346],[2.053333,48.835971],[2.05343,48.836309],[2.053401,48.836906],[2.052941,48.837039],[2.049854,48.838071],[2.047526,48.83929],[2.04719,48.839021],[2.045183,48.840082],[2.044632,48.83968],[2.043394,48.840387],[2.043851,48.840705],[2.041909,48.842009],[2.041694,48.842997],[2.041205,48.843824],[2.041062,48.844099],[2.040263,48.844068],[2.039656,48.843942],[2.03925,48.843887],[2.038602,48.843705],[2.037861,48.843403],[2.037042,48.84413],[2.035199,48.844627],[2.036254,48.846525],[2.03757,48.848279],[2.038158,48.849045],[2.038552,48.849578],[2.038891,48.849963],[2.039264,48.850341],[2.039985,48.85101],[2.040551,48.851466],[2.040745,48.851644],[2.040745,48.851739],[2.04021,48.85219],[2.040939,48.852525],[2.041412,48.852785],[2.041484,48.852882],[2.041685,48.853602],[2.041919,48.855191],[2.041996,48.855421],[2.041914,48.856036],[2.042084,48.85657],[2.042938,48.857815],[2.04091,48.858464],[2.041731,48.859507],[2.042122,48.859598],[2.041753,48.860043],[2.041343,48.860302],[2.040934,48.860523],[2.041646,48.861792],[2.041708,48.861752],[2.042328,48.861616],[2.042984,48.861495],[2.043641,48.861352],[2.0437,48.862065],[2.043781,48.862441],[2.043835,48.863795],[2.044933,48.863231],[2.045441,48.862948],[2.04678,48.862219],[2.047449,48.861826],[2.048195,48.861436],[2.048888,48.861049],[2.049635,48.860697],[2.050293,48.860316],[2.050681,48.860074],[2.051419,48.859639],[2.052386,48.859179],[2.052734,48.85896],[2.05431,48.858081],[2.055255,48.857573],[2.0568,48.856703],[2.058346,48.855861],[2.059238,48.855362],[2.060141,48.854875],[2.060323,48.85484],[2.060985,48.854812],[2.064627,48.854704],[2.069615,48.854569],[2.068903,48.851877],[2.068842,48.851766],[2.067599,48.847302],[2.067127,48.845645],[2.06717,48.84554],[2.067471,48.845505],[2.067531,48.845382],[2.067408,48.844947],[2.068591,48.844851],[2.068668,48.844825],[2.069345,48.844763],[2.07009,48.84466],[2.071045,48.844552],[2.071742,48.844489],[2.073185,48.844432],[2.073124,48.844247],[2.073227,48.844044],[2.072216,48.843203],[2.072007,48.84294],[2.071464,48.841599],[2.071652,48.841585],[2.072681,48.841584],[2.072634,48.840785],[2.072786,48.840538],[2.07269,48.838923],[2.072649,48.838804],[2.072444,48.838687],[2.07253,48.838537],[2.072248,48.838123],[2.072173,48.836963],[2.071493,48.837086],[2.070982,48.837143],[2.070519,48.836219],[2.069956,48.836332],[2.067877,48.836827],[2.06751,48.836131],[2.067504,48.836073],[2.067029,48.834992],[2.066774,48.835078],[2.066619,48.834737],[2.065581,48.835029],[2.065189,48.83435],[2.064645,48.833187],[2.064469,48.83276],[2.064311,48.832091],[2.063879,48.832107],[2.062879,48.832109],[2.061941,48.832075],[2.060935,48.832019],[2.059382,48.832024],[2.059331,48.831956],[2.05886,48.830595],[2.058843,48.830414],[2.059305,48.83029],[2.059691,48.830237],[2.059433,48.829385]]]}"
14,78490,Plaisir,"48.813,1.948","{""type"":""Polygon"",""coordinates"":[[[1.968695,48.834687],[1.970019,48.834746],[1.969868,48.833756],[1.969481,48.830905],[1.969335,48.830002],[1.96921,48.82944],[1.969085,48.828961],[1.968777,48.827918],[1.968626,48.827357],[1.96853,48.827194],[1.968139,48.826416],[1.967876,48.825996],[1.967695,48.825649],[1.967492,48.825197],[1.96716,48.823907],[1.966742,48.822949],[1.966606,48.822581],[1.966659,48.821597],[1.966987,48.820741],[1.967253,48.82052],[1.967922,48.819779],[1.968133,48.819578],[1.968502,48.819076],[1.968672,48.818666],[1.968869,48.818374],[1.969163,48.818035],[1.969483,48.817546],[1.969688,48.817326],[1.969543,48.817188],[1.969592,48.817134],[1.970193,48.816849],[1.970435,48.816783],[1.970789,48.816753],[1.971492,48.816653],[1.972015,48.816029],[1.972145,48.815953],[1.972517,48.815571],[1.972866,48.815281],[1.973285,48.815043],[1.973565,48.814855],[1.973679,48.814736],[1.973538,48.814611],[1.972587,48.814493],[1.971952,48.814405],[1.971584,48.814393],[1.971615,48.814164],[1.97175,48.814124],[1.971947,48.813936],[1.973054,48.813186],[1.973364,48.813029],[1.973879,48.812806],[1.974509,48.812552],[1.973955,48.81164],[1.973495,48.810678],[1.973387,48.810218],[1.973416,48.809823],[1.974576,48.810121],[1.975223,48.810307],[1.97567,48.810362],[1.975289,48.809299],[1.975695,48.809285],[1.975919,48.809251],[1.976215,48.809167],[1.976434,48.809067],[1.977263,48.808597],[1.977917,48.808194],[1.979119,48.807528],[1.979392,48.807569],[1.979654,48.80729],[1.980184,48.806778],[1.980404,48.806536],[1.98071,48.80625],[1.980925,48.805984],[1.981764,48.805051],[1.981932,48.80492],[1.982175,48.804891],[1.982502,48.804775],[1.982852,48.804704],[1.983296,48.804698],[1.983928,48.804638],[1.984041,48.804575],[1.984486,48.803895],[1.984799,48.803551],[1.984891,48.803518],[1.985523,48.803083],[1.985844,48.802935],[1.986182,48.802707],[1.986263,48.802594],[1.986187,48.802365],[1.985962,48.802113],[1.986132,48.80201],[1.986223,48.801643],[1.986385,48.801149],[1.986543,48.800758],[1.986672,48.800497],[1.986461,48.80049],[1.986482,48.799687],[1.985964,48.799757],[1.985934,48.799646],[1.983027,48.799886],[1.981229,48.800101],[1.97991,48.800226],[1.979168,48.800282],[1.978101,48.800348],[1.976558,48.800418],[1.975514,48.800441],[1.972851,48.800436],[1.971549,48.800392],[1.970146,48.800326],[1.968777,48.800215],[1.967504,48.800073],[1.965851,48.798302],[1.965744,48.79808],[1.965429,48.797668],[1.964659,48.796781],[1.964381,48.796435],[1.963922,48.795912],[1.963584,48.795483],[1.962216,48.79387],[1.961649,48.793152],[1.961385,48.792703],[1.961143,48.792172],[1.96102,48.791954],[1.963206,48.7915],[1.963025,48.791163],[1.962517,48.791239],[1.961983,48.790351],[1.961575,48.790166],[1.961242,48.789575],[1.96031,48.789825],[1.960184,48.789952],[1.960141,48.790182],[1.959903,48.789891],[1.959607,48.789014],[1.958054,48.78871],[1.958188,48.788065],[1.955529,48.788463],[1.955447,48.788642],[1.955199,48.788932],[1.954171,48.789681],[1.953977,48.789788],[1.953316,48.790089],[1.952607,48.789393],[1.952246,48.78909],[1.951347,48.789457],[1.951071,48.789546],[1.950366,48.789839],[1.949775,48.790154],[1.949505,48.790323],[1.949313,48.790342],[1.948731,48.79018],[1.948417,48.79013],[1.948115,48.790127],[1.947317,48.790209],[1.946634,48.790341],[1.946391,48.79042],[1.945866,48.790821],[1.945678,48.790902],[1.945441,48.790944],[1.945153,48.790941],[1.944902,48.79088],[1.944558,48.790856],[1.944215,48.790857],[1.944081,48.790902],[1.943635,48.790963],[1.943275,48.79105],[1.942995,48.791159],[1.942577,48.791371],[1.942142,48.791407],[1.941917,48.791487],[1.941526,48.791576],[1.941408,48.791565],[1.940976,48.791447],[1.940383,48.791361],[1.94021,48.791366],[1.939552,48.79152],[1.93924,48.79151],[1.939108,48.791535],[1.938776,48.791502],[1.938309,48.791598],[1.937468,48.791644],[1.937253,48.791701],[1.936694,48.791796],[1.935924,48.791909],[1.935608,48.791967],[1.935469,48.791909],[1.93528,48.791905],[1.935328,48.79277],[1.935389,48.7941],[1.935444,48.79568],[1.935424,48.797079],[1.93278,48.797192],[1.932296,48.797178],[1.931885,48.797186],[1.929109,48.797311],[1.928559,48.797344],[1.928132,48.797391],[1.927084,48.797538],[1.926504,48.797597],[1.926142,48.797592],[1.925671,48.797526],[1.925461,48.797573],[1.925117,48.797703],[1.92227,48.799037],[1.920947,48.799649],[1.920559,48.799747],[1.920351,48.799847],[1.920372,48.799964],[1.919826,48.800173],[1.917833,48.801105],[1.915326,48.802251],[1.914719,48.802566],[1.916322,48.802929],[1.918819,48.803449],[1.918178,48.803924],[1.91655,48.805149],[1.915872,48.805674],[1.914956,48.806338],[1.914756,48.806464],[1.914553,48.806529],[1.913976,48.806914],[1.914161,48.807023],[1.914474,48.807143],[1.913969,48.807975],[1.913381,48.808896],[1.913482,48.809056],[1.913552,48.809416],[1.913623,48.810487],[1.91379,48.811039],[1.913305,48.811481],[1.912729,48.811883],[1.911835,48.812303],[1.911595,48.812441],[1.911346,48.812683],[1.911014,48.813248],[1.910847,48.813587],[1.910848,48.813838],[1.910886,48.814318],[1.910935,48.814507],[1.910925,48.814731],[1.910859,48.814931],[1.910775,48.815057],[1.910458,48.815425],[1.910024,48.816061],[1.910438,48.816131],[1.914921,48.81682],[1.91474,48.817068],[1.914115,48.817842],[1.9125,48.819798],[1.912312,48.820055],[1.916819,48.819342],[1.917633,48.819221],[1.917642,48.819487],[1.917717,48.820222],[1.91776,48.820401],[1.917808,48.820955],[1.91787,48.821456],[1.917955,48.821799],[1.918282,48.821625],[1.918673,48.821547],[1.919146,48.82152],[1.919857,48.821599],[1.921776,48.826081],[1.922329,48.825715],[1.922992,48.825463],[1.925109,48.824824],[1.926376,48.824457],[1.926775,48.824324],[1.927102,48.824171],[1.927422,48.823966],[1.927609,48.823784],[1.927841,48.823433],[1.928119,48.823072],[1.928235,48.823184],[1.928585,48.823598],[1.929024,48.824066],[1.930072,48.825465],[1.93058,48.826026],[1.931275,48.826725],[1.931775,48.827207],[1.932624,48.828],[1.933139,48.828441],[1.93481,48.829751],[1.93524,48.830341],[1.935489,48.830655],[1.936669,48.832053],[1.936926,48.832392],[1.937028,48.832688],[1.937091,48.83277],[1.937624,48.834723],[1.937744,48.834819],[1.937962,48.834838],[1.938626,48.834801],[1.939184,48.834756],[1.93963,48.834743],[1.940825,48.834736],[1.941356,48.835754],[1.943121,48.835556],[1.943598,48.836476],[1.94375,48.83686],[1.943838,48.837191],[1.943952,48.837752],[1.944092,48.837712],[1.945048,48.837603],[1.946543,48.837397],[1.946652,48.837404],[1.947799,48.837239],[1.950144,48.83669],[1.95129,48.836429],[1.9523,48.836189],[1.953437,48.835887],[1.954138,48.835715],[1.955063,48.835472],[1.955913,48.8352],[1.956202,48.835129],[1.956993,48.834859],[1.957223,48.834836],[1.957296,48.83498],[1.957507,48.83519],[1.957829,48.835711],[1.96029,48.835313],[1.961046,48.835182],[1.96125,48.835205],[1.961335,48.835375],[1.9615,48.835436],[1.964609,48.834967],[1.965734,48.834808],[1.966861,48.834672],[1.967264,48.834651],[1.968695,48.834687]]]}"
15,78518,Rennemoulin,"48.834,2.042","{""type"":""Polygon"",""coordinates"":[[[2.035027,48.825994],[2.034875,48.826193],[2.034571,48.826359],[2.032506,48.827449],[2.032182,48.827629],[2.031748,48.827818],[2.031241,48.828067],[2.030871,48.828322],[2.030912,48.828602],[2.030435,48.829069],[2.030361,48.829258],[2.030577,48.830323],[2.03063,48.83054],[2.030889,48.830964],[2.031003,48.83133],[2.031174,48.831665],[2.03134,48.832063],[2.032099,48.833746],[2.032629,48.835149],[2.03272,48.835357],[2.031891,48.83531],[2.031937,48.83592],[2.03186,48.836582],[2.031805,48.836748],[2.032281,48.836765],[2.033901,48.83686],[2.035025,48.836909],[2.036955,48.836983],[2.036775,48.839613],[2.036191,48.8396],[2.037617,48.840591],[2.038659,48.841396],[2.041694,48.842997],[2.041909,48.842009],[2.043851,48.840705],[2.043394,48.840387],[2.044632,48.83968],[2.045183,48.840082],[2.04719,48.839021],[2.047526,48.83929],[2.049854,48.838071],[2.052941,48.837039],[2.053401,48.836906],[2.05343,48.836309],[2.053333,48.835971],[2.052557,48.8346],[2.05289,48.83451],[2.052539,48.833812],[2.052304,48.833391],[2.05223,48.833061],[2.052388,48.832836],[2.052655,48.832577],[2.052785,48.832484],[2.053026,48.832398],[2.053296,48.832388],[2.053063,48.832126],[2.053908,48.831809],[2.052709,48.830743],[2.052808,48.830718],[2.052293,48.827848],[2.051333,48.826502],[2.048045,48.827372],[2.046628,48.824761],[2.040516,48.826343],[2.037698,48.827028],[2.037149,48.827178],[2.03609,48.826701],[2.03551,48.826301],[2.035027,48.825994]]]}"
16,78545,Saint-Cyr-l'École,"48.806,2.066","{""type"":""Polygon"",""coordinates"":[[[2.050119,48.798328],[2.050499,48.799007],[2.051105,48.800187],[2.051571,48.800996],[2.051644,48.8011],[2.051074,48.801447],[2.049046,48.802793],[2.048375,48.803215],[2.048607,48.803562],[2.049264,48.804021],[2.049564,48.804336],[2.04955,48.804741],[2.050563,48.805568],[2.050982,48.805525],[2.051503,48.805971],[2.052079,48.806387],[2.052454,48.80676],[2.052702,48.807059],[2.053441,48.808169],[2.053676,48.808408],[2.054562,48.809918],[2.05517,48.810634],[2.055319,48.810791],[2.056353,48.811715],[2.058033,48.813192],[2.057442,48.813499],[2.057181,48.813608],[2.057024,48.813621],[2.057977,48.814472],[2.056805,48.815392],[2.057294,48.815845],[2.057586,48.816049],[2.058079,48.816196],[2.060645,48.816906],[2.06139,48.81769],[2.061884,48.817954],[2.062579,48.818421],[2.063236,48.818824],[2.063807,48.819266],[2.064136,48.819245],[2.064371,48.819259],[2.065261,48.819428],[2.068775,48.820272],[2.068872,48.821731],[2.070333,48.822062],[2.070675,48.823013],[2.071704,48.822524],[2.072246,48.822484],[2.072692,48.82239],[2.073323,48.822293],[2.074354,48.822206],[2.074611,48.822121],[2.075111,48.82152],[2.075311,48.821315],[2.075468,48.82121],[2.075916,48.820985],[2.076075,48.820928],[2.077028,48.820486],[2.077651,48.820168],[2.078175,48.819855],[2.078324,48.819623],[2.079144,48.819227],[2.079676,48.818948],[2.080621,48.818786],[2.080803,48.818742],[2.080976,48.818875],[2.08141,48.818769],[2.081959,48.8187],[2.082335,48.818692],[2.083038,48.818761],[2.082583,48.818123],[2.082241,48.817541],[2.082225,48.817356],[2.082054,48.817242],[2.08095,48.816567],[2.079859,48.815909],[2.079432,48.815219],[2.07913,48.814347],[2.078721,48.813223],[2.078341,48.812238],[2.077903,48.810762],[2.077083,48.808463],[2.076283,48.806433],[2.076094,48.805862],[2.07549,48.804239],[2.075039,48.802984],[2.074386,48.801049],[2.074089,48.801047],[2.074076,48.800871],[2.074185,48.800583],[2.073277,48.798496],[2.073198,48.798272],[2.072995,48.797455],[2.07285,48.797018],[2.072618,48.796405],[2.07193,48.794529],[2.071887,48.794341],[2.071699,48.793923],[2.070996,48.792045],[2.070747,48.791334],[2.070588,48.790989],[2.070502,48.790636],[2.070144,48.789869],[2.064851,48.790797],[2.063786,48.791823],[2.063219,48.79196],[2.062625,48.792065],[2.06082,48.79251],[2.058966,48.792949],[2.058981,48.792969],[2.057328,48.793432],[2.056892,48.793517],[2.055157,48.793929],[2.053211,48.794395],[2.052841,48.795868],[2.052663,48.796628],[2.053048,48.797972],[2.050602,48.798259],[2.050119,48.798328]]]}"
17,78575,Saint-Rémy-lès-Chevreuse,"48.704,2.082","{""type"":""Polygon"",""coordinates"":[[[2.097124,48.694259],[2.096228,48.694475],[2.095441,48.694628],[2.094251,48.694844],[2.093932,48.696628],[2.093295,48.696722],[2.091332,48.697084],[2.090986,48.697126],[2.090302,48.698778],[2.089259,48.69855],[2.088283,48.69786],[2.088279,48.697664],[2.088144,48.697396],[2.08793,48.697117],[2.086465,48.696545],[2.086386,48.696355],[2.085682,48.695427],[2.085564,48.695157],[2.085526,48.694572],[2.087025,48.694046],[2.086761,48.693574],[2.086575,48.693311],[2.087133,48.693192],[2.087607,48.693123],[2.087917,48.693113],[2.087728,48.69289],[2.085804,48.690936],[2.085498,48.690599],[2.084996,48.690113],[2.08436,48.689456],[2.084087,48.689137],[2.082003,48.685535],[2.080364,48.685705],[2.080069,48.684793],[2.079439,48.685149],[2.079259,48.685116],[2.078394,48.685725],[2.077711,48.686377],[2.07689,48.687591],[2.076327,48.687811],[2.074668,48.687968],[2.07472,48.688062],[2.074447,48.688102],[2.074341,48.688021],[2.073802,48.688031],[2.072555,48.688226],[2.069502,48.690006],[2.068321,48.690281],[2.067351,48.688959],[2.064191,48.689439],[2.064189,48.689142],[2.064289,48.688876],[2.064488,48.688591],[2.064669,48.688432],[2.065021,48.688219],[2.065723,48.687821],[2.066122,48.687464],[2.066327,48.687203],[2.066473,48.68695],[2.064749,48.686246],[2.064474,48.686652],[2.064152,48.686958],[2.06348,48.687171],[2.062599,48.687417],[2.061702,48.687396],[2.061173,48.686515],[2.055493,48.686426],[2.055139,48.686511],[2.054966,48.686843],[2.055391,48.686801],[2.055479,48.686751],[2.055571,48.686595],[2.055897,48.686702],[2.056155,48.686706],[2.056353,48.686651],[2.05659,48.686733],[2.05709,48.68676],[2.058403,48.687631],[2.05812,48.688252],[2.057916,48.688634],[2.057879,48.688748],[2.057511,48.689371],[2.057366,48.689654],[2.057298,48.689855],[2.057127,48.690101],[2.056887,48.690569],[2.056826,48.690742],[2.055956,48.69228],[2.055804,48.692494],[2.055639,48.692795],[2.055517,48.692959],[2.055439,48.693153],[2.05485,48.694371],[2.054439,48.695113],[2.054033,48.695792],[2.053619,48.696425],[2.053864,48.696873],[2.053893,48.696987],[2.054027,48.697169],[2.053934,48.697405],[2.053991,48.697516],[2.054192,48.697663],[2.054311,48.697697],[2.054422,48.697854],[2.054611,48.69797],[2.054625,48.698071],[2.054886,48.698114],[2.055443,48.698406],[2.055828,48.698651],[2.055799,48.698955],[2.055793,48.699373],[2.055841,48.699619],[2.055979,48.700073],[2.056172,48.700646],[2.056376,48.700855],[2.056426,48.700967],[2.056083,48.701679],[2.055899,48.701902],[2.055624,48.702161],[2.055508,48.702144],[2.055446,48.702377],[2.055462,48.702648],[2.055559,48.70327],[2.055599,48.703799],[2.055564,48.704201],[2.055968,48.704139],[2.056465,48.704216],[2.057093,48.704223],[2.057438,48.704205],[2.057895,48.704126],[2.058241,48.704136],[2.05882,48.704207],[2.059237,48.704286],[2.060169,48.704079],[2.060465,48.704135],[2.060387,48.704521],[2.060653,48.704628],[2.060569,48.704841],[2.060408,48.705925],[2.060311,48.706348],[2.059863,48.706289],[2.059284,48.706282],[2.059305,48.706446],[2.060077,48.706817],[2.060804,48.707273],[2.061026,48.707512],[2.061293,48.707932],[2.06168,48.708283],[2.062276,48.708633],[2.062456,48.70876],[2.062728,48.709051],[2.062946,48.709382],[2.063052,48.709667],[2.063189,48.709927],[2.063325,48.710302],[2.063384,48.712079],[2.063395,48.712606],[2.063381,48.712796],[2.06331,48.713093],[2.063219,48.713247],[2.06276,48.714238],[2.062627,48.714629],[2.062556,48.714963],[2.062484,48.715491],[2.062417,48.715811],[2.06229,48.716189],[2.062128,48.716531],[2.062461,48.716557],[2.064758,48.71658],[2.064511,48.717098],[2.065153,48.7173],[2.066767,48.717695],[2.06791,48.717782],[2.068472,48.717908],[2.068598,48.717961],[2.068546,48.718221],[2.068587,48.718698],[2.068753,48.719103],[2.06965,48.719552],[2.069719,48.719975],[2.06979,48.720847],[2.069928,48.720982],[2.070186,48.721153],[2.070758,48.721675],[2.071044,48.721971],[2.07148,48.722367],[2.071859,48.722628],[2.071697,48.722259],[2.071561,48.721561],[2.071368,48.721033],[2.071367,48.720939],[2.07154,48.720709],[2.071627,48.720391],[2.071748,48.720154],[2.07219,48.719591],[2.07243,48.719034],[2.072563,48.718661],[2.072751,48.718274],[2.072732,48.718046],[2.072679,48.717915],[2.072458,48.717704],[2.072359,48.717506],[2.072369,48.717401],[2.072571,48.716852],[2.072791,48.716327],[2.072876,48.716165],[2.072887,48.715884],[2.072825,48.715462],[2.072831,48.715277],[2.073006,48.714504],[2.073072,48.714113],[2.07315,48.713997],[2.073385,48.713946],[2.07349,48.713973],[2.073881,48.714233],[2.074337,48.714493],[2.075366,48.714945],[2.075729,48.715178],[2.076694,48.716131],[2.076834,48.716291],[2.077181,48.716546],[2.078359,48.717373],[2.079394,48.718108],[2.080082,48.718661],[2.082712,48.720814],[2.08336,48.721317],[2.085359,48.720805],[2.085812,48.720557],[2.086049,48.72045],[2.086582,48.72028],[2.087528,48.72007],[2.088264,48.719889],[2.088677,48.719827],[2.089936,48.71957],[2.090238,48.7195],[2.09085,48.719311],[2.094511,48.717996],[2.095768,48.717538],[2.096214,48.717346],[2.096676,48.717125],[2.097792,48.716517],[2.098599,48.716089],[2.098962,48.715879],[2.099483,48.715623],[2.099893,48.715454],[2.100303,48.715307],[2.100971,48.715121],[2.101502,48.715009],[2.103365,48.714703],[2.103558,48.714695],[2.103792,48.714825],[2.103806,48.715402],[2.104111,48.715752],[2.105317,48.716433],[2.105536,48.716581],[2.10762,48.717758],[2.108527,48.716858],[2.109454,48.716089],[2.109778,48.715905],[2.109736,48.715009],[2.10974,48.714852],[2.110038,48.714836],[2.110339,48.714724],[2.109233,48.71341],[2.108759,48.712876],[2.107781,48.711719],[2.106771,48.710502],[2.10521,48.708734],[2.104071,48.707453],[2.103772,48.707078],[2.102407,48.705509],[2.10231,48.705208],[2.102203,48.705112],[2.102178,48.704986],[2.102089,48.704903],[2.101923,48.704554],[2.101343,48.703711],[2.1012,48.703728],[2.101106,48.703479],[2.100958,48.703176],[2.100774,48.702875],[2.100653,48.702798],[2.099895,48.702465],[2.099266,48.702539],[2.096941,48.702843],[2.096317,48.701185],[2.096021,48.700449],[2.095981,48.700271],[2.096218,48.700192],[2.097533,48.69989],[2.09776,48.699851],[2.098272,48.69972],[2.098183,48.699598],[2.097805,48.698904],[2.097409,48.698238],[2.096826,48.697448],[2.097124,48.694259]]]}"
18,78621,Trappes,"48.774,1.996","{""type"":""Polygon"",""coordinates"":[[[1.986482,48.799687],[1.988856,48.799285],[1.99005,48.799154],[1.990791,48.798984],[1.991311,48.798916],[1.992345,48.79881],[1.992972,48.79878],[1.994394,48.799119],[1.995542,48.798686],[1.997715,48.797433],[1.997995,48.797329],[1.998253,48.797312],[1.999342,48.797403],[1.999281,48.79709],[1.998886,48.794842],[1.998815,48.794417],[1.999169,48.794382],[2.002295,48.79423],[2.003069,48.79415],[2.004492,48.794043],[2.005438,48.793994],[2.006302,48.793926],[2.006653,48.793888],[2.006862,48.793752],[2.007287,48.79335],[2.007636,48.792955],[2.007964,48.792682],[2.008519,48.792095],[2.009025,48.791637],[2.009344,48.791314],[2.010095,48.7906],[2.010272,48.790455],[2.010464,48.790397],[2.011346,48.790318],[2.012036,48.790221],[2.012233,48.790213],[2.012792,48.790386],[2.013443,48.790633],[2.013666,48.790687],[2.013941,48.790692],[2.016154,48.790817],[2.016794,48.790899],[2.017127,48.790912],[2.018034,48.790764],[2.019211,48.790634],[2.024133,48.783614],[2.022653,48.78311],[2.022108,48.783019],[2.022601,48.781605],[2.023697,48.779933],[2.023834,48.779579],[2.023949,48.779348],[2.021294,48.778646],[2.020311,48.778375],[2.019284,48.778116],[2.018561,48.777923],[2.017418,48.777563],[2.016431,48.777215],[2.015386,48.776835],[2.010881,48.775503],[2.013558,48.773291],[2.013802,48.773112],[2.013473,48.772784],[2.013206,48.772549],[2.012792,48.772284],[2.012515,48.772156],[2.012826,48.772035],[2.01327,48.771941],[2.014,48.77175],[2.014534,48.771595],[2.010341,48.769354],[2.009633,48.768972],[2.009038,48.768751],[2.008691,48.768681],[2.006949,48.767105],[2.007273,48.766944],[2.007675,48.766783],[2.00733,48.76629],[2.00765,48.766143],[2.008174,48.765934],[2.008423,48.765802],[2.007989,48.764733],[2.00722,48.763572],[2.009236,48.762898],[2.009793,48.762732],[2.010713,48.762111],[2.011127,48.761939],[2.010883,48.76184],[2.010773,48.761697],[2.010297,48.761729],[2.007964,48.760179],[2.005125,48.758334],[2.00229,48.756487],[1.996615,48.752797],[1.995871,48.75157],[1.995621,48.751201],[1.994587,48.74952],[1.994358,48.749222],[1.99397,48.74903],[1.993619,48.748892],[1.992922,48.748695],[1.992758,48.748615],[1.992548,48.74842],[1.992525,48.747896],[1.991886,48.747834],[1.991869,48.747918],[1.991519,48.747891],[1.991241,48.747903],[1.990914,48.747989],[1.990625,48.748126],[1.989621,48.748671],[1.989432,48.748827],[1.989354,48.748965],[1.989347,48.749113],[1.989235,48.749254],[1.988886,48.749403],[1.988496,48.749605],[1.987954,48.749822],[1.987525,48.749861],[1.987223,48.749933],[1.986649,48.750144],[1.986219,48.750325],[1.985997,48.750582],[1.985774,48.750723],[1.985255,48.751177],[1.985182,48.751384],[1.984832,48.751621],[1.984512,48.751777],[1.984113,48.751934],[1.983421,48.752144],[1.982112,48.752284],[1.981931,48.752313],[1.981354,48.752457],[1.980979,48.752579],[1.980347,48.752756],[1.979829,48.752809],[1.979132,48.752836],[1.978222,48.752767],[1.977824,48.752768],[1.977406,48.752866],[1.976585,48.753012],[1.974185,48.753294],[1.973821,48.753384],[1.973601,48.753648],[1.973514,48.753708],[1.97407,48.754444],[1.975633,48.756353],[1.975829,48.756562],[1.978657,48.760158],[1.979895,48.761744],[1.98022,48.762179],[1.977846,48.762633],[1.97591,48.763184],[1.975162,48.763472],[1.975026,48.76359],[1.973204,48.764272],[1.971004,48.765341],[1.970962,48.76546],[1.970854,48.76554],[1.973247,48.767486],[1.97396,48.768059],[1.974531,48.76855],[1.975231,48.769183],[1.975362,48.769329],[1.976317,48.770535],[1.976542,48.770868],[1.976682,48.771171],[1.976726,48.771334],[1.97712,48.772117],[1.977328,48.772615],[1.977566,48.773113],[1.977565,48.773513],[1.977542,48.77377],[1.977485,48.773836],[1.977068,48.774074],[1.97684,48.774078],[1.976112,48.774422],[1.976235,48.774579],[1.976595,48.775118],[1.975902,48.775388],[1.975362,48.775513],[1.974729,48.775643],[1.974894,48.776196],[1.974751,48.776608],[1.974609,48.776803],[1.974717,48.777127],[1.974581,48.7771],[1.974371,48.777469],[1.974182,48.777666],[1.973819,48.777587],[1.973598,48.777888],[1.973546,48.778044],[1.973621,48.778116],[1.973902,48.77816],[1.973598,48.778457],[1.973221,48.778775],[1.972867,48.779205],[1.972683,48.779583],[1.972654,48.77978],[1.97256,48.779933],[1.972762,48.78156],[1.970858,48.782172],[1.97249,48.783346],[1.97228,48.783495],[1.972194,48.783607],[1.972023,48.783655],[1.970704,48.78411],[1.970387,48.78421],[1.970004,48.784405],[1.969581,48.784677],[1.969817,48.784841],[1.969308,48.785088],[1.968645,48.785505],[1.971448,48.787347],[1.970924,48.787766],[1.972747,48.789232],[1.971639,48.789714],[1.971938,48.790002],[1.973569,48.789513],[1.975435,48.788928],[1.976163,48.789641],[1.976675,48.790128],[1.977418,48.790813],[1.97765,48.791155],[1.977396,48.79158],[1.985203,48.79873],[1.985934,48.799646],[1.985964,48.799757],[1.986482,48.799687]]]}"
19,78646,Versailles,"48.804,2.119","{""type"":""Polygon"",""coordinates"":[[[2.148481,48.828486],[2.148762,48.827728],[2.149019,48.826959],[2.150447,48.823668],[2.150961,48.822608],[2.15147,48.821406],[2.151421,48.821131],[2.151244,48.820702],[2.150786,48.819869],[2.150585,48.819446],[2.150302,48.81875],[2.150747,48.818844],[2.150757,48.818233],[2.15079,48.818051],[2.15088,48.817906],[2.151226,48.817639],[2.151402,48.817284],[2.15164,48.816974],[2.152121,48.816706],[2.152627,48.816463],[2.153239,48.816139],[2.153418,48.816095],[2.154059,48.816124],[2.154304,48.816121],[2.154493,48.816061],[2.155676,48.815419],[2.15691,48.81481],[2.157344,48.814565],[2.158543,48.813961],[2.159861,48.813488],[2.160261,48.813242],[2.160491,48.813075],[2.160907,48.812904],[2.161278,48.812782],[2.161212,48.812474],[2.160658,48.811747],[2.160247,48.811489],[2.159473,48.81095],[2.158845,48.810545],[2.158077,48.810119],[2.158436,48.809893],[2.158306,48.809743],[2.158711,48.809461],[2.158616,48.809376],[2.158856,48.809179],[2.159027,48.808702],[2.158975,48.808512],[2.159276,48.808342],[2.159389,48.808193],[2.159875,48.807874],[2.160175,48.807645],[2.160443,48.807381],[2.161211,48.806492],[2.160925,48.806502],[2.161466,48.80598],[2.161782,48.806125],[2.162052,48.805792],[2.161766,48.805693],[2.162242,48.805211],[2.16261,48.80487],[2.163593,48.804085],[2.163761,48.803973],[2.163151,48.803394],[2.162209,48.802469],[2.161962,48.802244],[2.161251,48.801546],[2.160392,48.800646],[2.159202,48.799433],[2.158833,48.799041],[2.159022,48.798866],[2.159212,48.798627],[2.162004,48.798732],[2.162124,48.798506],[2.163193,48.796937],[2.163646,48.796237],[2.163905,48.794168],[2.164391,48.794007],[2.164713,48.79385],[2.164946,48.793575],[2.165582,48.792973],[2.165992,48.792692],[2.166246,48.792482],[2.166397,48.792305],[2.166802,48.791751],[2.166968,48.791654],[2.167734,48.791364],[2.16812,48.791252],[2.168369,48.791152],[2.168389,48.79103],[2.168256,48.790893],[2.167826,48.790533],[2.167531,48.790179],[2.167461,48.789971],[2.167449,48.789569],[2.167532,48.789333],[2.167783,48.788964],[2.168179,48.788441],[2.168335,48.788181],[2.168226,48.787966],[2.168127,48.787894],[2.167593,48.787729],[2.167411,48.787712],[2.166982,48.787559],[2.166808,48.787455],[2.166684,48.787305],[2.16639,48.787072],[2.166245,48.78702],[2.16542,48.786868],[2.16503,48.786718],[2.164843,48.786567],[2.164431,48.785927],[2.164385,48.785766],[2.164465,48.785518],[2.164456,48.785385],[2.163671,48.784058],[2.163448,48.783765],[2.163061,48.78338],[2.162047,48.782441],[2.161967,48.782278],[2.161273,48.782472],[2.160556,48.782707],[2.159655,48.783059],[2.156537,48.784467],[2.154603,48.785345],[2.154316,48.785495],[2.153814,48.785705],[2.151759,48.786487],[2.151426,48.786748],[2.148333,48.7872],[2.148268,48.787423],[2.147852,48.789021],[2.147747,48.789478],[2.147799,48.789586],[2.147051,48.790285],[2.146776,48.790596],[2.146831,48.79069],[2.146036,48.791391],[2.142612,48.792427],[2.141724,48.79271],[2.140724,48.793014],[2.140529,48.792538],[2.140368,48.792086],[2.139738,48.790388],[2.139254,48.7891],[2.139041,48.788508],[2.138136,48.78905],[2.137493,48.789417],[2.135825,48.790407],[2.135814,48.79014],[2.135758,48.789939],[2.135338,48.789591],[2.13476,48.789073],[2.134258,48.788669],[2.133943,48.788516],[2.133861,48.788224],[2.133756,48.788144],[2.133615,48.78779],[2.133617,48.787731],[2.13329,48.78777],[2.13326,48.787654],[2.132869,48.787796],[2.132549,48.787405],[2.131745,48.786529],[2.131715,48.786482],[2.130362,48.785038],[2.128602,48.783122],[2.127633,48.782388],[2.125797,48.780911],[2.124684,48.780059],[2.124605,48.779902],[2.123729,48.780004],[2.123059,48.780068],[2.12161,48.780224],[2.120167,48.780356],[2.119238,48.780453],[2.118817,48.780486],[2.118473,48.780535],[2.118185,48.78054],[2.117718,48.780616],[2.115708,48.779245],[2.115406,48.779166],[2.11385,48.779867],[2.113195,48.780171],[2.112994,48.780226],[2.112494,48.780451],[2.112176,48.780523],[2.111253,48.780461],[2.110976,48.780422],[2.109803,48.78016],[2.107735,48.779656],[2.106932,48.779428],[2.106703,48.779472],[2.106269,48.779933],[2.105717,48.780691],[2.104601,48.780417],[2.103279,48.780051],[2.103204,48.780048],[2.10234,48.780293],[2.101322,48.780514],[2.100149,48.780747],[2.099209,48.780911],[2.096207,48.781483],[2.093502,48.782008],[2.091268,48.782435],[2.091037,48.782494],[2.089366,48.783073],[2.08902,48.783204],[2.089002,48.783267],[2.088565,48.783425],[2.087176,48.783823],[2.086857,48.783955],[2.085278,48.784543],[2.084875,48.784632],[2.084528,48.784769],[2.084251,48.784962],[2.084114,48.785316],[2.083991,48.785813],[2.083581,48.786781],[2.083452,48.787106],[2.082985,48.788542],[2.080235,48.78897],[2.077758,48.7893],[2.076081,48.788772],[2.074703,48.788661],[2.074414,48.788657],[2.069909,48.789016],[2.069955,48.789236],[2.070013,48.789283],[2.070144,48.789869],[2.070502,48.790636],[2.070588,48.790989],[2.070747,48.791334],[2.070996,48.792045],[2.071699,48.793923],[2.071887,48.794341],[2.07193,48.794529],[2.072618,48.796405],[2.07285,48.797018],[2.072995,48.797455],[2.073198,48.798272],[2.073277,48.798496],[2.074185,48.800583],[2.074076,48.800871],[2.074089,48.801047],[2.074386,48.801049],[2.075039,48.802984],[2.07549,48.804239],[2.076094,48.805862],[2.076283,48.806433],[2.077083,48.808463],[2.077903,48.810762],[2.078341,48.812238],[2.078721,48.813223],[2.07913,48.814347],[2.079432,48.815219],[2.079859,48.815909],[2.08095,48.816567],[2.082054,48.817242],[2.082225,48.817356],[2.082241,48.817541],[2.082583,48.818123],[2.083038,48.818761],[2.083488,48.81934],[2.083858,48.819697],[2.083924,48.820698],[2.084578,48.820688],[2.085366,48.821686],[2.08713,48.823906],[2.088905,48.826071],[2.088704,48.826276],[2.089142,48.826481],[2.089179,48.826527],[2.089456,48.826355],[2.090668,48.8252],[2.09245,48.823452],[2.092653,48.823567],[2.095671,48.825414],[2.095745,48.825431],[2.095993,48.825345],[2.102273,48.823454],[2.102462,48.823395],[2.103434,48.823898],[2.103874,48.824111],[2.10455,48.824484],[2.105452,48.825802],[2.105838,48.826036],[2.105991,48.8261],[2.107291,48.826867],[2.108344,48.827222],[2.111007,48.82808],[2.112608,48.828578],[2.113068,48.826676],[2.11324,48.826006],[2.113961,48.823051],[2.114003,48.822825],[2.114111,48.822465],[2.114509,48.820787],[2.114267,48.820747],[2.114089,48.820635],[2.114986,48.820411],[2.115776,48.820138],[2.117842,48.819381],[2.121108,48.818247],[2.124676,48.816928],[2.124947,48.816837],[2.125104,48.81675],[2.128394,48.81555],[2.128488,48.815503],[2.128702,48.815584],[2.128959,48.8156],[2.12911,48.81589],[2.129453,48.815804],[2.129291,48.815503],[2.129485,48.81529],[2.129447,48.815036],[2.13103,48.81478],[2.131731,48.814672],[2.132396,48.814557],[2.136068,48.813975],[2.13626,48.81505],[2.136426,48.816027],[2.136835,48.81832],[2.136899,48.818496],[2.137161,48.81872],[2.137723,48.818925],[2.137846,48.819017],[2.137884,48.81913],[2.137948,48.820954],[2.138001,48.821102],[2.138641,48.822037],[2.139591,48.823408],[2.139676,48.823553],[2.140157,48.824241],[2.142446,48.825366],[2.142752,48.825509],[2.142958,48.825674],[2.144399,48.826893],[2.144486,48.826976],[2.144955,48.827154],[2.145434,48.827355],[2.145884,48.827571],[2.146527,48.827971],[2.146987,48.828165],[2.147622,48.828343],[2.148118,48.828455],[2.148481,48.828486]]]}"
20,78674,Villepreux,"48.831,2.013","{""type"":""Polygon"",""coordinates"":[[[2.041694,48.842997],[2.038659,48.841396],[2.037617,48.840591],[2.036191,48.8396],[2.036775,48.839613],[2.036955,48.836983],[2.035025,48.836909],[2.033901,48.83686],[2.032281,48.836765],[2.031805,48.836748],[2.03186,48.836582],[2.031937,48.83592],[2.031891,48.83531],[2.03272,48.835357],[2.032629,48.835149],[2.032099,48.833746],[2.03134,48.832063],[2.031174,48.831665],[2.031003,48.83133],[2.030889,48.830964],[2.03063,48.83054],[2.030577,48.830323],[2.030361,48.829258],[2.030435,48.829069],[2.030912,48.828602],[2.030871,48.828322],[2.031241,48.828067],[2.031748,48.827818],[2.032182,48.827629],[2.032506,48.827449],[2.034571,48.826359],[2.034875,48.826193],[2.035027,48.825994],[2.034497,48.825491],[2.034098,48.825166],[2.033751,48.824667],[2.033076,48.823529],[2.03285,48.823095],[2.032713,48.823125],[2.032496,48.822986],[2.032223,48.822742],[2.031966,48.822431],[2.031565,48.821879],[2.030801,48.820666],[2.029981,48.819437],[2.029245,48.818291],[2.028815,48.817635],[2.028643,48.817324],[2.028266,48.816879],[2.027897,48.816642],[2.027689,48.816449],[2.027527,48.816259],[2.027455,48.816026],[2.02732,48.815862],[2.027243,48.815662],[2.02715,48.815295],[2.026971,48.814929],[2.026901,48.814484],[2.02674,48.813869],[2.026543,48.81334],[2.026358,48.813036],[2.026281,48.812964],[2.02557,48.812529],[2.025238,48.812157],[2.024891,48.811941],[2.024654,48.811855],[2.024422,48.81161],[2.024244,48.811576],[2.024127,48.811495],[2.023849,48.811177],[2.023443,48.811356],[2.022806,48.811353],[2.022742,48.811736],[2.022145,48.811918],[2.021718,48.811407],[2.020971,48.811452],[2.020674,48.811619],[2.020112,48.812102],[2.019285,48.812625],[2.018955,48.812731],[2.017509,48.813293],[2.01612,48.813877],[2.015499,48.814127],[2.014854,48.814362],[2.013597,48.814891],[2.0126,48.815265],[2.012555,48.815082],[2.011938,48.814798],[2.010481,48.814217],[2.00927,48.813687],[2.007546,48.812972],[2.003518,48.813944],[2.002365,48.814239],[2.000293,48.813822],[2.000219,48.814006],[2.000239,48.814739],[2.000335,48.815601],[2.0003,48.816159],[1.998928,48.816354],[1.999834,48.817879],[1.999761,48.818041],[1.998645,48.818322],[1.998864,48.818739],[1.999531,48.819954],[1.99708,48.820587],[1.99653,48.820711],[1.994656,48.821324],[1.995118,48.821935],[1.99552,48.822425],[1.995876,48.822919],[1.996637,48.824036],[1.997126,48.824889],[1.99725,48.824973],[1.997713,48.825756],[1.998022,48.826244],[1.998249,48.826633],[1.998418,48.826833],[1.996091,48.827318],[1.993496,48.828641],[1.993922,48.828793],[1.994261,48.828866],[1.994464,48.829002],[1.991134,48.830053],[1.99096,48.830167],[1.987962,48.830968],[1.987503,48.831136],[1.986813,48.831442],[1.985792,48.831869],[1.984665,48.832388],[1.983807,48.832774],[1.983624,48.832801],[1.983635,48.83343],[1.983686,48.834388],[1.983775,48.835174],[1.984122,48.837394],[1.984227,48.837934],[1.984405,48.838587],[1.984694,48.839097],[1.987136,48.839964],[1.992765,48.841939],[1.993961,48.842303],[1.994859,48.842496],[1.995316,48.842621],[1.996228,48.842771],[1.999271,48.843367],[1.999845,48.843443],[2.00023,48.843464],[2.00073,48.843538],[2.001015,48.843619],[2.001234,48.843715],[2.001513,48.843934],[2.001573,48.843919],[2.002019,48.844466],[2.002169,48.844623],[2.00247,48.845016],[2.002812,48.845688],[2.002966,48.846106],[2.003075,48.846479],[2.003233,48.846682],[2.003244,48.846914],[2.003034,48.847177],[2.003006,48.847369],[2.003189,48.847758],[2.003765,48.848386],[2.004042,48.848635],[2.004283,48.848795],[2.004919,48.849071],[2.00562,48.849355],[2.007454,48.848738],[2.008508,48.848358],[2.009671,48.848027],[2.010774,48.847794],[2.016646,48.85005],[2.01686,48.850101],[2.016939,48.848944],[2.016854,48.847662],[2.016934,48.846753],[2.016926,48.846431],[2.016824,48.846006],[2.016686,48.845668],[2.017778,48.846158],[2.018885,48.846646],[2.020515,48.844502],[2.020736,48.844588],[2.022049,48.842779],[2.022342,48.842353],[2.022766,48.841791],[2.023144,48.841877],[2.024798,48.842157],[2.02596,48.842339],[2.027587,48.842621],[2.028076,48.842699],[2.028623,48.842809],[2.028889,48.842882],[2.030249,48.84331],[2.031217,48.843671],[2.033594,48.844641],[2.034462,48.84503],[2.034705,48.845162],[2.03535,48.845619],[2.035761,48.845989],[2.036254,48.846525],[2.035199,48.844627],[2.037042,48.84413],[2.037861,48.843403],[2.038602,48.843705],[2.03925,48.843887],[2.039656,48.843942],[2.040263,48.844068],[2.041062,48.844099],[2.041205,48.843824],[2.041694,48.842997]]]}"
21,78688,Voisins-le-Bretonneux,"48.760,2.047","{""type"":""Polygon"",""coordinates"":[[[2.025681,48.755893],[2.025655,48.755957],[2.025851,48.757547],[2.026635,48.758719],[2.026863,48.75895],[2.026926,48.759166],[2.027094,48.759537],[2.027168,48.760203],[2.027691,48.760169],[2.028284,48.760146],[2.028367,48.759917],[2.028817,48.760246],[2.029197,48.760564],[2.029404,48.760815],[2.03006,48.76073],[2.032672,48.760579],[2.032808,48.760856],[2.032865,48.761254],[2.034888,48.761157],[2.034982,48.761698],[2.034973,48.761801],[2.03588,48.761761],[2.037574,48.761643],[2.039097,48.76409],[2.039832,48.763961],[2.040394,48.764587],[2.0399,48.764808],[2.040538,48.765394],[2.040927,48.765201],[2.041677,48.765991],[2.042036,48.766384],[2.042433,48.766226],[2.042892,48.766713],[2.044069,48.766209],[2.045818,48.765486],[2.048157,48.767935],[2.048883,48.768762],[2.049384,48.769301],[2.049419,48.769413],[2.049824,48.769419],[2.050382,48.769188],[2.050511,48.768998],[2.050707,48.768855],[2.051976,48.768333],[2.053382,48.767735],[2.05383,48.767576],[2.05549,48.76686],[2.056887,48.766279],[2.058173,48.765738],[2.060836,48.764639],[2.062869,48.763791],[2.061921,48.763134],[2.060855,48.762434],[2.061764,48.761425],[2.062188,48.761294],[2.062707,48.761182],[2.063513,48.761027],[2.063784,48.760246],[2.064399,48.760098],[2.06352,48.757508],[2.064349,48.757462],[2.066243,48.757225],[2.067097,48.757042],[2.06844,48.756711],[2.066889,48.754676],[2.065937,48.753439],[2.064614,48.753863],[2.064075,48.753014],[2.063687,48.752371],[2.062388,48.752723],[2.061892,48.752872],[2.061803,48.75252],[2.061711,48.752364],[2.061386,48.751937],[2.060611,48.750955],[2.06049,48.750978],[2.060076,48.751132],[2.059364,48.751343],[2.057887,48.751619],[2.057447,48.751785],[2.057678,48.752173],[2.056646,48.752244],[2.056103,48.752327],[2.054919,48.752452],[2.054174,48.752626],[2.053759,48.752563],[2.051387,48.752296],[2.050783,48.752194],[2.050761,48.752124],[2.049675,48.752211],[2.049075,48.751156],[2.044953,48.751495],[2.044813,48.750183],[2.043031,48.750239],[2.042062,48.75047],[2.041812,48.75078],[2.041778,48.751123],[2.041727,48.75133],[2.041627,48.75153],[2.04137,48.751802],[2.041354,48.751994],[2.041388,48.753221],[2.040499,48.753475],[2.040737,48.753846],[2.040866,48.754137],[2.040527,48.754069],[2.0402,48.754042],[2.039861,48.75405],[2.038727,48.754237],[2.038512,48.754257],[2.038291,48.754227],[2.038004,48.754119],[2.037489,48.753856],[2.037279,48.753996],[2.036725,48.754231],[2.034881,48.754648],[2.033913,48.754763],[2.033203,48.754817],[2.032754,48.755033],[2.032109,48.755473],[2.031706,48.755656],[2.031418,48.755738],[2.031159,48.755867],[2.030573,48.756009],[2.02998,48.756075],[2.028962,48.756026],[2.028422,48.755961],[2.027862,48.755878],[2.027155,48.755822],[2.025992,48.755849],[2.025681,48.755893]]]}"
22,78208,Élancourt,"48.777,1.961","{""type"":""Polygon"",""coordinates"":[[[1.973514,48.753708],[1.971685,48.754027],[1.971481,48.754034],[1.971355,48.754126],[1.970848,48.754996],[1.970755,48.755107],[1.969241,48.75532],[1.969123,48.755351],[1.968367,48.755696],[1.968164,48.755764],[1.968039,48.755754],[1.967993,48.756029],[1.967896,48.756594],[1.967682,48.757576],[1.967462,48.75889],[1.967438,48.759249],[1.967324,48.760151],[1.967216,48.760719],[1.966928,48.762024],[1.966799,48.762353],[1.966371,48.762929],[1.965246,48.762497],[1.964041,48.762014],[1.962421,48.761378],[1.961336,48.760991],[1.96065,48.760795],[1.960298,48.760715],[1.959304,48.760539],[1.958841,48.760488],[1.955937,48.76013],[1.954441,48.759926],[1.953673,48.759794],[1.952158,48.759494],[1.951886,48.75981],[1.953147,48.761077],[1.953504,48.761104],[1.953463,48.761263],[1.953526,48.761452],[1.953432,48.761489],[1.953835,48.762114],[1.954366,48.762914],[1.954683,48.763465],[1.954365,48.763554],[1.955235,48.764538],[1.954727,48.764722],[1.954101,48.764901],[1.952551,48.765117],[1.949553,48.76543],[1.94903,48.765457],[1.948746,48.765574],[1.948703,48.765672],[1.948432,48.765475],[1.94816,48.765636],[1.946484,48.765863],[1.946081,48.765935],[1.945774,48.766112],[1.945116,48.766129],[1.945033,48.766057],[1.944815,48.766067],[1.945022,48.766369],[1.945169,48.766503],[1.945256,48.766676],[1.945916,48.767173],[1.946121,48.767083],[1.946447,48.767434],[1.946016,48.767642],[1.94623,48.767763],[1.946306,48.76789],[1.946497,48.767944],[1.946184,48.768057],[1.94648,48.768392],[1.94677,48.768776],[1.947342,48.769287],[1.945467,48.77014],[1.945671,48.770375],[1.944705,48.77064],[1.944271,48.770696],[1.944079,48.77094],[1.943536,48.771444],[1.942993,48.771722],[1.942665,48.771992],[1.942354,48.772165],[1.941425,48.77259],[1.941211,48.772674],[1.941563,48.772954],[1.942081,48.773072],[1.942012,48.773152],[1.94223,48.773223],[1.942054,48.773314],[1.941878,48.773463],[1.94064,48.774123],[1.940532,48.77423],[1.940251,48.774869],[1.939958,48.774788],[1.939889,48.774698],[1.939401,48.774769],[1.939305,48.774985],[1.93909,48.775137],[1.939115,48.775317],[1.939614,48.775408],[1.939751,48.775771],[1.93982,48.77602],[1.939794,48.776172],[1.939699,48.776326],[1.939616,48.776559],[1.939261,48.777216],[1.939124,48.777408],[1.938828,48.777923],[1.93878,48.77812],[1.93851,48.778366],[1.938312,48.77851],[1.937892,48.77872],[1.937258,48.779177],[1.936668,48.779589],[1.936556,48.779867],[1.936514,48.780149],[1.936923,48.78057],[1.93735,48.780927],[1.937668,48.781281],[1.937734,48.78139],[1.93811,48.781825],[1.938318,48.782028],[1.938767,48.782376],[1.938855,48.78247],[1.93895,48.782811],[1.938857,48.783025],[1.938567,48.783462],[1.938522,48.783565],[1.938296,48.784314],[1.938222,48.784609],[1.938319,48.784712],[1.939074,48.78457],[1.939546,48.7845],[1.939796,48.786489],[1.940102,48.787299],[1.940783,48.789186],[1.939872,48.789282],[1.939878,48.789377],[1.940122,48.790172],[1.940331,48.790503],[1.940851,48.790547],[1.940976,48.791447],[1.941408,48.791565],[1.941526,48.791576],[1.941917,48.791487],[1.942142,48.791407],[1.942577,48.791371],[1.942995,48.791159],[1.943275,48.79105],[1.943635,48.790963],[1.944081,48.790902],[1.944215,48.790857],[1.944558,48.790856],[1.944902,48.79088],[1.945153,48.790941],[1.945441,48.790944],[1.945678,48.790902],[1.945866,48.790821],[1.946391,48.79042],[1.946634,48.790341],[1.947317,48.790209],[1.948115,48.790127],[1.948417,48.79013],[1.948731,48.79018],[1.949313,48.790342],[1.949505,48.790323],[1.949775,48.790154],[1.950366,48.789839],[1.951071,48.789546],[1.951347,48.789457],[1.952246,48.78909],[1.952607,48.789393],[1.953316,48.790089],[1.953977,48.789788],[1.954171,48.789681],[1.955199,48.788932],[1.955447,48.788642],[1.955529,48.788463],[1.958188,48.788065],[1.958054,48.78871],[1.959607,48.789014],[1.959903,48.789891],[1.960141,48.790182],[1.960184,48.789952],[1.96031,48.789825],[1.961242,48.789575],[1.961575,48.790166],[1.961983,48.790351],[1.962517,48.791239],[1.963025,48.791163],[1.963206,48.7915],[1.96102,48.791954],[1.961143,48.792172],[1.961385,48.792703],[1.961649,48.793152],[1.962216,48.79387],[1.963584,48.795483],[1.963922,48.795912],[1.964381,48.796435],[1.964659,48.796781],[1.965429,48.797668],[1.965744,48.79808],[1.965851,48.798302],[1.967504,48.800073],[1.968777,48.800215],[1.970146,48.800326],[1.971549,48.800392],[1.972851,48.800436],[1.975514,48.800441],[1.976558,48.800418],[1.978101,48.800348],[1.979168,48.800282],[1.97991,48.800226],[1.981229,48.800101],[1.983027,48.799886],[1.985934,48.799646],[1.985203,48.79873],[1.977396,48.79158],[1.97765,48.791155],[1.977418,48.790813],[1.976675,48.790128],[1.976163,48.789641],[1.975435,48.788928],[1.973569,48.789513],[1.971938,48.790002],[1.971639,48.789714],[1.972747,48.789232],[1.970924,48.787766],[1.971448,48.787347],[1.968645,48.785505],[1.969308,48.785088],[1.969817,48.784841],[1.969581,48.784677],[1.970004,48.784405],[1.970387,48.78421],[1.970704,48.78411],[1.972023,48.783655],[1.972194,48.783607],[1.97228,48.783495],[1.97249,48.783346],[1.970858,48.782172],[1.972762,48.78156],[1.97256,48.779933],[1.972654,48.77978],[1.972683,48.779583],[1.972867,48.779205],[1.973221,48.778775],[1.973598,48.778457],[1.973902,48.77816],[1.973621,48.778116],[1.973546,48.778044],[1.973598,48.777888],[1.973819,48.777587],[1.974182,48.777666],[1.974371,48.777469],[1.974581,48.7771],[1.974717,48.777127],[1.974609,48.776803],[1.974751,48.776608],[1.974894,48.776196],[1.974729,48.775643],[1.975362,48.775513],[1.975902,48.775388],[1.976595,48.775118],[1.976235,48.774579],[1.976112,48.774422],[1.97684,48.774078],[1.977068,48.774074],[1.977485,48.773836],[1.977542,48.77377],[1.977565,48.773513],[1.977566,48.773113],[1.977328,48.772615],[1.97712,48.772117],[1.976726,48.771334],[1.976682,48.771171],[1.976542,48.770868],[1.976317,48.770535],[1.975362,48.769329],[1.975231,48.769183],[1.974531,48.76855],[1.97396,48.768059],[1.973247,48.767486],[1.970854,48.76554],[1.970962,48.76546],[1.971004,48.765341],[1.973204,48.764272],[1.975026,48.76359],[1.975162,48.763472],[1.97591,48.763184],[1.977846,48.762633],[1.98022,48.762179],[1.979895,48.761744],[1.978657,48.760158],[1.975829,48.756562],[1.975633,48.756353],[1.97407,48.754444],[1.973514,48.753708]]]}"
