id,code_insee,nom_commune,coordinates,geojson
1,59007,Anhiers,"50.404,3.155","{""type"":""Polygon"",""coordinates"":[[[3.142021,50.410016],[3.141493,50.410564],[3.143338,50.410708],[3.144836,50.410883],[3.145904,50.411016],[3.14597,50.411035],[3.146746,50.411118],[3.147293,50.41122],[3.150052,50.412194],[3.150139,50.412257],[3.150244,50.41258],[3.150279,50.412878],[3.150338,50.412969],[3.150448,50.413029],[3.15514,50.412351],[3.155568,50.412338],[3.155834,50.41238],[3.158419,50.412848],[3.158546,50.412772],[3.158708,50.412486],[3.15858,50.412469],[3.158591,50.412241],[3.15849,50.41193],[3.158318,50.411543],[3.158021,50.411071],[3.157772,50.410807],[3.157523,50.410492],[3.15734,50.410212],[3.157128,50.409742],[3.157582,50.409458],[3.157845,50.409187],[3.157987,50.409119],[3.158462,50.408745],[3.158729,50.408476],[3.159013,50.408103],[3.159261,50.407707],[3.15943,50.407335],[3.15952,50.407037],[3.159694,50.406985],[3.15983,50.406801],[3.160075,50.406547],[3.160309,50.406131],[3.160462,50.405902],[3.160604,50.405606],[3.160606,50.405431],[3.160147,50.405404],[3.159234,50.405401],[3.159027,50.405423],[3.158608,50.405558],[3.158645,50.405416],[3.159088,50.404897],[3.159504,50.404522],[3.160527,50.40402],[3.161556,50.403583],[3.16204,50.403421],[3.162454,50.403253],[3.163049,50.402924],[3.163601,50.402792],[3.16371,50.402696],[3.164332,50.401982],[3.164403,50.401877],[3.164302,50.401522],[3.164582,50.401287],[3.164967,50.400841],[3.165129,50.400694],[3.165262,50.400451],[3.167611,50.399356],[3.164299,50.397247],[3.163866,50.396989],[3.165559,50.395912],[3.165458,50.395434],[3.165206,50.395254],[3.165176,50.395096],[3.164065,50.39516],[3.162734,50.394535],[3.1623,50.394461],[3.161876,50.394516],[3.161069,50.394736],[3.160862,50.394764],[3.160434,50.394953],[3.160223,50.394935],[3.159883,50.394668],[3.159613,50.394568],[3.159419,50.394561],[3.159246,50.394624],[3.159035,50.39476],[3.158996,50.394908],[3.15887,50.395014],[3.157903,50.395616],[3.157471,50.395831],[3.156782,50.396114],[3.156478,50.396293],[3.156405,50.396476],[3.156416,50.396635],[3.156568,50.396905],[3.156581,50.396994],[3.15651,50.397251],[3.155918,50.39788],[3.155711,50.398144],[3.155332,50.398704],[3.155195,50.398955],[3.155067,50.39932],[3.155011,50.399667],[3.154903,50.399941],[3.154818,50.400039],[3.154662,50.400099],[3.154282,50.400119],[3.15352,50.399941],[3.153306,50.399794],[3.152752,50.399516],[3.152559,50.399378],[3.150595,50.399115],[3.149767,50.399941],[3.149448,50.400243],[3.148877,50.401935],[3.149114,50.402762],[3.148898,50.402882],[3.148776,50.403052],[3.14838,50.403508],[3.148204,50.403742],[3.14791,50.404052],[3.14759,50.404578],[3.147088,50.405541],[3.146926,50.405882],[3.146632,50.406207],[3.145965,50.406733],[3.145909,50.406916],[3.145986,50.407037],[3.146105,50.407091],[3.146417,50.407146],[3.147219,50.407238],[3.147585,50.4073],[3.14816,50.407456],[3.148198,50.407586],[3.147789,50.40843],[3.147673,50.408612],[3.14755,50.408681],[3.147142,50.408641],[3.146711,50.408549],[3.146443,50.408464],[3.146047,50.408449],[3.145653,50.408558],[3.145167,50.408761],[3.144294,50.409247],[3.143679,50.409515],[3.142556,50.409885],[3.142021,50.410016]]]}"
2,59008,Aniche,"50.330,3.258","{""type"":""Polygon"",""coordinates"":[[[3.280888,50.334026],[3.280887,50.333951],[3.275469,50.334042],[3.275084,50.334093],[3.2742,50.334298],[3.273685,50.334355],[3.272084,50.334425],[3.272465,50.333052],[3.273327,50.333024],[3.273525,50.332164],[3.273579,50.331861],[3.27359,50.331344],[3.273515,50.331392],[3.273059,50.331404],[3.273146,50.329746],[3.273252,50.329734],[3.27347,50.32953],[3.273666,50.329301],[3.273785,50.328948],[3.27382,50.328658],[3.273797,50.328043],[3.274114,50.327722],[3.274423,50.325735],[3.271128,50.325502],[3.270936,50.325807],[3.268575,50.325878],[3.268513,50.326148],[3.264403,50.326245],[3.26505,50.324896],[3.265442,50.32428],[3.265523,50.324131],[3.265769,50.323875],[3.26612,50.323423],[3.266398,50.323174],[3.267594,50.322238],[3.267823,50.322047],[3.265592,50.32108],[3.264377,50.319908],[3.26553,50.318592],[3.2641,50.318058],[3.26407,50.317765],[3.263178,50.317671],[3.26094,50.317245],[3.26091,50.31731],[3.261051,50.318368],[3.258401,50.317769],[3.258351,50.31813],[3.256245,50.317931],[3.256343,50.317716],[3.256392,50.317308],[3.256358,50.316757],[3.256209,50.31604],[3.256054,50.315476],[3.256029,50.31513],[3.256081,50.314859],[3.255795,50.31522],[3.254865,50.3165],[3.251934,50.315593],[3.248274,50.314418],[3.246933,50.313911],[3.246809,50.313897],[3.246013,50.314832],[3.245366,50.314612],[3.243729,50.314591],[3.243281,50.315542],[3.243125,50.315986],[3.243119,50.316063],[3.242835,50.317023],[3.242235,50.319051],[3.242215,50.319398],[3.24224,50.319561],[3.24238,50.320036],[3.24238,50.320427],[3.242299,50.320718],[3.241674,50.32251],[3.241568,50.322634],[3.241531,50.322943],[3.241429,50.323157],[3.241073,50.324441],[3.240822,50.325155],[3.240445,50.326344],[3.240269,50.326836],[3.239862,50.328106],[3.239778,50.328407],[3.239682,50.328919],[3.239569,50.32997],[3.240448,50.329906],[3.241525,50.329803],[3.241948,50.32978],[3.243097,50.329847],[3.241973,50.330558],[3.239877,50.331842],[3.239124,50.332309],[3.238016,50.332985],[3.237995,50.333692],[3.237289,50.334569],[3.236749,50.33578],[3.236627,50.335775],[3.235734,50.337523],[3.236201,50.337693],[3.237026,50.337963],[3.238297,50.338393],[3.239198,50.338709],[3.239603,50.338866],[3.24014,50.339174],[3.240627,50.339519],[3.240951,50.339722],[3.241793,50.340167],[3.242183,50.340347],[3.243911,50.340951],[3.244367,50.341218],[3.244807,50.34142],[3.245196,50.341552],[3.246041,50.34191],[3.245549,50.342542],[3.246726,50.342866],[3.249347,50.343646],[3.250379,50.343963],[3.251336,50.342831],[3.251878,50.342093],[3.253189,50.342815],[3.253253,50.342864],[3.254282,50.343038],[3.25498,50.343173],[3.254691,50.344117],[3.254586,50.344657],[3.254649,50.345197],[3.256899,50.344997],[3.256949,50.345019],[3.258535,50.345166],[3.258702,50.34539],[3.259048,50.345741],[3.259616,50.346262],[3.261071,50.345487],[3.261385,50.345722],[3.262044,50.346114],[3.262582,50.345987],[3.264431,50.343264],[3.263792,50.342889],[3.264891,50.341988],[3.266204,50.340791],[3.268757,50.341858],[3.271278,50.338698],[3.273288,50.338898],[3.274075,50.337112],[3.276629,50.337076],[3.280506,50.337025],[3.280515,50.33668],[3.280769,50.336373],[3.2809,50.336152],[3.280906,50.336014],[3.280888,50.334026]]]}"
3,59015,Arleux,"50.283,3.104","{""type"":""Polygon"",""coordinates"":[[[3.107647,50.268438],[3.107542,50.268521],[3.10689,50.268748],[3.106327,50.269357],[3.105647,50.269676],[3.104392,50.26942],[3.10422,50.269416],[3.10343,50.269343],[3.103312,50.269295],[3.103037,50.269279],[3.102751,50.26915],[3.102394,50.269623],[3.10084,50.269129],[3.100687,50.269304],[3.099996,50.269281],[3.098132,50.269419],[3.09799,50.269521],[3.097759,50.269584],[3.097178,50.269827],[3.096659,50.27006],[3.096463,50.270092],[3.096062,50.27008],[3.09558,50.270017],[3.095446,50.270048],[3.095425,50.27028],[3.092051,50.271314],[3.081509,50.272374],[3.078607,50.274445],[3.075916,50.273952],[3.075599,50.273924],[3.075442,50.273872],[3.066535,50.272289],[3.061472,50.27216],[3.060968,50.272363],[3.060685,50.272692],[3.061879,50.272452],[3.062148,50.272449],[3.062781,50.272505],[3.063173,50.272594],[3.063494,50.27255],[3.063689,50.272602],[3.064324,50.272707],[3.06471,50.272833],[3.065815,50.273231],[3.066216,50.27351],[3.066358,50.273557],[3.067338,50.273584],[3.06886,50.273581],[3.069646,50.273816],[3.070076,50.273982],[3.070382,50.274132],[3.07085,50.274316],[3.071355,50.274571],[3.071659,50.27481],[3.072124,50.275314],[3.072282,50.275413],[3.072441,50.275452],[3.07259,50.275679],[3.073153,50.276097],[3.073378,50.276324],[3.073499,50.276493],[3.073641,50.276895],[3.073733,50.277051],[3.073941,50.277253],[3.074112,50.277366],[3.074835,50.277445],[3.075406,50.277458],[3.075795,50.277495],[3.076249,50.277639],[3.076558,50.27777],[3.076569,50.278032],[3.076864,50.278191],[3.077071,50.278368],[3.077468,50.278569],[3.077589,50.278656],[3.077546,50.278976],[3.0806,50.278921],[3.081153,50.278955],[3.081249,50.278676],[3.081337,50.278548],[3.081618,50.278291],[3.081857,50.278133],[3.082258,50.277956],[3.082778,50.27785],[3.083011,50.277825],[3.083925,50.277825],[3.084742,50.277896],[3.08499,50.277893],[3.085308,50.277844],[3.085912,50.278817],[3.0864,50.279648],[3.087251,50.282629],[3.087624,50.282679],[3.087606,50.287936],[3.087969,50.287803],[3.088751,50.287563],[3.089073,50.287432],[3.089224,50.287526],[3.089703,50.287722],[3.089954,50.2879],[3.09042,50.28829],[3.091454,50.288896],[3.091939,50.289249],[3.092219,50.2895],[3.092428,50.289823],[3.092529,50.289914],[3.092939,50.290072],[3.09326,50.290241],[3.094394,50.291254],[3.097679,50.29182],[3.098969,50.292064],[3.09938,50.292129],[3.101481,50.292225],[3.101505,50.29233],[3.103018,50.291956],[3.10295,50.29244],[3.102825,50.292935],[3.102603,50.293547],[3.101914,50.295073],[3.110992,50.294534],[3.111153,50.295084],[3.111717,50.295679],[3.113119,50.295498],[3.113677,50.296562],[3.113897,50.296499],[3.114285,50.297052],[3.11519,50.296763],[3.115336,50.296941],[3.115764,50.296734],[3.116287,50.298104],[3.116498,50.298858],[3.11659,50.29932],[3.116636,50.299946],[3.11844,50.29922],[3.120606,50.298324],[3.121359,50.299383],[3.121555,50.299725],[3.121676,50.300051],[3.124126,50.299494],[3.124274,50.29986],[3.124459,50.299823],[3.124743,50.300653],[3.125487,50.300303],[3.126863,50.299856],[3.128218,50.29939],[3.128424,50.299342],[3.128714,50.299338],[3.129257,50.299503],[3.129516,50.299535],[3.129941,50.29955],[3.130761,50.299635],[3.131783,50.299762],[3.131879,50.299592],[3.132069,50.299257],[3.132718,50.298251],[3.132919,50.297808],[3.132987,50.297497],[3.133032,50.296932],[3.132999,50.296384],[3.132958,50.296091],[3.132694,50.295315],[3.132582,50.294778],[3.13253,50.294175],[3.132607,50.293773],[3.13272,50.29347],[3.133038,50.2928],[3.133312,50.292048],[3.133508,50.291592],[3.133723,50.291187],[3.13435,50.290389],[3.134404,50.290261],[3.134444,50.289964],[3.134299,50.28943],[3.134023,50.288729],[3.133736,50.287822],[3.133733,50.287391],[3.133629,50.286454],[3.133641,50.286107],[3.133738,50.285622],[3.133919,50.285215],[3.140466,50.287302],[3.140283,50.287545],[3.141833,50.287956],[3.143616,50.285539],[3.144072,50.285768],[3.144709,50.286158],[3.145223,50.286457],[3.147456,50.285678],[3.146589,50.284375],[3.145227,50.283098],[3.14108,50.279205],[3.140744,50.278922],[3.139469,50.277801],[3.138193,50.276715],[3.137875,50.276457],[3.137302,50.276038],[3.137081,50.27577],[3.136824,50.27551],[3.136313,50.275067],[3.135729,50.274505],[3.135644,50.27446],[3.135077,50.273906],[3.134741,50.273602],[3.13432,50.273282],[3.133289,50.27234],[3.132913,50.272006],[3.132621,50.271719],[3.132388,50.271454],[3.132334,50.271328],[3.132157,50.271149],[3.131498,50.270585],[3.130545,50.269722],[3.129728,50.269072],[3.129394,50.268783],[3.129084,50.268486],[3.128711,50.268025],[3.128702,50.267918],[3.128879,50.267793],[3.129574,50.26751],[3.1298,50.267283],[3.12995,50.267174],[3.130208,50.267061],[3.130583,50.26697],[3.130966,50.266765],[3.131298,50.266615],[3.1316,50.266524],[3.132031,50.266273],[3.132437,50.266269],[3.132437,50.266143],[3.131763,50.26613],[3.131322,50.266149],[3.130303,50.266156],[3.129697,50.266085],[3.129292,50.266073],[3.128939,50.266086],[3.128683,50.26618],[3.128365,50.26645],[3.128014,50.266941],[3.127872,50.266935],[3.127492,50.266841],[3.12624,50.266487],[3.125536,50.266393],[3.125038,50.266304],[3.124831,50.266247],[3.124591,50.266104],[3.124183,50.266094],[3.123973,50.266137],[3.123517,50.266286],[3.123042,50.26647],[3.122715,50.266495],[3.122212,50.266471],[3.121944,50.266522],[3.12178,50.266599],[3.121536,50.266795],[3.121182,50.266972],[3.120434,50.267212],[3.120138,50.267367],[3.11992,50.267606],[3.119785,50.267709],[3.119336,50.267852],[3.119001,50.267866],[3.118039,50.267792],[3.117441,50.26791],[3.117043,50.268084],[3.116197,50.268528],[3.115882,50.268593],[3.11526,50.268531],[3.114943,50.268552],[3.114674,50.268651],[3.114428,50.268675],[3.114111,50.268557],[3.113261,50.268164],[3.113086,50.268143],[3.112936,50.268179],[3.112426,50.268579],[3.112254,50.268659],[3.111893,50.268729],[3.111205,50.268651],[3.110113,50.268652],[3.109477,50.268607],[3.109184,50.268607],[3.108331,50.26855],[3.107647,50.268438]]]}"
4,59023,Aubencheul-au-Bac,"50.252,3.164","{""type"":""Polygon"",""coordinates"":[[[3.174774,50.241483],[3.174697,50.241489],[3.173337,50.24116],[3.172913,50.241874],[3.171286,50.24147],[3.171112,50.24186],[3.17027,50.242136],[3.17006,50.242052],[3.169408,50.243067],[3.168982,50.243704],[3.167256,50.242582],[3.164507,50.242388],[3.163298,50.241849],[3.16183,50.241238],[3.161603,50.241167],[3.162105,50.244818],[3.160172,50.24497],[3.159682,50.243427],[3.157989,50.24341],[3.157965,50.242843],[3.155687,50.243184],[3.155664,50.243559],[3.154768,50.243683],[3.154903,50.244173],[3.153187,50.244505],[3.151997,50.244971],[3.1518,50.244731],[3.150931,50.244917],[3.14704,50.246318],[3.14726,50.24647],[3.147728,50.246839],[3.148379,50.247534],[3.148704,50.247853],[3.149822,50.248903],[3.150052,50.249212],[3.150436,50.249764],[3.149828,50.250109],[3.148406,50.250839],[3.147839,50.251102],[3.146878,50.251455],[3.146607,50.251536],[3.147363,50.252035],[3.147111,50.252123],[3.147329,50.252314],[3.149515,50.256536],[3.149455,50.256765],[3.149456,50.256926],[3.149237,50.25779],[3.149183,50.258054],[3.149181,50.258375],[3.149275,50.258795],[3.149579,50.259663],[3.149243,50.259856],[3.148938,50.259974],[3.148668,50.260018],[3.148006,50.260084],[3.147687,50.260159],[3.147496,50.260239],[3.146538,50.260559],[3.146005,50.260801],[3.145231,50.261045],[3.145331,50.261241],[3.145691,50.261208],[3.146021,50.261601],[3.14798,50.261267],[3.149117,50.262502],[3.149895,50.262251],[3.149946,50.262249],[3.151093,50.261996],[3.151668,50.261677],[3.152506,50.261399],[3.152786,50.26132],[3.152951,50.261233],[3.153306,50.260989],[3.153707,50.260683],[3.157216,50.259114],[3.157812,50.258839],[3.158951,50.258438],[3.159429,50.258252],[3.159842,50.258205],[3.160103,50.258231],[3.16049,50.258392],[3.161086,50.258672],[3.162162,50.258022],[3.163652,50.257793],[3.165092,50.257288],[3.165428,50.257286],[3.165677,50.257351],[3.166284,50.257892],[3.167743,50.257274],[3.167937,50.257059],[3.168222,50.257012],[3.168458,50.257061],[3.169556,50.257467],[3.172187,50.256985],[3.173778,50.257427],[3.173742,50.257867],[3.174374,50.258105],[3.17582,50.258486],[3.176153,50.258522],[3.177058,50.258502],[3.17775,50.258527],[3.178082,50.258555],[3.178557,50.258667],[3.179151,50.258621],[3.179823,50.258699],[3.180414,50.258822],[3.180772,50.258865],[3.181141,50.258882],[3.1817,50.25888],[3.18203,50.258913],[3.182618,50.259035],[3.182949,50.258775],[3.182084,50.25828],[3.181673,50.257856],[3.181427,50.257947],[3.180971,50.257603],[3.180013,50.257324],[3.179743,50.257458],[3.17933,50.257414],[3.178693,50.257378],[3.17877,50.256584],[3.177205,50.256171],[3.176939,50.256194],[3.176937,50.255863],[3.174924,50.255839],[3.1748,50.252843],[3.174691,50.252689],[3.174494,50.252859],[3.171843,50.252118],[3.171512,50.25203],[3.172345,50.250805],[3.171264,50.249477],[3.17389,50.248622],[3.17361,50.248378],[3.17236,50.247342],[3.172356,50.247288],[3.172541,50.246875],[3.173302,50.245032],[3.17374,50.24391],[3.174774,50.241483]]]}"
5,59024,Auberchicourt,"50.331,3.227","{""type"":""Polygon"",""coordinates"":[[[3.242835,50.317023],[3.240931,50.316969],[3.240989,50.317185],[3.238137,50.316788],[3.238192,50.316376],[3.236406,50.316039],[3.23616,50.314566],[3.235725,50.314063],[3.233952,50.312745],[3.233365,50.312984],[3.232344,50.313436],[3.231901,50.313657],[3.231394,50.313934],[3.230675,50.314348],[3.229951,50.313938],[3.229447,50.313596],[3.228355,50.312825],[3.227493,50.312244],[3.226822,50.311881],[3.226204,50.311615],[3.223515,50.313424],[3.221469,50.312207],[3.220865,50.312478],[3.220121,50.312874],[3.218762,50.313555],[3.217713,50.314521],[3.21586,50.314925],[3.21481,50.31521],[3.214597,50.315248],[3.214998,50.31562],[3.213971,50.315894],[3.213247,50.315139],[3.210981,50.316115],[3.211452,50.316956],[3.212449,50.318004],[3.213851,50.319872],[3.21466,50.32165],[3.212803,50.322094],[3.212221,50.322264],[3.211563,50.32251],[3.210531,50.322874],[3.210153,50.322992],[3.208503,50.32353],[3.20815,50.323622],[3.207919,50.323644],[3.2079,50.323699],[3.209015,50.326266],[3.211314,50.32595],[3.21255,50.325785],[3.21324,50.325169],[3.214256,50.327569],[3.213126,50.327966],[3.213792,50.3295],[3.213274,50.329497],[3.212816,50.329521],[3.213202,50.331114],[3.210945,50.331192],[3.211674,50.334282],[3.214443,50.333835],[3.214543,50.333987],[3.21597,50.333775],[3.216295,50.333758],[3.216574,50.333907],[3.217245,50.33474],[3.216054,50.335053],[3.216126,50.335201],[3.215268,50.335302],[3.215776,50.336048],[3.216085,50.336429],[3.215846,50.336507],[3.216207,50.337022],[3.217613,50.336809],[3.217507,50.336546],[3.217972,50.336481],[3.21828,50.337632],[3.217243,50.337914],[3.217379,50.338154],[3.215405,50.33858],[3.215534,50.338717],[3.215817,50.339097],[3.216027,50.339648],[3.216609,50.340941],[3.216973,50.341694],[3.217075,50.341843],[3.217272,50.342007],[3.217988,50.342384],[3.218028,50.342548],[3.218126,50.342619],[3.218605,50.342803],[3.21905,50.34305],[3.21942,50.343309],[3.221158,50.344455],[3.221458,50.344617],[3.221168,50.344866],[3.221523,50.345044],[3.222425,50.345774],[3.222913,50.34556],[3.2231,50.345535],[3.224203,50.345552],[3.22496,50.345551],[3.225936,50.345605],[3.226243,50.345587],[3.226539,50.345903],[3.226796,50.346083],[3.227302,50.346245],[3.22725,50.346583],[3.22772,50.346547],[3.228588,50.346708],[3.229703,50.346997],[3.230619,50.347256],[3.23172,50.347737],[3.231434,50.348108],[3.23306,50.348831],[3.234297,50.349407],[3.234717,50.348906],[3.23655,50.349318],[3.239609,50.349963],[3.240284,50.348451],[3.242234,50.348751],[3.24225,50.348645],[3.243193,50.349137],[3.244041,50.349891],[3.244635,50.349894],[3.245411,50.348756],[3.242685,50.347726],[3.242819,50.347234],[3.244161,50.347339],[3.244953,50.346674],[3.244571,50.346609],[3.24497,50.345784],[3.243959,50.345711],[3.244054,50.345288],[3.245209,50.345379],[3.245575,50.344728],[3.246003,50.344672],[3.245318,50.344197],[3.244023,50.344087],[3.244283,50.343543],[3.244745,50.343343],[3.245246,50.342834],[3.243141,50.342056],[3.243324,50.341673],[3.243911,50.340951],[3.242183,50.340347],[3.241793,50.340167],[3.240951,50.339722],[3.240627,50.339519],[3.24014,50.339174],[3.239603,50.338866],[3.239198,50.338709],[3.238297,50.338393],[3.237026,50.337963],[3.236201,50.337693],[3.235734,50.337523],[3.236627,50.335775],[3.236749,50.33578],[3.237289,50.334569],[3.237995,50.333692],[3.238016,50.332985],[3.239124,50.332309],[3.239877,50.331842],[3.241973,50.330558],[3.243097,50.329847],[3.241948,50.32978],[3.241525,50.329803],[3.240448,50.329906],[3.239569,50.32997],[3.239682,50.328919],[3.239778,50.328407],[3.239862,50.328106],[3.240269,50.326836],[3.240445,50.326344],[3.240822,50.325155],[3.241073,50.324441],[3.241429,50.323157],[3.241531,50.322943],[3.241568,50.322634],[3.241674,50.32251],[3.242299,50.320718],[3.24238,50.320427],[3.24238,50.320036],[3.24224,50.319561],[3.242215,50.319398],[3.242235,50.319051],[3.242835,50.317023]]]}"
6,59026,Aubigny-au-Bac,"50.267,3.166","{""type"":""Polygon"",""coordinates"":[[[3.194852,50.260529],[3.194551,50.260605],[3.194376,50.26023],[3.19422,50.259804],[3.194204,50.259619],[3.194253,50.259306],[3.194256,50.258888],[3.193059,50.259006],[3.192122,50.259077],[3.190652,50.259144],[3.190549,50.259291],[3.190327,50.25947],[3.19016,50.259545],[3.189458,50.259719],[3.18855,50.25996],[3.18813,50.260019],[3.187764,50.260001],[3.187376,50.259901],[3.1867,50.259701],[3.18606,50.259693],[3.1856,50.259604],[3.184927,50.259383],[3.184616,50.259309],[3.183579,50.259208],[3.183076,50.25913],[3.182618,50.259035],[3.18203,50.258913],[3.1817,50.25888],[3.181141,50.258882],[3.180772,50.258865],[3.180414,50.258822],[3.179823,50.258699],[3.179151,50.258621],[3.178557,50.258667],[3.178082,50.258555],[3.17775,50.258527],[3.177058,50.258502],[3.176153,50.258522],[3.17582,50.258486],[3.174374,50.258105],[3.173742,50.257867],[3.173778,50.257427],[3.172187,50.256985],[3.169556,50.257467],[3.168458,50.257061],[3.168222,50.257012],[3.167937,50.257059],[3.167743,50.257274],[3.166284,50.257892],[3.165677,50.257351],[3.165428,50.257286],[3.165092,50.257288],[3.163652,50.257793],[3.162162,50.258022],[3.161086,50.258672],[3.16049,50.258392],[3.160103,50.258231],[3.159842,50.258205],[3.159429,50.258252],[3.158951,50.258438],[3.157812,50.258839],[3.157216,50.259114],[3.153707,50.260683],[3.153306,50.260989],[3.152951,50.261233],[3.152786,50.26132],[3.152506,50.261399],[3.151668,50.261677],[3.151093,50.261996],[3.149946,50.262249],[3.149895,50.262251],[3.149117,50.262502],[3.148645,50.262652],[3.146157,50.263419],[3.144357,50.263929],[3.144071,50.263964],[3.143214,50.264114],[3.143002,50.264208],[3.142698,50.264432],[3.142479,50.264557],[3.141491,50.264834],[3.141138,50.26497],[3.140314,50.265173],[3.139692,50.265267],[3.138707,50.265274],[3.13819,50.265214],[3.138051,50.265235],[3.137889,50.265338],[3.137901,50.265455],[3.138133,50.266023],[3.138477,50.266566],[3.139689,50.268138],[3.139922,50.268426],[3.140372,50.269075],[3.140701,50.269505],[3.141168,50.270038],[3.141658,50.270543],[3.141663,50.270754],[3.141799,50.270827],[3.142054,50.270882],[3.142454,50.270838],[3.142624,50.270774],[3.143412,50.270622],[3.143736,50.270543],[3.144881,50.270307],[3.145458,50.270146],[3.146747,50.269724],[3.147818,50.269475],[3.148529,50.269347],[3.149043,50.269322],[3.149431,50.269376],[3.149839,50.269512],[3.150416,50.269797],[3.15121,50.270208],[3.151642,50.270476],[3.152063,50.270778],[3.152503,50.271044],[3.152909,50.27137],[3.153357,50.271832],[3.153628,50.272082],[3.153694,50.272183],[3.153849,50.272767],[3.153944,50.272888],[3.154818,50.273645],[3.155054,50.27388],[3.155565,50.274348],[3.156112,50.274763],[3.157544,50.275288],[3.158554,50.275616],[3.1601,50.271548],[3.16024,50.271593],[3.160551,50.271902],[3.160828,50.27226],[3.161192,50.272604],[3.161673,50.27315],[3.162306,50.273823],[3.162965,50.274555],[3.163356,50.274955],[3.166951,50.272967],[3.166895,50.273602],[3.166601,50.274232],[3.166514,50.274621],[3.166103,50.275206],[3.165788,50.27571],[3.166618,50.27583],[3.166898,50.275919],[3.167259,50.276098],[3.175287,50.271196],[3.176077,50.272031],[3.179553,50.270222],[3.181413,50.269309],[3.182471,50.269587],[3.182905,50.269726],[3.183357,50.26989],[3.183642,50.270102],[3.184172,50.270525],[3.184713,50.270988],[3.185496,50.271621],[3.192895,50.271513],[3.192808,50.27115],[3.191663,50.268975],[3.191434,50.268455],[3.191001,50.267406],[3.190973,50.267024],[3.191082,50.265779],[3.19273,50.265785],[3.192878,50.264421],[3.193222,50.264374],[3.193817,50.264259],[3.194086,50.264185],[3.194311,50.264073],[3.194674,50.263839],[3.194703,50.263751],[3.194575,50.262357],[3.194743,50.261743],[3.194737,50.261661],[3.194833,50.261041],[3.194852,50.260529]]]}"
7,59028,Auby,"50.414,3.061","{""type"":""Polygon"",""coordinates"":[[[3.068616,50.425667],[3.069152,50.425913],[3.069546,50.426047],[3.06987,50.426006],[3.070845,50.425926],[3.071107,50.425843],[3.072648,50.425437],[3.073309,50.42524],[3.073188,50.425072],[3.072759,50.424865],[3.072709,50.424995],[3.070577,50.425718],[3.070461,50.425241],[3.070049,50.425172],[3.069686,50.425032],[3.06919,50.425004],[3.068347,50.42484],[3.067477,50.424535],[3.067302,50.424492],[3.066867,50.424533],[3.066166,50.424532],[3.065906,50.423873],[3.065865,50.423576],[3.067227,50.422694],[3.06884,50.421627],[3.070428,50.420537],[3.070618,50.420396],[3.071331,50.42047],[3.073079,50.420668],[3.073418,50.4207],[3.073874,50.420598],[3.074192,50.420452],[3.074592,50.420096],[3.074757,50.419862],[3.075126,50.419578],[3.076424,50.418934],[3.078304,50.418111],[3.078879,50.417965],[3.079092,50.417933],[3.079503,50.417949],[3.080255,50.418023],[3.080976,50.418072],[3.081666,50.418077],[3.082336,50.418055],[3.084453,50.417931],[3.085002,50.417837],[3.085495,50.417728],[3.086421,50.417487],[3.086295,50.417341],[3.088385,50.416702],[3.087254,50.415232],[3.084951,50.412257],[3.085644,50.411946],[3.088734,50.410595],[3.088077,50.409854],[3.087557,50.40924],[3.08799,50.409172],[3.090071,50.409704],[3.090553,50.409713],[3.092096,50.409166],[3.091896,50.408889],[3.092483,50.408721],[3.092719,50.408306],[3.091401,50.407752],[3.091799,50.407576],[3.091993,50.407464],[3.092285,50.407215],[3.092496,50.406982],[3.09279,50.406776],[3.093084,50.406523],[3.093373,50.406162],[3.093775,50.405513],[3.09394,50.404507],[3.093928,50.404175],[3.09209,50.404516],[3.091858,50.404052],[3.091703,50.403829],[3.089008,50.402671],[3.088794,50.402624],[3.088426,50.402587],[3.087543,50.402424],[3.087556,50.402348],[3.087249,50.402349],[3.085104,50.402066],[3.084362,50.402703],[3.082394,50.402807],[3.080697,50.402888],[3.077111,50.405392],[3.073934,50.40378],[3.073475,50.404156],[3.072182,50.405302],[3.071702,50.405706],[3.071474,50.405718],[3.070417,50.405194],[3.069798,50.404873],[3.069609,50.40488],[3.068863,50.405534],[3.068441,50.405861],[3.068067,50.406186],[3.066994,50.407018],[3.066875,50.407074],[3.066363,50.406822],[3.06618,50.406813],[3.065518,50.407389],[3.065275,50.407629],[3.064471,50.408288],[3.064276,50.408367],[3.063199,50.407926],[3.062237,50.407465],[3.060811,50.408539],[3.060476,50.408427],[3.059848,50.408024],[3.059318,50.407721],[3.059009,50.407565],[3.058653,50.407447],[3.05815,50.407337],[3.057789,50.407182],[3.057603,50.407131],[3.057267,50.407328],[3.05655,50.4072],[3.055793,50.407199],[3.055427,50.406937],[3.055093,50.406849],[3.054742,50.406711],[3.054493,50.406338],[3.054292,50.40633],[3.054111,50.406916],[3.054053,50.40789],[3.053221,50.407883],[3.051311,50.407843],[3.051146,50.4076],[3.050999,50.407324],[3.050069,50.407348],[3.04913,50.407428],[3.048583,50.407623],[3.048306,50.407233],[3.048137,50.407298],[3.047491,50.407482],[3.047431,50.407475],[3.04698,50.407157],[3.046687,50.407192],[3.046246,50.407351],[3.044667,50.408007],[3.042405,50.40664],[3.040815,50.407794],[3.040233,50.407518],[3.038926,50.408757],[3.039525,50.409332],[3.039806,50.409643],[3.039368,50.409748],[3.038268,50.410047],[3.036751,50.410191],[3.035189,50.408404],[3.033458,50.409648],[3.032943,50.410028],[3.032523,50.41022],[3.031424,50.410791],[3.030095,50.411434],[3.029551,50.411708],[3.02904,50.411917],[3.028425,50.412191],[3.031212,50.415487],[3.03118,50.415566],[3.030382,50.415727],[3.031362,50.416403],[3.032081,50.416519],[3.033512,50.416407],[3.034024,50.417344],[3.035126,50.418687],[3.035448,50.418948],[3.036017,50.419277],[3.036173,50.419304],[3.037217,50.419263],[3.037487,50.419243],[3.038503,50.422588],[3.038679,50.423094],[3.039255,50.423068],[3.040628,50.423022],[3.041878,50.422899],[3.042524,50.422785],[3.043269,50.422678],[3.044009,50.422533],[3.044431,50.422824],[3.045292,50.423353],[3.046498,50.424154],[3.046788,50.424373],[3.047624,50.424959],[3.048849,50.425754],[3.049198,50.425921],[3.049682,50.425878],[3.049924,50.425807],[3.050861,50.425458],[3.05166,50.425395],[3.052474,50.425347],[3.05281,50.425304],[3.053219,50.425384],[3.053354,50.425454],[3.053749,50.425886],[3.054189,50.425849],[3.055,50.425734],[3.056259,50.42558],[3.058139,50.425339],[3.058694,50.425764],[3.059251,50.426166],[3.059432,50.426315],[3.059365,50.426471],[3.059804,50.426426],[3.061116,50.426091],[3.062265,50.425985],[3.063482,50.426056],[3.064407,50.42503],[3.064771,50.425118],[3.064923,50.425114],[3.065184,50.42517],[3.065784,50.425202],[3.066179,50.425249],[3.066934,50.425246],[3.067802,50.42532],[3.068061,50.425385],[3.068396,50.425574],[3.068616,50.425667]]]}"
8,59113,Bruille-lez-Marchiennes,"50.355,3.241","{""type"":""Polygon"",""coordinates"":[[[3.243911,50.340951],[3.243324,50.341673],[3.243141,50.342056],[3.245246,50.342834],[3.244745,50.343343],[3.244283,50.343543],[3.244023,50.344087],[3.245318,50.344197],[3.246003,50.344672],[3.245575,50.344728],[3.245209,50.345379],[3.244054,50.345288],[3.243959,50.345711],[3.24497,50.345784],[3.244571,50.346609],[3.244953,50.346674],[3.244161,50.347339],[3.242819,50.347234],[3.242685,50.347726],[3.245411,50.348756],[3.244635,50.349894],[3.244041,50.349891],[3.243193,50.349137],[3.24225,50.348645],[3.242234,50.348751],[3.240284,50.348451],[3.239609,50.349963],[3.23655,50.349318],[3.234717,50.348906],[3.234297,50.349407],[3.23306,50.348831],[3.231232,50.351088],[3.230895,50.350978],[3.230574,50.351477],[3.230189,50.351328],[3.229255,50.352297],[3.229587,50.352459],[3.228801,50.353212],[3.228538,50.353089],[3.227121,50.354042],[3.227336,50.354267],[3.227793,50.354692],[3.228442,50.355075],[3.229267,50.355605],[3.228929,50.355743],[3.228507,50.356005],[3.228211,50.356163],[3.228056,50.356277],[3.226805,50.357346],[3.225776,50.358171],[3.225726,50.358248],[3.225059,50.358808],[3.224954,50.358941],[3.22301,50.360682],[3.221832,50.361565],[3.223554,50.362679],[3.224939,50.363554],[3.228009,50.365488],[3.229618,50.366472],[3.230726,50.364241],[3.230888,50.363966],[3.231093,50.36378],[3.232293,50.363077],[3.233621,50.362267],[3.233733,50.362189],[3.233938,50.362135],[3.234339,50.362142],[3.234812,50.362008],[3.235663,50.361614],[3.2366,50.361218],[3.237797,50.360817],[3.238091,50.360703],[3.238704,50.360423],[3.239365,50.360093],[3.239553,50.36002],[3.239832,50.360004],[3.240037,50.359938],[3.240553,50.359926],[3.240738,50.359946],[3.240987,50.36005],[3.241555,50.36042],[3.242921,50.361067],[3.24313,50.36118],[3.243129,50.361767],[3.243152,50.362416],[3.243024,50.362453],[3.243038,50.362999],[3.24119,50.363621],[3.242234,50.363926],[3.242893,50.364077],[3.242786,50.364264],[3.242152,50.365241],[3.241532,50.366168],[3.24121,50.366702],[3.240882,50.367188],[3.240689,50.36744],[3.240422,50.367841],[3.240256,50.367976],[3.239752,50.368235],[3.239884,50.368483],[3.246945,50.368367],[3.247964,50.368191],[3.249602,50.368173],[3.250162,50.368055],[3.250137,50.367858],[3.252589,50.366772],[3.253523,50.366742],[3.25429,50.366657],[3.256286,50.366211],[3.256157,50.365931],[3.256002,50.365504],[3.255767,50.365111],[3.25575,50.364444],[3.255653,50.364276],[3.255636,50.364071],[3.255529,50.363779],[3.256049,50.363171],[3.256158,50.362807],[3.256567,50.362254],[3.256609,50.362222],[3.257184,50.361575],[3.256286,50.36119],[3.256147,50.361116],[3.256076,50.360899],[3.256179,50.360477],[3.256295,50.360211],[3.256125,50.359378],[3.255829,50.359039],[3.255527,50.358458],[3.25564,50.35776],[3.256319,50.356858],[3.256125,50.356777],[3.256898,50.355936],[3.257602,50.356161],[3.258707,50.354956],[3.25715,50.354383],[3.258553,50.352801],[3.25658,50.352097],[3.257115,50.351177],[3.256774,50.351053],[3.257073,50.350615],[3.256262,50.350406],[3.256724,50.349782],[3.257575,50.350025],[3.258054,50.34853],[3.259868,50.348441],[3.260303,50.348424],[3.260595,50.347278],[3.257856,50.34701],[3.257817,50.346529],[3.25708,50.346474],[3.256899,50.344997],[3.254649,50.345197],[3.254586,50.344657],[3.254691,50.344117],[3.25498,50.343173],[3.254282,50.343038],[3.253253,50.342864],[3.253189,50.342815],[3.251878,50.342093],[3.251336,50.342831],[3.250379,50.343963],[3.249347,50.343646],[3.246726,50.342866],[3.245549,50.342542],[3.246041,50.34191],[3.245196,50.341552],[3.244807,50.34142],[3.244367,50.341218],[3.243911,50.340951]]]}"
9,59115,Brunémont,"50.274,3.144","{""type"":""Polygon"",""coordinates"":[[[3.137889,50.265338],[3.137516,50.265203],[3.137359,50.265107],[3.136979,50.264929],[3.136696,50.264863],[3.136571,50.264875],[3.135571,50.26526],[3.134492,50.265623],[3.134093,50.265812],[3.133793,50.266167],[3.133416,50.26622],[3.132437,50.266143],[3.132437,50.266269],[3.132031,50.266273],[3.1316,50.266524],[3.131298,50.266615],[3.130966,50.266765],[3.130583,50.26697],[3.130208,50.267061],[3.12995,50.267174],[3.1298,50.267283],[3.129574,50.26751],[3.128879,50.267793],[3.128702,50.267918],[3.128711,50.268025],[3.129084,50.268486],[3.129394,50.268783],[3.129728,50.269072],[3.130545,50.269722],[3.131498,50.270585],[3.132157,50.271149],[3.132334,50.271328],[3.132388,50.271454],[3.132621,50.271719],[3.132913,50.272006],[3.133289,50.27234],[3.13432,50.273282],[3.134741,50.273602],[3.135077,50.273906],[3.135644,50.27446],[3.135729,50.274505],[3.136313,50.275067],[3.136824,50.27551],[3.137081,50.27577],[3.137302,50.276038],[3.137875,50.276457],[3.138193,50.276715],[3.139469,50.277801],[3.140744,50.278922],[3.14108,50.279205],[3.145227,50.283098],[3.148071,50.282001],[3.152861,50.280372],[3.152915,50.280553],[3.15648,50.28106],[3.157509,50.278339],[3.157834,50.277503],[3.158554,50.275616],[3.157544,50.275288],[3.156112,50.274763],[3.155565,50.274348],[3.155054,50.27388],[3.154818,50.273645],[3.153944,50.272888],[3.153849,50.272767],[3.153694,50.272183],[3.153628,50.272082],[3.153357,50.271832],[3.152909,50.27137],[3.152503,50.271044],[3.152063,50.270778],[3.151642,50.270476],[3.15121,50.270208],[3.150416,50.269797],[3.149839,50.269512],[3.149431,50.269376],[3.149043,50.269322],[3.148529,50.269347],[3.147818,50.269475],[3.146747,50.269724],[3.145458,50.270146],[3.144881,50.270307],[3.143736,50.270543],[3.143412,50.270622],[3.142624,50.270774],[3.142454,50.270838],[3.142054,50.270882],[3.141799,50.270827],[3.141663,50.270754],[3.141658,50.270543],[3.141168,50.270038],[3.140701,50.269505],[3.140372,50.269075],[3.139922,50.268426],[3.139689,50.268138],[3.138477,50.266566],[3.138133,50.266023],[3.137901,50.265455],[3.137889,50.265338]]]}"
10,59117,Bugnicourt,"50.289,3.155","{""type"":""Polygon"",""coordinates"":[[[3.158554,50.275616],[3.157834,50.277503],[3.157509,50.278339],[3.15648,50.28106],[3.152915,50.280553],[3.152861,50.280372],[3.148071,50.282001],[3.145227,50.283098],[3.146589,50.284375],[3.147456,50.285678],[3.145223,50.286457],[3.144709,50.286158],[3.144072,50.285768],[3.143616,50.285539],[3.141833,50.287956],[3.140283,50.287545],[3.140466,50.287302],[3.133919,50.285215],[3.133738,50.285622],[3.133641,50.286107],[3.133629,50.286454],[3.133733,50.287391],[3.133736,50.287822],[3.134023,50.288729],[3.134299,50.28943],[3.134444,50.289964],[3.134404,50.290261],[3.13435,50.290389],[3.133723,50.291187],[3.133508,50.291592],[3.133312,50.292048],[3.133038,50.2928],[3.13272,50.29347],[3.132607,50.293773],[3.13253,50.294175],[3.132582,50.294778],[3.132694,50.295315],[3.132958,50.296091],[3.132999,50.296384],[3.133032,50.296932],[3.132987,50.297497],[3.132919,50.297808],[3.132718,50.298251],[3.132069,50.299257],[3.131879,50.299592],[3.132363,50.299671],[3.133091,50.299746],[3.134769,50.299824],[3.134755,50.299688],[3.13564,50.299588],[3.135742,50.299369],[3.13859,50.300787],[3.139343,50.300177],[3.140098,50.301507],[3.140292,50.301965],[3.140508,50.302299],[3.141384,50.303311],[3.142175,50.303141],[3.143702,50.302786],[3.144469,50.302657],[3.144968,50.302554],[3.145349,50.302432],[3.145763,50.302215],[3.146696,50.301703],[3.14845,50.300765],[3.149879,50.300011],[3.15058,50.299632],[3.15058,50.300451],[3.15056,50.301168],[3.150545,50.302387],[3.152338,50.302101],[3.154218,50.303559],[3.157034,50.307518],[3.162146,50.300528],[3.162061,50.300288],[3.162031,50.300006],[3.161903,50.299818],[3.161488,50.299581],[3.16137,50.29945],[3.161332,50.299273],[3.164744,50.298267],[3.163943,50.29701],[3.165315,50.296576],[3.165439,50.29669],[3.166101,50.296861],[3.166461,50.296921],[3.17303,50.295959],[3.170364,50.292861],[3.170888,50.293106],[3.170014,50.290987],[3.171232,50.290818],[3.171987,50.290705],[3.172767,50.290559],[3.172988,50.290501],[3.173999,50.290189],[3.174438,50.290067],[3.174979,50.289883],[3.177468,50.288838],[3.177012,50.287874],[3.175068,50.28532],[3.175243,50.285272],[3.173139,50.283929],[3.174798,50.283102],[3.173774,50.282236],[3.173125,50.281725],[3.172182,50.281015],[3.171544,50.280544],[3.170867,50.28007],[3.170196,50.27962],[3.168086,50.278264],[3.167611,50.277954],[3.167077,50.277624],[3.165258,50.276468],[3.165788,50.27571],[3.166103,50.275206],[3.166514,50.274621],[3.166601,50.274232],[3.166895,50.273602],[3.166951,50.272967],[3.163356,50.274955],[3.162965,50.274555],[3.162306,50.273823],[3.161673,50.27315],[3.161192,50.272604],[3.160828,50.27226],[3.160551,50.271902],[3.16024,50.271593],[3.1601,50.271548],[3.158554,50.275616]]]}"
11,59126,Cantin,"50.308,3.126","{""type"":""Polygon"",""coordinates"":[[[3.123684,50.324935],[3.126046,50.325147],[3.12691,50.325172],[3.127589,50.325217],[3.128194,50.325312],[3.128658,50.325435],[3.129131,50.325631],[3.12935,50.325502],[3.13036,50.325082],[3.131888,50.324484],[3.132299,50.324298],[3.132775,50.324056],[3.133566,50.323589],[3.134488,50.322916],[3.135261,50.322371],[3.135803,50.32201],[3.136196,50.321769],[3.137,50.321404],[3.137787,50.321081],[3.139263,50.320504],[3.139959,50.320192],[3.140815,50.319708],[3.140857,50.319592],[3.142845,50.320256],[3.144035,50.320624],[3.146912,50.321369],[3.147657,50.321601],[3.148808,50.322009],[3.150235,50.320776],[3.151646,50.321873],[3.153348,50.320723],[3.155224,50.321936],[3.155635,50.321665],[3.156052,50.321419],[3.156653,50.32115],[3.156638,50.321051],[3.156507,50.320854],[3.155191,50.320016],[3.154941,50.320098],[3.15456,50.319825],[3.156394,50.319371],[3.156276,50.318723],[3.15707,50.31837],[3.157012,50.317989],[3.157251,50.317719],[3.157389,50.317492],[3.157644,50.317212],[3.157165,50.316728],[3.156908,50.316446],[3.156311,50.315715],[3.156151,50.315536],[3.156653,50.315287],[3.156049,50.314414],[3.155047,50.314524],[3.155117,50.314176],[3.155898,50.314139],[3.156365,50.314045],[3.156426,50.313898],[3.156243,50.313766],[3.155058,50.313734],[3.154744,50.313119],[3.154923,50.312394],[3.154508,50.310638],[3.15343,50.310613],[3.153121,50.310621],[3.152105,50.310612],[3.151988,50.310136],[3.151582,50.310177],[3.149581,50.310294],[3.149576,50.309502],[3.1495,50.308314],[3.149348,50.308308],[3.148475,50.308202],[3.147514,50.308043],[3.146625,50.307877],[3.142728,50.307643],[3.142631,50.307222],[3.141999,50.306227],[3.140691,50.30487],[3.140265,50.304648],[3.140134,50.304689],[3.13942,50.303847],[3.140109,50.303612],[3.141176,50.303346],[3.141384,50.303311],[3.140508,50.302299],[3.140292,50.301965],[3.140098,50.301507],[3.139343,50.300177],[3.13859,50.300787],[3.135742,50.299369],[3.13564,50.299588],[3.134755,50.299688],[3.134769,50.299824],[3.133091,50.299746],[3.132363,50.299671],[3.131879,50.299592],[3.131783,50.299762],[3.130761,50.299635],[3.129941,50.29955],[3.129516,50.299535],[3.129257,50.299503],[3.128714,50.299338],[3.128424,50.299342],[3.128218,50.29939],[3.126863,50.299856],[3.125487,50.300303],[3.124743,50.300653],[3.124459,50.299823],[3.124274,50.29986],[3.124126,50.299494],[3.121676,50.300051],[3.121555,50.299725],[3.121359,50.299383],[3.120606,50.298324],[3.11844,50.29922],[3.116636,50.299946],[3.11659,50.29932],[3.116498,50.298858],[3.116287,50.298104],[3.115764,50.296734],[3.115336,50.296941],[3.11519,50.296763],[3.114285,50.297052],[3.113897,50.296499],[3.113677,50.296562],[3.113119,50.295498],[3.111717,50.295679],[3.111153,50.295084],[3.110992,50.294534],[3.101914,50.295073],[3.102603,50.293547],[3.102825,50.292935],[3.10295,50.29244],[3.103018,50.291956],[3.101505,50.29233],[3.101481,50.292225],[3.09938,50.292129],[3.098969,50.292064],[3.097679,50.29182],[3.094394,50.291254],[3.095001,50.291982],[3.096746,50.294139],[3.096484,50.294374],[3.096389,50.294681],[3.096419,50.294864],[3.096664,50.295588],[3.093969,50.297862],[3.094154,50.298029],[3.094816,50.298532],[3.094934,50.298696],[3.095051,50.299147],[3.095321,50.299601],[3.09552,50.300273],[3.095599,50.300434],[3.095807,50.300741],[3.095911,50.300965],[3.096143,50.301555],[3.096423,50.302134],[3.09683,50.303196],[3.097189,50.304064],[3.09727,50.304316],[3.097406,50.304619],[3.09747,50.304958],[3.097794,50.305465],[3.098164,50.306374],[3.098199,50.306434],[3.099569,50.306947],[3.100254,50.30711],[3.100594,50.30708],[3.101167,50.307149],[3.101896,50.307265],[3.101944,50.307363],[3.102505,50.307388],[3.102727,50.307421],[3.1033,50.307547],[3.10379,50.30772],[3.104062,50.307876],[3.10384,50.308096],[3.103647,50.308328],[3.103345,50.308766],[3.102841,50.309412],[3.104134,50.309939],[3.103412,50.310583],[3.104331,50.311103],[3.105669,50.311494],[3.104686,50.312543],[3.104462,50.312577],[3.103722,50.312828],[3.104419,50.313442],[3.104263,50.313551],[3.106803,50.315673],[3.106326,50.315814],[3.106423,50.315936],[3.10706,50.316496],[3.107252,50.316723],[3.108511,50.317784],[3.108923,50.317714],[3.109176,50.317984],[3.109426,50.318299],[3.110052,50.318964],[3.110599,50.319728],[3.111105,50.319582],[3.111434,50.320087],[3.11158,50.320254],[3.111719,50.320339],[3.112073,50.320467],[3.112281,50.320597],[3.112787,50.320782],[3.113593,50.32123],[3.114513,50.321622],[3.113907,50.322265],[3.115874,50.323054],[3.117767,50.323946],[3.118019,50.324025],[3.11857,50.324125],[3.119831,50.324301],[3.121798,50.324595],[3.12235,50.324694],[3.123431,50.324911],[3.123684,50.324935]]]}"
12,59156,Courchelettes,"50.342,3.059","{""type"":""Polygon"",""coordinates"":[[[3.061015,50.332527],[3.057365,50.33575],[3.055843,50.337199],[3.05338,50.339521],[3.053975,50.340256],[3.054024,50.340974],[3.053753,50.341232],[3.05356,50.341377],[3.053314,50.341235],[3.053043,50.34101],[3.052754,50.341186],[3.052363,50.341001],[3.051446,50.341876],[3.051721,50.342004],[3.050858,50.343109],[3.049594,50.344311],[3.046764,50.345826],[3.047584,50.346177],[3.048158,50.346399],[3.049015,50.346679],[3.049979,50.347037],[3.051078,50.347394],[3.051522,50.34755],[3.051595,50.347606],[3.053174,50.348005],[3.053375,50.348113],[3.053944,50.34831],[3.054387,50.348442],[3.056441,50.34898],[3.056698,50.34908],[3.05804,50.3498],[3.059298,50.350467],[3.059797,50.350779],[3.061122,50.351474],[3.061846,50.351288],[3.062259,50.351237],[3.062868,50.350635],[3.063042,50.350502],[3.063728,50.350149],[3.063513,50.349922],[3.062634,50.350356],[3.062299,50.349842],[3.063791,50.349507],[3.064182,50.349899],[3.064238,50.34998],[3.064636,50.349787],[3.064601,50.349528],[3.064679,50.349161],[3.06433,50.348939],[3.064144,50.348751],[3.064105,50.348584],[3.06412,50.348362],[3.064198,50.347973],[3.06434,50.347604],[3.064466,50.347349],[3.064126,50.346924],[3.063669,50.346179],[3.06337,50.345751],[3.063116,50.345427],[3.063244,50.34499],[3.06333,50.345047],[3.06363,50.345095],[3.064113,50.345129],[3.06471,50.345131],[3.0652,50.345154],[3.065499,50.344938],[3.066027,50.344644],[3.06634,50.344514],[3.066841,50.3444],[3.067224,50.344333],[3.067884,50.344268],[3.068131,50.344221],[3.068298,50.344385],[3.068575,50.344245],[3.068371,50.343814],[3.068551,50.343702],[3.069928,50.34408],[3.069802,50.344377],[3.070763,50.345184],[3.070844,50.344158],[3.070951,50.343106],[3.070958,50.342363],[3.071031,50.34189],[3.072225,50.341577],[3.071772,50.340687],[3.071476,50.33934],[3.067734,50.340144],[3.067572,50.340404],[3.065925,50.340111],[3.065519,50.339787],[3.065396,50.33961],[3.065432,50.339153],[3.065334,50.339022],[3.065537,50.338498],[3.065517,50.338177],[3.065331,50.33757],[3.065196,50.337558],[3.064767,50.337618],[3.064281,50.337567],[3.063887,50.337565],[3.063635,50.337592],[3.063641,50.337377],[3.063533,50.337184],[3.063023,50.336788],[3.062908,50.336681],[3.062855,50.336535],[3.062912,50.336423],[3.063167,50.336391],[3.062982,50.335893],[3.062009,50.33396],[3.061704,50.333769],[3.061015,50.332527]]]}"
13,59165,Cuincy,"50.375,3.031","{""type"":""Polygon"",""coordinates"":[[[3.006475,50.361249],[3.008471,50.361633],[3.007991,50.362238],[3.009716,50.362735],[3.008578,50.364399],[3.009551,50.364675],[3.008736,50.365994],[3.006556,50.365424],[3.006193,50.366779],[3.004765,50.366636],[3.003453,50.369481],[3.003342,50.369519],[3.00292,50.369524],[3.002583,50.370701],[3.002747,50.370716],[3.002901,50.370788],[3.003384,50.370926],[3.00387,50.371025],[3.004364,50.371089],[3.004708,50.371235],[3.005705,50.371411],[3.005962,50.371375],[3.006109,50.371393],[3.006846,50.371404],[3.007066,50.371423],[3.007283,50.371486],[3.007568,50.371684],[3.007692,50.371805],[3.008043,50.371954],[3.008866,50.372062],[3.009123,50.372122],[3.009988,50.37223],[3.010202,50.372273],[3.01034,50.372683],[3.010424,50.372729],[3.010698,50.372756],[3.010831,50.372822],[3.010926,50.372983],[3.011606,50.373078],[3.011766,50.373126],[3.012047,50.373289],[3.01231,50.373344],[3.012861,50.373383],[3.013037,50.373183],[3.013172,50.372934],[3.013281,50.372826],[3.013458,50.37283],[3.013899,50.372967],[3.014984,50.373159],[3.015552,50.37321],[3.015634,50.373252],[3.015628,50.373428],[3.015708,50.373597],[3.015978,50.373633],[3.016594,50.373776],[3.017281,50.373959],[3.017741,50.374059],[3.02004,50.375015],[3.020629,50.375186],[3.021253,50.37532],[3.021414,50.375733],[3.02152,50.375923],[3.021639,50.376013],[3.022331,50.37638],[3.02306,50.376645],[3.023588,50.376765],[3.024173,50.377014],[3.02404,50.377331],[3.024004,50.377651],[3.024213,50.378405],[3.024296,50.378785],[3.024467,50.379209],[3.024429,50.379484],[3.024335,50.379581],[3.023544,50.379267],[3.022473,50.380342],[3.022796,50.380544],[3.022378,50.380889],[3.02261,50.381036],[3.023745,50.380148],[3.02418,50.379724],[3.024374,50.379736],[3.024501,50.379808],[3.025146,50.38006],[3.025554,50.380275],[3.026408,50.380817],[3.026663,50.381002],[3.027297,50.381414],[3.027763,50.381764],[3.028374,50.382378],[3.028569,50.38254],[3.030012,50.383459],[3.030919,50.383957],[3.031304,50.384102],[3.031793,50.384241],[3.032688,50.383491],[3.032833,50.383342],[3.033272,50.383513],[3.033751,50.383337],[3.034672,50.383712],[3.035056,50.38383],[3.035342,50.383811],[3.035568,50.383745],[3.03606,50.38401],[3.036211,50.384065],[3.036625,50.38412],[3.036981,50.384425],[3.037399,50.384546],[3.037503,50.384601],[3.037567,50.38489],[3.037905,50.385069],[3.038646,50.385419],[3.038759,50.385457],[3.039082,50.385454],[3.0394,50.38538],[3.039557,50.385378],[3.039919,50.38546],[3.040145,50.385549],[3.040864,50.385912],[3.041517,50.38597],[3.042142,50.386048],[3.042593,50.386043],[3.042748,50.386064],[3.043742,50.386404],[3.044118,50.386444],[3.04444,50.386521],[3.045078,50.386884],[3.04595,50.386979],[3.04626,50.387075],[3.046911,50.387367],[3.047319,50.387662],[3.050298,50.389305],[3.050381,50.38937],[3.052182,50.390412],[3.05239,50.390517],[3.052702,50.390555],[3.053196,50.390573],[3.053591,50.390616],[3.054116,50.390722],[3.054868,50.390847],[3.055073,50.390973],[3.055401,50.39071],[3.05655,50.389555],[3.056764,50.389049],[3.056872,50.388889],[3.057178,50.388596],[3.057569,50.388364],[3.05803,50.38819],[3.058728,50.387644],[3.058919,50.387461],[3.059243,50.387074],[3.059539,50.386588],[3.059767,50.386161],[3.059876,50.38587],[3.059968,50.385355],[3.059989,50.385007],[3.059975,50.384739],[3.059891,50.383901],[3.059701,50.383864],[3.058604,50.38371],[3.059196,50.383143],[3.05807,50.382824],[3.058068,50.38275],[3.059147,50.381637],[3.059426,50.381289],[3.058455,50.380912],[3.058984,50.380456],[3.059988,50.379747],[3.059553,50.379488],[3.059016,50.379227],[3.058086,50.378702],[3.058635,50.378185],[3.059369,50.377316],[3.0586,50.377056],[3.058524,50.377013],[3.05798,50.376877],[3.057441,50.376772],[3.05762,50.376367],[3.057887,50.375968],[3.058423,50.375199],[3.058443,50.375123],[3.057796,50.374983],[3.057105,50.374817],[3.052781,50.373929],[3.052213,50.373852],[3.051505,50.373773],[3.051969,50.373301],[3.052893,50.372224],[3.053529,50.372178],[3.053536,50.371917],[3.054289,50.371264],[3.05341,50.370782],[3.054575,50.369844],[3.054307,50.369738],[3.055336,50.368817],[3.054492,50.368577],[3.053449,50.368349],[3.052912,50.368219],[3.051644,50.367881],[3.050893,50.368525],[3.050079,50.368092],[3.050044,50.368145],[3.049517,50.368647],[3.049026,50.36905],[3.048466,50.369426],[3.047443,50.370034],[3.046772,50.369602],[3.045258,50.370505],[3.044445,50.369661],[3.044815,50.369326],[3.04403,50.368778],[3.043795,50.368592],[3.04324,50.368094],[3.042576,50.367596],[3.0424,50.367425],[3.041569,50.36799],[3.040778,50.367599],[3.041425,50.367042],[3.039166,50.366129],[3.039087,50.366191],[3.038302,50.365897],[3.037799,50.366394],[3.036486,50.366017],[3.036911,50.365422],[3.034234,50.364551],[3.033287,50.365732],[3.031921,50.365461],[3.032378,50.36476],[3.031067,50.36425],[3.031249,50.364056],[3.029839,50.363543],[3.029658,50.363703],[3.027567,50.36268],[3.027191,50.362993],[3.024218,50.361647],[3.021784,50.360853],[3.021543,50.361235],[3.02164,50.361397],[3.018692,50.360472],[3.017268,50.360966],[3.013617,50.359556],[3.013567,50.359599],[3.013111,50.359498],[3.011847,50.359267],[3.010313,50.358599],[3.008149,50.358218],[3.006703,50.360693],[3.006475,50.361249]]]}"
14,59170,Dechy,"50.352,3.129","{""type"":""Polygon"",""coordinates"":[[[3.129131,50.325631],[3.128658,50.325435],[3.128194,50.325312],[3.127589,50.325217],[3.12691,50.325172],[3.126046,50.325147],[3.123684,50.324935],[3.123801,50.328868],[3.122227,50.329234],[3.118939,50.330056],[3.116763,50.330589],[3.115314,50.330934],[3.111551,50.324818],[3.108808,50.327656],[3.108075,50.328373],[3.107195,50.329259],[3.106517,50.329972],[3.106219,50.3303],[3.105367,50.331149],[3.104531,50.332048],[3.103406,50.333237],[3.101557,50.335155],[3.09974,50.337057],[3.097576,50.339314],[3.098702,50.339853],[3.099623,50.340274],[3.101388,50.341048],[3.101971,50.341315],[3.102135,50.341417],[3.103823,50.3421],[3.105537,50.342867],[3.107834,50.34379],[3.109264,50.344325],[3.109323,50.34436],[3.110182,50.344683],[3.110872,50.344965],[3.111454,50.345235],[3.112164,50.345581],[3.11279,50.34587],[3.11388,50.346342],[3.114196,50.346435],[3.115039,50.346588],[3.115468,50.346693],[3.116048,50.346951],[3.116598,50.347229],[3.117365,50.347633],[3.117705,50.347834],[3.117898,50.347994],[3.117935,50.348077],[3.118178,50.348187],[3.118839,50.348659],[3.119386,50.348971],[3.119914,50.349238],[3.120438,50.34948],[3.120886,50.349631],[3.120647,50.35004],[3.120265,50.350629],[3.120467,50.35088],[3.12118,50.350554],[3.121795,50.35111],[3.122292,50.350945],[3.122631,50.351528],[3.122165,50.351696],[3.121712,50.35184],[3.123047,50.353493],[3.123614,50.354258],[3.123787,50.354524],[3.12298,50.35489],[3.123473,50.355369],[3.124152,50.356182],[3.124239,50.356672],[3.121341,50.357228],[3.12101,50.357389],[3.121245,50.357598],[3.122299,50.358457],[3.123361,50.35831],[3.124547,50.358234],[3.125094,50.359347],[3.125544,50.360217],[3.126068,50.360215],[3.133706,50.36643],[3.13444,50.366975],[3.135737,50.367885],[3.136779,50.368742],[3.138691,50.370283],[3.139511,50.370918],[3.140065,50.371372],[3.140193,50.371434],[3.140491,50.371486],[3.14066,50.371551],[3.140973,50.371776],[3.142834,50.373059],[3.148882,50.377351],[3.149126,50.37749],[3.149816,50.377997],[3.150152,50.37811],[3.150596,50.378331],[3.150873,50.378441],[3.151194,50.378711],[3.151486,50.378863],[3.151655,50.379039],[3.152225,50.379769],[3.152254,50.379846],[3.152551,50.379696],[3.153552,50.37943],[3.1538,50.379385],[3.153946,50.379275],[3.154954,50.378332],[3.155025,50.378175],[3.155344,50.377802],[3.156162,50.376789],[3.156846,50.375628],[3.156844,50.375386],[3.157181,50.375048],[3.15738,50.374798],[3.157696,50.374302],[3.158265,50.373307],[3.158989,50.373434],[3.158798,50.372618],[3.158879,50.372045],[3.158872,50.371653],[3.158755,50.371048],[3.158773,50.370655],[3.158729,50.369522],[3.158672,50.368632],[3.158565,50.367605],[3.158597,50.367371],[3.158566,50.367181],[3.158676,50.367023],[3.159225,50.366433],[3.159549,50.366066],[3.159665,50.365847],[3.1599,50.365265],[3.159951,50.365006],[3.159805,50.36451],[3.159426,50.36359],[3.159285,50.36341],[3.159036,50.363174],[3.15885,50.362899],[3.158606,50.362627],[3.158329,50.362355],[3.157983,50.362122],[3.157879,50.361977],[3.157499,50.361678],[3.15732,50.361451],[3.156759,50.361],[3.156424,50.360679],[3.156126,50.360546],[3.155551,50.360354],[3.153955,50.359921],[3.153882,50.359918],[3.151984,50.359496],[3.151328,50.359295],[3.151092,50.359128],[3.150798,50.359094],[3.150481,50.359171],[3.150317,50.359168],[3.15005,50.359039],[3.149934,50.358914],[3.149858,50.35873],[3.149515,50.358588],[3.14893,50.358519],[3.148498,50.358514],[3.148301,50.358459],[3.147983,50.358127],[3.14781,50.358016],[3.147545,50.357616],[3.147368,50.357475],[3.146997,50.357331],[3.146492,50.357338],[3.146326,50.35727],[3.146171,50.357105],[3.144076,50.357612],[3.142193,50.356601],[3.1411,50.35695],[3.140379,50.356029],[3.138811,50.356266],[3.136432,50.356482],[3.135746,50.355669],[3.135614,50.355725],[3.134942,50.354587],[3.134332,50.35326],[3.134047,50.352705],[3.134422,50.352717],[3.136478,50.352462],[3.136973,50.352378],[3.136787,50.352094],[3.136545,50.351665],[3.136091,50.350984],[3.135887,50.350746],[3.135618,50.350252],[3.135294,50.349814],[3.135493,50.349763],[3.134817,50.348942],[3.134332,50.349099],[3.133622,50.348351],[3.133005,50.347722],[3.134692,50.347383],[3.137705,50.346744],[3.138373,50.346596],[3.13785,50.345675],[3.136441,50.345787],[3.136212,50.345195],[3.137984,50.344734],[3.137172,50.343186],[3.136519,50.34348],[3.136269,50.343198],[3.13543,50.343536],[3.13422,50.342246],[3.134408,50.342188],[3.133731,50.341446],[3.133172,50.341657],[3.132345,50.340727],[3.131879,50.34023],[3.136064,50.338845],[3.135314,50.337988],[3.135506,50.337918],[3.134345,50.3369],[3.134419,50.336838],[3.135461,50.336112],[3.133356,50.333443],[3.133613,50.333344],[3.132408,50.331789],[3.130873,50.330358],[3.132169,50.329982],[3.13196,50.329013],[3.133395,50.328417],[3.130876,50.326828],[3.130059,50.326077],[3.129366,50.325755],[3.129131,50.325631]]]}"
15,59178,Douai,"50.379,3.100","{""type"":""Polygon"",""coordinates"":[[[3.149448,50.400243],[3.149152,50.40013],[3.148634,50.400127],[3.148231,50.400163],[3.147701,50.399963],[3.147566,50.399888],[3.146949,50.399331],[3.14685,50.398989],[3.14681,50.398677],[3.146904,50.398339],[3.146866,50.39823],[3.146697,50.398111],[3.146705,50.397995],[3.147054,50.397739],[3.14715,50.397559],[3.147118,50.397503],[3.146536,50.397281],[3.146337,50.397073],[3.146261,50.396772],[3.146153,50.396512],[3.146029,50.39638],[3.145593,50.396022],[3.145469,50.395883],[3.14535,50.39567],[3.145173,50.395648],[3.144349,50.395284],[3.144204,50.395123],[3.143937,50.394949],[3.143691,50.394888],[3.142202,50.394719],[3.141587,50.394748],[3.140553,50.394844],[3.140201,50.394822],[3.1399,50.394871],[3.13887,50.394986],[3.138718,50.395041],[3.137269,50.395145],[3.136325,50.395071],[3.136082,50.393965],[3.135849,50.391949],[3.135607,50.39017],[3.135441,50.389171],[3.135387,50.388934],[3.135263,50.388735],[3.132958,50.389441],[3.129547,50.390452],[3.12886,50.390674],[3.128487,50.390579],[3.128415,50.390367],[3.128664,50.389425],[3.127289,50.38925],[3.126951,50.389143],[3.126215,50.388679],[3.126067,50.388641],[3.125712,50.388688],[3.124561,50.388795],[3.124158,50.388789],[3.122815,50.388696],[3.122619,50.389636],[3.122573,50.389716],[3.122836,50.389879],[3.123126,50.390096],[3.123644,50.390546],[3.124063,50.390996],[3.124351,50.391374],[3.124531,50.391691],[3.124719,50.391888],[3.12553,50.392567],[3.125998,50.392927],[3.126301,50.393137],[3.126699,50.393367],[3.127121,50.393576],[3.128408,50.394127],[3.129587,50.394621],[3.129816,50.394725],[3.129529,50.395051],[3.129486,50.395155],[3.12899,50.396855],[3.128793,50.397507],[3.12795,50.397651],[3.127122,50.397831],[3.12344,50.398589],[3.121954,50.398903],[3.121503,50.398976],[3.121069,50.398928],[3.119308,50.398632],[3.118815,50.398614],[3.117272,50.398737],[3.116428,50.398798],[3.115719,50.398867],[3.114888,50.398283],[3.114658,50.398154],[3.114225,50.397956],[3.113577,50.397565],[3.11217,50.39688],[3.111041,50.396318],[3.110756,50.396115],[3.110509,50.395867],[3.110041,50.39519],[3.108591,50.393021],[3.108224,50.39262],[3.107985,50.392409],[3.106167,50.391092],[3.105502,50.390597],[3.104808,50.390139],[3.104412,50.389895],[3.103708,50.389515],[3.102634,50.388953],[3.101817,50.388495],[3.101339,50.388156],[3.101018,50.387834],[3.100438,50.387095],[3.100122,50.386734],[3.099469,50.386178],[3.098648,50.385559],[3.098189,50.38514],[3.097753,50.384707],[3.097558,50.384487],[3.097397,50.384258],[3.097125,50.383764],[3.096945,50.383475],[3.096721,50.383212],[3.095701,50.382228],[3.095388,50.381968],[3.095076,50.381625],[3.094409,50.380955],[3.094981,50.380639],[3.096208,50.380111],[3.09755,50.379545],[3.09859,50.379082],[3.100371,50.378529],[3.099962,50.37778],[3.099758,50.377359],[3.099208,50.376335],[3.099039,50.375933],[3.098618,50.374725],[3.098324,50.374113],[3.098297,50.374018],[3.098454,50.373124],[3.098646,50.371794],[3.098737,50.370862],[3.098865,50.369217],[3.098885,50.368762],[3.09911,50.3684],[3.099034,50.368243],[3.098559,50.36804],[3.097937,50.367813],[3.09706,50.367523],[3.097175,50.367163],[3.09606,50.367219],[3.093902,50.366462],[3.09413,50.366276],[3.093615,50.366133],[3.093683,50.365318],[3.09314,50.365251],[3.091618,50.365099],[3.091446,50.36448],[3.091908,50.364432],[3.092675,50.364423],[3.094969,50.364384],[3.095707,50.364342],[3.096365,50.364245],[3.097219,50.363975],[3.098079,50.36368],[3.097802,50.363376],[3.097642,50.362843],[3.094753,50.359651],[3.09335,50.360157],[3.091731,50.358572],[3.093249,50.35804],[3.090286,50.355615],[3.09169,50.35492],[3.092935,50.35433],[3.093341,50.354119],[3.093917,50.353795],[3.094371,50.353423],[3.094957,50.352755],[3.095119,50.352518],[3.095766,50.351668],[3.095932,50.351465],[3.094854,50.349862],[3.094275,50.34991],[3.093919,50.349874],[3.091923,50.349527],[3.091582,50.349487],[3.089342,50.349356],[3.088747,50.349297],[3.088162,50.349217],[3.08798,50.349428],[3.087059,50.349509],[3.08553,50.349694],[3.084668,50.349775],[3.083728,50.349846],[3.083175,50.349906],[3.082858,50.349968],[3.084319,50.351038],[3.083305,50.351448],[3.082094,50.352132],[3.081574,50.352664],[3.08073,50.353293],[3.07888,50.354759],[3.07883,50.354738],[3.076629,50.356188],[3.074987,50.356],[3.074766,50.355782],[3.072251,50.356719],[3.070481,50.356854],[3.070208,50.356477],[3.069953,50.356194],[3.069713,50.356255],[3.069555,50.356186],[3.068305,50.356437],[3.068919,50.357382],[3.069347,50.358306],[3.069394,50.358618],[3.069365,50.358916],[3.06937,50.359292],[3.069423,50.359395],[3.069866,50.359888],[3.070584,50.360474],[3.071149,50.360862],[3.071425,50.361182],[3.071545,50.361409],[3.07154,50.361614],[3.071185,50.362138],[3.071066,50.362365],[3.070976,50.36283],[3.071096,50.363128],[3.071139,50.363346],[3.070511,50.363575],[3.069502,50.363458],[3.068812,50.363872],[3.068338,50.36318],[3.067411,50.362651],[3.067247,50.362738],[3.067081,50.362661],[3.065879,50.362215],[3.065396,50.36205],[3.064979,50.361948],[3.064263,50.361842],[3.062796,50.361756],[3.062104,50.361649],[3.060007,50.361081],[3.059664,50.360968],[3.058704,50.361573],[3.05835,50.361813],[3.057728,50.362328],[3.056588,50.3632],[3.057023,50.363417],[3.053976,50.366284],[3.052979,50.366647],[3.052878,50.36689],[3.054201,50.367325],[3.054771,50.367471],[3.055419,50.367468],[3.055896,50.367546],[3.057021,50.367795],[3.057063,50.367828],[3.057546,50.367898],[3.058237,50.36804],[3.058539,50.36808],[3.057866,50.369206],[3.057632,50.369553],[3.056484,50.369223],[3.05556,50.368885],[3.055336,50.368817],[3.054307,50.369738],[3.054575,50.369844],[3.05341,50.370782],[3.054289,50.371264],[3.053536,50.371917],[3.053529,50.372178],[3.052893,50.372224],[3.051969,50.373301],[3.051505,50.373773],[3.052213,50.373852],[3.052781,50.373929],[3.057105,50.374817],[3.057796,50.374983],[3.058443,50.375123],[3.058423,50.375199],[3.057887,50.375968],[3.05762,50.376367],[3.057441,50.376772],[3.05798,50.376877],[3.058524,50.377013],[3.0586,50.377056],[3.059369,50.377316],[3.058635,50.378185],[3.058086,50.378702],[3.059016,50.379227],[3.059553,50.379488],[3.059988,50.379747],[3.058984,50.380456],[3.058455,50.380912],[3.059426,50.381289],[3.059147,50.381637],[3.058068,50.38275],[3.05807,50.382824],[3.059196,50.383143],[3.058604,50.38371],[3.059701,50.383864],[3.059891,50.383901],[3.059975,50.384739],[3.059989,50.385007],[3.059968,50.385355],[3.059876,50.38587],[3.059767,50.386161],[3.059539,50.386588],[3.059243,50.387074],[3.058919,50.387461],[3.058728,50.387644],[3.05803,50.38819],[3.057569,50.388364],[3.057178,50.388596],[3.056872,50.388889],[3.056764,50.389049],[3.05655,50.389555],[3.055401,50.39071],[3.055073,50.390973],[3.055166,50.391193],[3.055797,50.391474],[3.056309,50.391615],[3.056645,50.391777],[3.05709,50.391698],[3.057089,50.391606],[3.058096,50.391846],[3.058301,50.391882],[3.057337,50.392558],[3.057281,50.392785],[3.057055,50.393069],[3.057027,50.393169],[3.057103,50.393278],[3.057286,50.393237],[3.057703,50.393328],[3.057936,50.393418],[3.058995,50.393456],[3.059425,50.393488],[3.060755,50.393519],[3.061211,50.393567],[3.06188,50.393669],[3.062791,50.393853],[3.062933,50.393916],[3.06321,50.393918],[3.063366,50.393723],[3.063821,50.393752],[3.06404,50.393591],[3.06424,50.393543],[3.064487,50.393549],[3.064756,50.393491],[3.064959,50.393506],[3.065191,50.393615],[3.065497,50.393647],[3.065882,50.393528],[3.066049,50.393542],[3.066541,50.393677],[3.067013,50.39374],[3.067223,50.393789],[3.067365,50.393905],[3.067537,50.394207],[3.067666,50.39429],[3.068273,50.394517],[3.068791,50.39473],[3.069124,50.394884],[3.069437,50.395073],[3.069655,50.395112],[3.069919,50.39506],[3.070148,50.39506],[3.070297,50.395129],[3.070311,50.395712],[3.070265,50.39581],[3.070132,50.395866],[3.069815,50.395887],[3.069579,50.395943],[3.069389,50.396075],[3.069433,50.396285],[3.069818,50.39646],[3.069972,50.396698],[3.070357,50.396901],[3.070584,50.397059],[3.072347,50.396861],[3.073205,50.396784],[3.074738,50.396576],[3.07597,50.396449],[3.077013,50.396294],[3.077963,50.396162],[3.078251,50.396137],[3.078877,50.396041],[3.079302,50.39602],[3.079865,50.396029],[3.080032,50.395912],[3.080228,50.395997],[3.081661,50.396245],[3.083136,50.396465],[3.085131,50.396811],[3.085846,50.396894],[3.08599,50.396957],[3.08688,50.397145],[3.087175,50.397268],[3.088527,50.397546],[3.088957,50.397626],[3.09102,50.398246],[3.091737,50.398127],[3.094604,50.397585],[3.103873,50.398079],[3.103902,50.398205],[3.105305,50.398245],[3.105978,50.398301],[3.106125,50.398298],[3.109632,50.398451],[3.110475,50.398542],[3.110634,50.398584],[3.111105,50.398846],[3.111251,50.398976],[3.11146,50.399325],[3.111739,50.39956],[3.112016,50.399622],[3.112208,50.399595],[3.112567,50.399435],[3.113009,50.39937],[3.113354,50.399486],[3.113704,50.399728],[3.115149,50.400169],[3.115663,50.400349],[3.116074,50.400565],[3.116345,50.400759],[3.11661,50.400984],[3.11744,50.40162],[3.117944,50.402024],[3.117989,50.402238],[3.117881,50.40252],[3.117675,50.402827],[3.117562,50.403105],[3.117704,50.403352],[3.117908,50.403443],[3.118206,50.403411],[3.118878,50.403103],[3.119122,50.403025],[3.119431,50.402992],[3.119746,50.403041],[3.120567,50.403581],[3.120886,50.403996],[3.12143,50.404466],[3.121955,50.404869],[3.12205,50.404936],[3.122453,50.405112],[3.122743,50.405345],[3.122878,50.405521],[3.123143,50.405761],[3.12327,50.405827],[3.124384,50.406172],[3.124698,50.406299],[3.124785,50.406426],[3.124687,50.407646],[3.124745,50.407796],[3.125109,50.407907],[3.125594,50.407996],[3.125851,50.407993],[3.126862,50.407576],[3.127169,50.407553],[3.127396,50.407643],[3.127572,50.407923],[3.127725,50.408079],[3.128249,50.408373],[3.128665,50.408662],[3.128972,50.409015],[3.129298,50.409456],[3.129928,50.410078],[3.130333,50.410295],[3.130715,50.410385],[3.131565,50.410513],[3.132347,50.410578],[3.133087,50.410607],[3.133881,50.410588],[3.134147,50.410563],[3.134657,50.410474],[3.135637,50.41027],[3.136228,50.410133],[3.13665,50.410079],[3.137775,50.410046],[3.13805,50.410022],[3.138442,50.409917],[3.138751,50.409678],[3.139092,50.409333],[3.139379,50.409191],[3.139648,50.409215],[3.140486,50.409495],[3.141281,50.409893],[3.141697,50.410011],[3.142021,50.410016],[3.142556,50.409885],[3.143679,50.409515],[3.144294,50.409247],[3.145167,50.408761],[3.145653,50.408558],[3.146047,50.408449],[3.146443,50.408464],[3.146711,50.408549],[3.147142,50.408641],[3.14755,50.408681],[3.147673,50.408612],[3.147789,50.40843],[3.148198,50.407586],[3.14816,50.407456],[3.147585,50.4073],[3.147219,50.407238],[3.146417,50.407146],[3.146105,50.407091],[3.145986,50.407037],[3.145909,50.406916],[3.145965,50.406733],[3.146632,50.406207],[3.146926,50.405882],[3.147088,50.405541],[3.14759,50.404578],[3.14791,50.404052],[3.148204,50.403742],[3.14838,50.403508],[3.148776,50.403052],[3.148898,50.402882],[3.149114,50.402762],[3.148877,50.401935],[3.149448,50.400243]]]}"
16,59199,Erchin,"50.314,3.171","{""type"":""Polygon"",""coordinates"":[[[3.157389,50.317492],[3.159254,50.320431],[3.160504,50.322296],[3.160443,50.32237],[3.16101,50.322934],[3.161529,50.323703],[3.162211,50.324802],[3.162268,50.324864],[3.163456,50.324625],[3.163607,50.325055],[3.164516,50.325015],[3.164481,50.326294],[3.16652,50.326247],[3.166607,50.327008],[3.168995,50.327014],[3.169095,50.328704],[3.172075,50.328542],[3.172037,50.327779],[3.178709,50.327767],[3.178634,50.327204],[3.178702,50.326927],[3.178981,50.326103],[3.180529,50.326114],[3.180971,50.326123],[3.181161,50.325125],[3.18336,50.326276],[3.18571,50.324187],[3.186354,50.324486],[3.186837,50.323708],[3.188118,50.32169],[3.191327,50.323292],[3.189802,50.325227],[3.192975,50.324543],[3.192951,50.32436],[3.1927,50.323646],[3.192666,50.323437],[3.195362,50.323008],[3.195544,50.324059],[3.201218,50.321578],[3.20059,50.320591],[3.202583,50.319786],[3.202018,50.31956],[3.201656,50.319432],[3.201211,50.319341],[3.200521,50.318884],[3.199886,50.31916],[3.199666,50.319107],[3.199984,50.318064],[3.19673,50.317497],[3.197105,50.316452],[3.193362,50.316278],[3.193653,50.314368],[3.194715,50.31442],[3.194887,50.312991],[3.188832,50.312732],[3.189063,50.311577],[3.189104,50.311278],[3.189072,50.310837],[3.188885,50.310136],[3.188711,50.309544],[3.180249,50.310019],[3.178793,50.310078],[3.176597,50.310259],[3.175468,50.310464],[3.173391,50.310484],[3.170184,50.310711],[3.169815,50.310962],[3.169577,50.310606],[3.168401,50.311242],[3.168362,50.311132],[3.168019,50.310559],[3.166609,50.311412],[3.166277,50.310825],[3.161965,50.311276],[3.161135,50.311403],[3.160542,50.311392],[3.160473,50.310893],[3.160191,50.310542],[3.159387,50.310676],[3.159359,50.310605],[3.158669,50.310657],[3.158688,50.310047],[3.157038,50.309925],[3.156753,50.309453],[3.156422,50.308821],[3.1543,50.308825],[3.153732,50.308749],[3.152328,50.308478],[3.151869,50.308334],[3.151657,50.308056],[3.151481,50.307784],[3.151342,50.307501],[3.150879,50.306366],[3.152364,50.306379],[3.153234,50.305613],[3.153479,50.305336],[3.154218,50.303559],[3.152338,50.302101],[3.150545,50.302387],[3.15056,50.301168],[3.15058,50.300451],[3.15058,50.299632],[3.149879,50.300011],[3.14845,50.300765],[3.146696,50.301703],[3.145763,50.302215],[3.145349,50.302432],[3.144968,50.302554],[3.144469,50.302657],[3.143702,50.302786],[3.142175,50.303141],[3.141384,50.303311],[3.141176,50.303346],[3.140109,50.303612],[3.13942,50.303847],[3.140134,50.304689],[3.140265,50.304648],[3.140691,50.30487],[3.141999,50.306227],[3.142631,50.307222],[3.142728,50.307643],[3.146625,50.307877],[3.147514,50.308043],[3.148475,50.308202],[3.149348,50.308308],[3.1495,50.308314],[3.149576,50.309502],[3.149581,50.310294],[3.151582,50.310177],[3.151988,50.310136],[3.152105,50.310612],[3.153121,50.310621],[3.15343,50.310613],[3.154508,50.310638],[3.154923,50.312394],[3.154744,50.313119],[3.155058,50.313734],[3.156243,50.313766],[3.156426,50.313898],[3.156365,50.314045],[3.155898,50.314139],[3.155117,50.314176],[3.155047,50.314524],[3.156049,50.314414],[3.156653,50.315287],[3.156151,50.315536],[3.156311,50.315715],[3.156908,50.316446],[3.157165,50.316728],[3.157644,50.317212],[3.157389,50.317492]]]}"
17,59203,Erre,"50.368,3.320","{""type"":""Polygon"",""coordinates"":[[[3.328262,50.347578],[3.328215,50.346491],[3.328239,50.345995],[3.328122,50.343939],[3.328081,50.343709],[3.32894,50.343451],[3.328862,50.343197],[3.326603,50.343084],[3.326739,50.34357],[3.32276,50.343123],[3.320487,50.342845],[3.319352,50.343002],[3.318813,50.343148],[3.318322,50.34298],[3.318062,50.342493],[3.316077,50.343],[3.31629,50.343414],[3.315882,50.343877],[3.315191,50.344234],[3.315317,50.344567],[3.313291,50.344867],[3.313357,50.345181],[3.312295,50.345485],[3.312231,50.345356],[3.311975,50.34503],[3.311673,50.34473],[3.311241,50.344363],[3.311326,50.344699],[3.310011,50.345021],[3.30976,50.344787],[3.309635,50.344609],[3.308629,50.343843],[3.307423,50.343917],[3.307297,50.34306],[3.305517,50.34364],[3.299718,50.344176],[3.298577,50.346015],[3.298885,50.347326],[3.299655,50.347624],[3.305795,50.347772],[3.306056,50.347637],[3.307828,50.347212],[3.310672,50.347432],[3.310461,50.346767],[3.312939,50.347236],[3.313445,50.348151],[3.31363,50.348357],[3.313841,50.348789],[3.312271,50.349719],[3.312033,50.349838],[3.311913,50.349947],[3.312342,50.350645],[3.312256,50.351899],[3.311399,50.356126],[3.311307,50.356432],[3.311249,50.357012],[3.311222,50.357776],[3.311234,50.357942],[3.311407,50.358256],[3.311367,50.358651],[3.3111,50.359625],[3.309533,50.35956],[3.309544,50.359949],[3.309182,50.359955],[3.308681,50.360026],[3.309556,50.361432],[3.309985,50.36142],[3.311189,50.363209],[3.313018,50.364542],[3.313586,50.365191],[3.313744,50.365329],[3.313708,50.365575],[3.314049,50.366538],[3.313037,50.368035],[3.312141,50.368888],[3.312401,50.369048],[3.311763,50.369479],[3.311249,50.369787],[3.310815,50.369988],[3.31036,50.370168],[3.309592,50.370389],[3.309954,50.371251],[3.310431,50.373643],[3.309922,50.373629],[3.309146,50.373578],[3.308699,50.373566],[3.307815,50.373636],[3.307098,50.373649],[3.306318,50.373634],[3.305906,50.373753],[3.305374,50.373992],[3.304626,50.374571],[3.30296,50.375322],[3.302928,50.375546],[3.302824,50.375658],[3.301464,50.376747],[3.301344,50.376889],[3.301289,50.377177],[3.301257,50.377736],[3.301217,50.378051],[3.301222,50.378343],[3.301193,50.378518],[3.301101,50.378747],[3.301058,50.379381],[3.301044,50.380035],[3.300935,50.38048],[3.30081,50.381123],[3.300686,50.382026],[3.300685,50.382439],[3.300637,50.382674],[3.300321,50.383077],[3.300523,50.383174],[3.300601,50.383257],[3.300534,50.383357],[3.301007,50.383705],[3.301368,50.384049],[3.301442,50.384253],[3.301628,50.384486],[3.301721,50.384653],[3.301878,50.384834],[3.301918,50.384971],[3.302189,50.385209],[3.302247,50.385377],[3.30239,50.385583],[3.302461,50.385752],[3.302636,50.385913],[3.302922,50.386463],[3.30327,50.386944],[3.303391,50.387245],[3.303491,50.387331],[3.303592,50.387536],[3.303806,50.387811],[3.304345,50.388693],[3.304728,50.388851],[3.307501,50.390286],[3.307917,50.390521],[3.308079,50.390662],[3.30805,50.390743],[3.308641,50.390489],[3.309081,50.390006],[3.309524,50.389464],[3.310141,50.388837],[3.310484,50.388466],[3.310599,50.388173],[3.310819,50.388178],[3.313118,50.388413],[3.3143,50.388607],[3.31464,50.388684],[3.316837,50.389229],[3.316818,50.387672],[3.317323,50.387646],[3.317601,50.387692],[3.318278,50.38775],[3.320383,50.387863],[3.320911,50.387928],[3.321585,50.388149],[3.321952,50.388215],[3.322675,50.388582],[3.323012,50.388795],[3.323324,50.389046],[3.323779,50.389343],[3.324362,50.389647],[3.324828,50.389797],[3.325463,50.389961],[3.325747,50.390013],[3.326929,50.389647],[3.327116,50.389674],[3.32748,50.389675],[3.327915,50.389623],[3.328609,50.389677],[3.329079,50.389793],[3.330324,50.390176],[3.330618,50.390306],[3.330947,50.390569],[3.331041,50.390726],[3.331242,50.390937],[3.331636,50.391303],[3.332028,50.391721],[3.332319,50.391856],[3.33252,50.391858],[3.332632,50.392006],[3.332968,50.392194],[3.333425,50.392379],[3.334611,50.392672],[3.335461,50.392698],[3.336128,50.392536],[3.337432,50.392158],[3.337871,50.391954],[3.33815,50.391863],[3.339026,50.39164],[3.339747,50.391533],[3.340275,50.391503],[3.340866,50.391444],[3.341176,50.391325],[3.341607,50.391017],[3.342972,50.389981],[3.342525,50.389414],[3.342286,50.389135],[3.342056,50.388825],[3.340985,50.387496],[3.340116,50.387644],[3.339569,50.387757],[3.338959,50.387849],[3.338334,50.387865],[3.338046,50.387832],[3.337312,50.38768],[3.336399,50.387514],[3.336203,50.387466],[3.335521,50.387347],[3.335129,50.387401],[3.334505,50.387561],[3.333717,50.387594],[3.333195,50.387661],[3.332647,50.387643],[3.331586,50.387473],[3.329952,50.387156],[3.3298,50.387173],[3.328987,50.38739],[3.328858,50.387411],[3.325952,50.387434],[3.324628,50.387435],[3.324217,50.38742],[3.323624,50.387447],[3.323167,50.387442],[3.322246,50.387378],[3.322284,50.387188],[3.322554,50.386561],[3.322683,50.386199],[3.323033,50.385512],[3.32352,50.384699],[3.32361,50.384463],[3.323644,50.384275],[3.323613,50.384032],[3.323644,50.383463],[3.323746,50.382595],[3.3239,50.38239],[3.324298,50.382072],[3.324571,50.381934],[3.325011,50.381807],[3.325254,50.38161],[3.325482,50.381285],[3.325564,50.38109],[3.325882,50.380087],[3.326309,50.378653],[3.326597,50.377804],[3.326663,50.377497],[3.326781,50.377195],[3.326855,50.376826],[3.326696,50.376771],[3.32647,50.376617],[3.32627,50.376542],[3.324819,50.376378],[3.3245,50.376326],[3.323567,50.376204],[3.32283,50.376138],[3.322724,50.375936],[3.322392,50.375561],[3.32288,50.375211],[3.322941,50.375109],[3.322857,50.37492],[3.322683,50.374692],[3.322244,50.374582],[3.321761,50.374393],[3.321421,50.374314],[3.321291,50.37414],[3.320754,50.373227],[3.320631,50.372818],[3.320496,50.372059],[3.320491,50.371719],[3.320567,50.371348],[3.320756,50.370815],[3.32084,50.370163],[3.320934,50.370058],[3.320935,50.369669],[3.321173,50.369446],[3.321707,50.369116],[3.321842,50.368977],[3.322204,50.368295],[3.321504,50.368075],[3.319781,50.367654],[3.319735,50.36759],[3.319792,50.367094],[3.319902,50.366701],[3.320097,50.366264],[3.320219,50.365794],[3.320285,50.365368],[3.31999,50.365306],[3.319966,50.364583],[3.319846,50.364147],[3.319613,50.363505],[3.31957,50.36328],[3.318885,50.36311],[3.319267,50.362724],[3.319502,50.36276],[3.319736,50.362306],[3.318345,50.362294],[3.318406,50.361443],[3.318377,50.36085],[3.318325,50.360397],[3.318286,50.359778],[3.318271,50.358917],[3.318283,50.358687],[3.318509,50.35686],[3.318571,50.356239],[3.318575,50.355798],[3.318378,50.354179],[3.318323,50.352676],[3.318278,50.352453],[3.321628,50.352366],[3.321629,50.352142],[3.322699,50.352136],[3.322747,50.35071],[3.324354,50.351038],[3.324653,50.349706],[3.325428,50.349786],[3.325668,50.348836],[3.327857,50.349053],[3.32792,50.348867],[3.328276,50.348154],[3.328262,50.347578]]]}"
18,59211,Esquerchin,"50.387,3.006","{""type"":""Polygon"",""coordinates"":[[[2.995028,50.40003],[2.995065,50.39994],[2.996369,50.397561],[3.002309,50.398541],[3.002805,50.397822],[3.003244,50.397192],[3.003702,50.396559],[3.003934,50.396184],[3.004174,50.395708],[3.004306,50.395304],[3.004493,50.394539],[3.004778,50.393625],[3.004879,50.393681],[3.007255,50.394027],[3.009164,50.389494],[3.010429,50.389709],[3.012197,50.390043],[3.014242,50.390417],[3.015356,50.390604],[3.016353,50.39078],[3.017267,50.390953],[3.017926,50.391064],[3.019786,50.391398],[3.019967,50.39133],[3.020403,50.390621],[3.020529,50.390537],[3.02147,50.390874],[3.022363,50.391177],[3.028295,50.387167],[3.032364,50.384417],[3.031793,50.384241],[3.031304,50.384102],[3.030919,50.383957],[3.030012,50.383459],[3.028569,50.38254],[3.028374,50.382378],[3.027763,50.381764],[3.027297,50.381414],[3.026663,50.381002],[3.026408,50.380817],[3.025554,50.380275],[3.025146,50.38006],[3.024501,50.379808],[3.024374,50.379736],[3.02418,50.379724],[3.023745,50.380148],[3.02261,50.381036],[3.022378,50.380889],[3.022796,50.380544],[3.022473,50.380342],[3.023544,50.379267],[3.024335,50.379581],[3.024429,50.379484],[3.024467,50.379209],[3.024296,50.378785],[3.024213,50.378405],[3.024004,50.377651],[3.02404,50.377331],[3.024173,50.377014],[3.023588,50.376765],[3.02306,50.376645],[3.022331,50.37638],[3.021639,50.376013],[3.02152,50.375923],[3.021414,50.375733],[3.021253,50.37532],[3.020629,50.375186],[3.02004,50.375015],[3.017741,50.374059],[3.017281,50.373959],[3.016594,50.373776],[3.015978,50.373633],[3.015708,50.373597],[3.015628,50.373428],[3.015634,50.373252],[3.015552,50.37321],[3.014984,50.373159],[3.013899,50.372967],[3.013458,50.37283],[3.013281,50.372826],[3.013172,50.372934],[3.013037,50.373183],[3.012861,50.373383],[3.01231,50.373344],[3.012047,50.373289],[3.011766,50.373126],[3.011606,50.373078],[3.010926,50.372983],[3.010831,50.372822],[3.010698,50.372756],[3.010424,50.372729],[3.01034,50.372683],[3.010202,50.372273],[3.009988,50.37223],[3.009123,50.372122],[3.008866,50.372062],[3.008043,50.371954],[3.007692,50.371805],[3.007568,50.371684],[3.007283,50.371486],[3.007066,50.371423],[3.006846,50.371404],[3.006109,50.371393],[3.005962,50.371375],[3.005705,50.371411],[3.004708,50.371235],[3.004364,50.371089],[3.00387,50.371025],[3.003384,50.370926],[3.002901,50.370788],[3.002747,50.370716],[3.002583,50.370701],[3.002904,50.372637],[3.002972,50.373183],[3.002687,50.373181],[3.002037,50.373087],[3.002085,50.3732],[3.001482,50.374156],[3.000619,50.374028],[2.99943,50.376235],[2.998807,50.376215],[2.998527,50.376652],[2.998986,50.376732],[2.997101,50.379227],[2.996247,50.378989],[2.996184,50.379248],[2.995384,50.379099],[2.99537,50.380009],[2.993129,50.379726],[2.993368,50.38026],[2.993829,50.381165],[2.994548,50.382507],[2.994673,50.38272],[2.994999,50.383421],[2.994975,50.384057],[2.994979,50.384387],[2.995029,50.385252],[2.995084,50.385655],[2.995115,50.386103],[2.995116,50.386467],[2.99506,50.386988],[2.994976,50.38752],[2.99266,50.387024],[2.991903,50.38798],[2.992858,50.388315],[2.99211,50.389838],[2.992587,50.389931],[2.991226,50.39198],[2.991007,50.39192],[2.989655,50.394537],[2.990749,50.394759],[2.989548,50.395918],[2.990106,50.396099],[2.988028,50.3977],[2.986671,50.398441],[2.985378,50.399172],[2.984261,50.399777],[2.984109,50.399939],[2.983566,50.400324],[2.983282,50.400598],[2.982591,50.401215],[2.982229,50.401576],[2.981504,50.402149],[2.981042,50.402592],[2.980091,50.403136],[2.979809,50.403498],[2.979582,50.403727],[2.979453,50.403819],[2.979637,50.403839],[2.981424,50.403173],[2.983323,50.402341],[2.984552,50.401894],[2.987327,50.400757],[2.989593,50.402237],[2.991248,50.402541],[2.991452,50.40197],[2.991663,50.401413],[2.991872,50.400988],[2.992479,50.399941],[2.994368,50.399941],[2.995028,50.40003]]]}"
19,59214,Estrées,"50.299,3.072","{""type"":""Polygon"",""coordinates"":[[[3.05476,50.289968],[3.054139,50.290492],[3.053844,50.290717],[3.053137,50.291156],[3.052477,50.291482],[3.05181,50.29179],[3.050988,50.292152],[3.049746,50.292742],[3.04791,50.29354],[3.047543,50.293764],[3.048965,50.294916],[3.050704,50.296298],[3.051477,50.296935],[3.053823,50.298799],[3.054359,50.299241],[3.055742,50.300342],[3.055256,50.300406],[3.053696,50.300546],[3.053994,50.301199],[3.054214,50.301722],[3.054331,50.30206],[3.056158,50.301487],[3.056438,50.302444],[3.056869,50.302399],[3.058085,50.302223],[3.059208,50.302065],[3.059276,50.302905],[3.059681,50.30278],[3.059972,50.303333],[3.06192,50.303935],[3.062633,50.303716],[3.062792,50.30394],[3.062641,50.304035],[3.062791,50.304239],[3.062934,50.30422],[3.06394,50.306323],[3.06436,50.306796],[3.063948,50.306921],[3.064248,50.307193],[3.064563,50.307696],[3.06453,50.307815],[3.064363,50.307931],[3.064151,50.307987],[3.063867,50.307991],[3.063222,50.307891],[3.063154,50.308447],[3.062384,50.309432],[3.062385,50.309452],[3.063095,50.30972],[3.063753,50.309242],[3.063931,50.309174],[3.064399,50.309131],[3.064528,50.309087],[3.064766,50.308924],[3.065012,50.308799],[3.065202,50.308612],[3.065232,50.308921],[3.065151,50.309334],[3.065166,50.309609],[3.065272,50.30989],[3.066147,50.308938],[3.066305,50.309012],[3.067803,50.306842],[3.068015,50.306889],[3.069303,50.305329],[3.069756,50.305435],[3.070474,50.30568],[3.07168,50.30613],[3.072024,50.306225],[3.073201,50.306347],[3.073723,50.306453],[3.074661,50.306728],[3.074787,50.306681],[3.07528,50.306865],[3.075858,50.307009],[3.076741,50.307201],[3.077943,50.307499],[3.078182,50.307591],[3.078906,50.307997],[3.079311,50.308258],[3.079888,50.308679],[3.080424,50.309035],[3.080984,50.309369],[3.081917,50.309951],[3.082984,50.310604],[3.083185,50.310658],[3.083502,50.310796],[3.083798,50.310955],[3.084306,50.311188],[3.085008,50.310476],[3.085363,50.310619],[3.087901,50.308373],[3.090024,50.306684],[3.090199,50.306561],[3.090399,50.306497],[3.092189,50.306326],[3.092159,50.304685],[3.09189,50.304572],[3.092269,50.303866],[3.090979,50.302961],[3.091704,50.3027],[3.092304,50.30247],[3.092675,50.302343],[3.093157,50.30221],[3.094005,50.302062],[3.094245,50.301999],[3.094684,50.301806],[3.095129,50.301475],[3.095911,50.300965],[3.095807,50.300741],[3.095599,50.300434],[3.09552,50.300273],[3.095321,50.299601],[3.095051,50.299147],[3.094934,50.298696],[3.094816,50.298532],[3.094154,50.298029],[3.093969,50.297862],[3.096664,50.295588],[3.096419,50.294864],[3.096389,50.294681],[3.096484,50.294374],[3.096746,50.294139],[3.095001,50.291982],[3.094394,50.291254],[3.09326,50.290241],[3.092939,50.290072],[3.092529,50.289914],[3.092428,50.289823],[3.092219,50.2895],[3.091939,50.289249],[3.091454,50.288896],[3.09042,50.28829],[3.089954,50.2879],[3.089703,50.287722],[3.089224,50.287526],[3.089073,50.287432],[3.088751,50.287563],[3.087969,50.287803],[3.087606,50.287936],[3.087153,50.288133],[3.086828,50.288296],[3.085726,50.288914],[3.085472,50.288739],[3.084733,50.288308],[3.083764,50.287773],[3.082907,50.287325],[3.082358,50.286954],[3.081948,50.286651],[3.074543,50.287448],[3.074751,50.286696],[3.070197,50.286017],[3.069701,50.287485],[3.069371,50.288492],[3.069017,50.289515],[3.068988,50.289747],[3.068909,50.290993],[3.06538,50.290988],[3.064166,50.292047],[3.062645,50.293172],[3.061105,50.291966],[3.058669,50.293079],[3.05476,50.289968]]]}"
20,59227,Fenain,"50.366,3.300","{""type"":""Polygon"",""coordinates"":[[[3.299718,50.344176],[3.298761,50.342578],[3.298678,50.342453],[3.298326,50.342143],[3.298893,50.3411],[3.296668,50.340393],[3.296082,50.340762],[3.295151,50.340874],[3.295239,50.341771],[3.294403,50.341807],[3.294418,50.341733],[3.293887,50.341747],[3.293783,50.342294],[3.293576,50.342373],[3.293537,50.342589],[3.293171,50.34252],[3.292997,50.343865],[3.293304,50.343916],[3.29434,50.343891],[3.294571,50.343894],[3.295441,50.343961],[3.295454,50.344006],[3.295526,50.344968],[3.295612,50.345998],[3.295877,50.346794],[3.296021,50.347266],[3.296195,50.347747],[3.296158,50.348037],[3.296151,50.348423],[3.296349,50.350613],[3.296272,50.351071],[3.296259,50.351483],[3.294354,50.3521],[3.295466,50.354615],[3.295636,50.355462],[3.295736,50.355445],[3.295986,50.356665],[3.296282,50.356649],[3.296411,50.357322],[3.294824,50.357416],[3.295028,50.35863],[3.294855,50.359549],[3.294252,50.359605],[3.293716,50.359638],[3.292567,50.359727],[3.29254,50.360026],[3.292323,50.361906],[3.291897,50.363476],[3.291427,50.363515],[3.291413,50.364037],[3.290634,50.364],[3.290552,50.364506],[3.290321,50.365772],[3.289289,50.365892],[3.289358,50.366029],[3.289398,50.366423],[3.289447,50.367876],[3.289565,50.369999],[3.28955,50.37013],[3.289452,50.370313],[3.288203,50.372227],[3.288441,50.372335],[3.288813,50.372394],[3.289065,50.372409],[3.290189,50.372531],[3.292082,50.372755],[3.292952,50.372894],[3.293685,50.373031],[3.293909,50.373053],[3.294267,50.373164],[3.294349,50.373237],[3.2943,50.373677],[3.294253,50.374304],[3.294288,50.375736],[3.294365,50.376348],[3.294376,50.376619],[3.294362,50.377189],[3.294383,50.377657],[3.294588,50.378719],[3.294584,50.379008],[3.294495,50.379535],[3.294546,50.379827],[3.291286,50.379769],[3.290658,50.379766],[3.286865,50.380562],[3.286371,50.380765],[3.286457,50.380803],[3.286201,50.383783],[3.28606,50.385577],[3.28592,50.385735],[3.285752,50.388051],[3.285616,50.388888],[3.285546,50.389773],[3.288609,50.389887],[3.289058,50.389891],[3.289987,50.38993],[3.290811,50.389973],[3.29121,50.389983],[3.293431,50.390081],[3.294796,50.390152],[3.296573,50.390216],[3.297077,50.390253],[3.300357,50.390417],[3.302375,50.390481],[3.307764,50.390695],[3.30805,50.390743],[3.308079,50.390662],[3.307917,50.390521],[3.307501,50.390286],[3.304728,50.388851],[3.304345,50.388693],[3.303806,50.387811],[3.303592,50.387536],[3.303491,50.387331],[3.303391,50.387245],[3.30327,50.386944],[3.302922,50.386463],[3.302636,50.385913],[3.302461,50.385752],[3.30239,50.385583],[3.302247,50.385377],[3.302189,50.385209],[3.301918,50.384971],[3.301878,50.384834],[3.301721,50.384653],[3.301628,50.384486],[3.301442,50.384253],[3.301368,50.384049],[3.301007,50.383705],[3.300534,50.383357],[3.300601,50.383257],[3.300523,50.383174],[3.300321,50.383077],[3.300637,50.382674],[3.300685,50.382439],[3.300686,50.382026],[3.30081,50.381123],[3.300935,50.38048],[3.301044,50.380035],[3.301058,50.379381],[3.301101,50.378747],[3.301193,50.378518],[3.301222,50.378343],[3.301217,50.378051],[3.301257,50.377736],[3.301289,50.377177],[3.301344,50.376889],[3.301464,50.376747],[3.302824,50.375658],[3.302928,50.375546],[3.30296,50.375322],[3.304626,50.374571],[3.305374,50.373992],[3.305906,50.373753],[3.306318,50.373634],[3.307098,50.373649],[3.307815,50.373636],[3.308699,50.373566],[3.309146,50.373578],[3.309922,50.373629],[3.310431,50.373643],[3.309954,50.371251],[3.309592,50.370389],[3.31036,50.370168],[3.310815,50.369988],[3.311249,50.369787],[3.311763,50.369479],[3.312401,50.369048],[3.312141,50.368888],[3.313037,50.368035],[3.314049,50.366538],[3.313708,50.365575],[3.313744,50.365329],[3.313586,50.365191],[3.313018,50.364542],[3.311189,50.363209],[3.309985,50.36142],[3.309556,50.361432],[3.308681,50.360026],[3.309182,50.359955],[3.309544,50.359949],[3.309533,50.35956],[3.3111,50.359625],[3.311367,50.358651],[3.311407,50.358256],[3.311234,50.357942],[3.311222,50.357776],[3.311249,50.357012],[3.311307,50.356432],[3.311399,50.356126],[3.312256,50.351899],[3.312342,50.350645],[3.311913,50.349947],[3.312033,50.349838],[3.312271,50.349719],[3.313841,50.348789],[3.31363,50.348357],[3.313445,50.348151],[3.312939,50.347236],[3.310461,50.346767],[3.310672,50.347432],[3.307828,50.347212],[3.306056,50.347637],[3.305795,50.347772],[3.299655,50.347624],[3.298885,50.347326],[3.298577,50.346015],[3.299718,50.344176]]]}"
21,59234,Flers-en-Escrebieux,"50.403,3.050","{""type"":""Polygon"",""coordinates"":[[[3.002805,50.397822],[3.002309,50.398541],[2.996369,50.397561],[2.995065,50.39994],[2.995028,50.40003],[2.995674,50.400114],[2.996352,50.400229],[2.996798,50.400324],[2.997359,50.400483],[2.99757,50.400641],[3.000171,50.401206],[3.000615,50.400775],[3.000798,50.400564],[3.001258,50.399976],[3.004351,50.400971],[3.004128,50.401227],[3.00467,50.401412],[3.00721,50.402294],[3.007949,50.402495],[3.008037,50.402357],[3.0087,50.402708],[3.009577,50.403129],[3.010423,50.40232],[3.01104,50.402551],[3.010421,50.403102],[3.011613,50.403802],[3.012306,50.403186],[3.012761,50.403468],[3.013445,50.403098],[3.013616,50.402972],[3.015326,50.403693],[3.016444,50.404098],[3.017613,50.404543],[3.016641,50.405263],[3.018267,50.406075],[3.01899,50.40665],[3.019987,50.407561],[3.021363,50.407],[3.021925,50.407462],[3.023046,50.406823],[3.023792,50.407347],[3.024555,50.407922],[3.025077,50.407614],[3.027565,50.409161],[3.028109,50.408753],[3.029967,50.410445],[3.029851,50.410503],[3.028767,50.410957],[3.029551,50.411708],[3.030095,50.411434],[3.031424,50.410791],[3.032523,50.41022],[3.032943,50.410028],[3.033458,50.409648],[3.035189,50.408404],[3.036751,50.410191],[3.038268,50.410047],[3.039368,50.409748],[3.039806,50.409643],[3.039525,50.409332],[3.038926,50.408757],[3.040233,50.407518],[3.040815,50.407794],[3.042405,50.40664],[3.044667,50.408007],[3.046246,50.407351],[3.046687,50.407192],[3.04698,50.407157],[3.047431,50.407475],[3.047491,50.407482],[3.048137,50.407298],[3.048306,50.407233],[3.048583,50.407623],[3.04913,50.407428],[3.050069,50.407348],[3.050999,50.407324],[3.051146,50.4076],[3.051311,50.407843],[3.053221,50.407883],[3.054053,50.40789],[3.054111,50.406916],[3.054292,50.40633],[3.054493,50.406338],[3.054742,50.406711],[3.055093,50.406849],[3.055427,50.406937],[3.055793,50.407199],[3.05655,50.4072],[3.057267,50.407328],[3.057603,50.407131],[3.057789,50.407182],[3.05815,50.407337],[3.058653,50.407447],[3.059009,50.407565],[3.059318,50.407721],[3.059848,50.408024],[3.060476,50.408427],[3.060811,50.408539],[3.062237,50.407465],[3.063199,50.407926],[3.064276,50.408367],[3.064471,50.408288],[3.065275,50.407629],[3.065518,50.407389],[3.06618,50.406813],[3.066363,50.406822],[3.066875,50.407074],[3.066994,50.407018],[3.068067,50.406186],[3.068441,50.405861],[3.068863,50.405534],[3.069609,50.40488],[3.069798,50.404873],[3.070417,50.405194],[3.071474,50.405718],[3.071702,50.405706],[3.072182,50.405302],[3.073475,50.404156],[3.073934,50.40378],[3.077111,50.405392],[3.080697,50.402888],[3.082394,50.402807],[3.084362,50.402703],[3.085104,50.402066],[3.087249,50.402349],[3.087556,50.402348],[3.087543,50.402424],[3.088426,50.402587],[3.088794,50.402624],[3.089008,50.402671],[3.091703,50.403829],[3.092045,50.40372],[3.093619,50.403353],[3.09387,50.403228],[3.094008,50.402996],[3.094095,50.402697],[3.09433,50.40259],[3.094783,50.402555],[3.095917,50.4024],[3.096283,50.402329],[3.0967,50.40215],[3.09701,50.402086],[3.097631,50.402041],[3.099347,50.40203],[3.099617,50.402076],[3.101711,50.402801],[3.102063,50.401801],[3.10404,50.399975],[3.104383,50.399963],[3.104165,50.399457],[3.104036,50.39878],[3.103902,50.398205],[3.103873,50.398079],[3.094604,50.397585],[3.091737,50.398127],[3.09102,50.398246],[3.088957,50.397626],[3.088527,50.397546],[3.087175,50.397268],[3.08688,50.397145],[3.08599,50.396957],[3.085846,50.396894],[3.085131,50.396811],[3.083136,50.396465],[3.081661,50.396245],[3.080228,50.395997],[3.080032,50.395912],[3.079865,50.396029],[3.079302,50.39602],[3.078877,50.396041],[3.078251,50.396137],[3.077963,50.396162],[3.077013,50.396294],[3.07597,50.396449],[3.074738,50.396576],[3.073205,50.396784],[3.072347,50.396861],[3.070584,50.397059],[3.070357,50.396901],[3.069972,50.396698],[3.069818,50.39646],[3.069433,50.396285],[3.069389,50.396075],[3.069579,50.395943],[3.069815,50.395887],[3.070132,50.395866],[3.070265,50.39581],[3.070311,50.395712],[3.070297,50.395129],[3.070148,50.39506],[3.069919,50.39506],[3.069655,50.395112],[3.069437,50.395073],[3.069124,50.394884],[3.068791,50.39473],[3.068273,50.394517],[3.067666,50.39429],[3.067537,50.394207],[3.067365,50.393905],[3.067223,50.393789],[3.067013,50.39374],[3.066541,50.393677],[3.066049,50.393542],[3.065882,50.393528],[3.065497,50.393647],[3.065191,50.393615],[3.064959,50.393506],[3.064756,50.393491],[3.064487,50.393549],[3.06424,50.393543],[3.06404,50.393591],[3.063821,50.393752],[3.063366,50.393723],[3.06321,50.393918],[3.062933,50.393916],[3.062791,50.393853],[3.06188,50.393669],[3.061211,50.393567],[3.060755,50.393519],[3.059425,50.393488],[3.058995,50.393456],[3.057936,50.393418],[3.057703,50.393328],[3.057273,50.393454],[3.056929,50.393441],[3.056672,50.393467],[3.056331,50.393544],[3.055402,50.393924],[3.054967,50.394136],[3.054271,50.394516],[3.052843,50.395282],[3.052484,50.395484],[3.051133,50.396212],[3.050893,50.396318],[3.050535,50.396389],[3.049942,50.395784],[3.049733,50.395831],[3.049391,50.395345],[3.048888,50.394721],[3.048786,50.394538],[3.048538,50.394687],[3.047108,50.395585],[3.046851,50.395734],[3.046358,50.395964],[3.045495,50.396315],[3.044317,50.395329],[3.044022,50.395417],[3.042186,50.394445],[3.039793,50.396625],[3.039029,50.396217],[3.038535,50.396638],[3.038415,50.39656],[3.036836,50.397803],[3.035799,50.397398],[3.035157,50.397086],[3.034577,50.396771],[3.032873,50.395808],[3.031703,50.395177],[3.030705,50.395891],[3.030547,50.396037],[3.029885,50.396763],[3.029072,50.397694],[3.027708,50.397148],[3.026845,50.398301],[3.025063,50.397897],[3.024733,50.398689],[3.024128,50.398456],[3.022946,50.39994],[3.022815,50.400062],[3.023554,50.400389],[3.023074,50.400902],[3.02062,50.400084],[3.020433,50.40028],[3.019314,50.399942],[3.018625,50.399656],[3.018366,50.39989],[3.017131,50.399297],[3.016665,50.399941],[3.016083,50.400598],[3.013617,50.39994],[3.007725,50.398301],[3.002805,50.397822]]]}"
22,59239,Flines-lez-Raches,"50.416,3.183","{""type"":""Polygon"",""coordinates"":[[[3.146593,50.436738],[3.149779,50.437042],[3.149721,50.436449],[3.151154,50.436288],[3.151286,50.436107],[3.153107,50.436076],[3.15346,50.436097],[3.153618,50.436182],[3.153947,50.436429],[3.154309,50.436602],[3.154482,50.436605],[3.154658,50.436669],[3.154828,50.436784],[3.154872,50.436897],[3.155321,50.436935],[3.155339,50.436861],[3.15574,50.436973],[3.156281,50.437087],[3.156773,50.43717],[3.156752,50.437228],[3.157184,50.43728],[3.157734,50.437279],[3.15795,50.437308],[3.158393,50.437491],[3.158581,50.43766],[3.159493,50.438547],[3.15962,50.438706],[3.160278,50.438811],[3.160673,50.439093],[3.161178,50.439217],[3.1614,50.439303],[3.161465,50.439399],[3.16254,50.439603],[3.163729,50.439779],[3.164068,50.43979],[3.164446,50.439663],[3.164946,50.439415],[3.16534,50.43964],[3.165976,50.439762],[3.166223,50.43975],[3.166528,50.439656],[3.166772,50.439612],[3.167059,50.439604],[3.167514,50.439648],[3.16819,50.439834],[3.168764,50.440093],[3.169008,50.440176],[3.169133,50.440311],[3.169437,50.440477],[3.169912,50.440682],[3.170104,50.440725],[3.170664,50.440806],[3.171422,50.441198],[3.171768,50.441334],[3.171932,50.441361],[3.172457,50.441331],[3.173009,50.441326],[3.173094,50.44141],[3.173183,50.441646],[3.17339,50.441783],[3.174122,50.441933],[3.17474,50.441903],[3.175152,50.441834],[3.175695,50.441696],[3.175897,50.441573],[3.176012,50.441431],[3.176462,50.441355],[3.176504,50.441558],[3.177178,50.441529],[3.177413,50.441674],[3.177591,50.441657],[3.177992,50.441554],[3.178139,50.44154],[3.178279,50.441603],[3.178822,50.441737],[3.179123,50.441789],[3.179366,50.441784],[3.179532,50.441742],[3.179858,50.441511],[3.179983,50.441366],[3.179953,50.441188],[3.179974,50.44081],[3.180126,50.440575],[3.180778,50.440395],[3.181025,50.440349],[3.181416,50.44041],[3.182115,50.44061],[3.182656,50.440578],[3.183477,50.440422],[3.183829,50.440328],[3.183999,50.440243],[3.184436,50.43985],[3.184792,50.439504],[3.184922,50.439419],[3.185285,50.439316],[3.186312,50.439196],[3.186888,50.439146],[3.187629,50.438958],[3.188546,50.438704],[3.189723,50.438439],[3.191163,50.438159],[3.192069,50.438023],[3.192223,50.437869],[3.19262,50.437042],[3.192797,50.436614],[3.192777,50.43654],[3.193654,50.436767],[3.194857,50.437096],[3.195449,50.436525],[3.19602,50.43615],[3.195598,50.435906],[3.19681,50.435278],[3.197417,50.435472],[3.198728,50.434599],[3.19896,50.434128],[3.199312,50.4335],[3.199285,50.433069],[3.199221,50.432945],[3.198737,50.432252],[3.198656,50.432033],[3.198653,50.431598],[3.19876,50.431282],[3.198863,50.431163],[3.198989,50.430905],[3.199238,50.430773],[3.199574,50.430653],[3.199587,50.430552],[3.199347,50.430173],[3.199511,50.430126],[3.200243,50.430014],[3.200369,50.430012],[3.200618,50.429915],[3.200974,50.429732],[3.20059,50.429417],[3.201057,50.429118],[3.201169,50.429218],[3.20142,50.429113],[3.202574,50.428771],[3.202988,50.428689],[3.202818,50.428356],[3.202783,50.428152],[3.20281,50.427805],[3.202884,50.427699],[3.20352,50.427668],[3.20467,50.427566],[3.206303,50.42741],[3.20656,50.427348],[3.207102,50.427128],[3.207775,50.426925],[3.2077,50.426422],[3.208063,50.426388],[3.20801,50.42629],[3.208447,50.426291],[3.209564,50.426408],[3.210464,50.426426],[3.211722,50.42647],[3.212966,50.426502],[3.213192,50.426491],[3.214384,50.426124],[3.214007,50.425816],[3.213738,50.425914],[3.213422,50.425522],[3.214149,50.425472],[3.213665,50.424968],[3.212335,50.42506],[3.212238,50.424736],[3.211331,50.424696],[3.211261,50.424394],[3.211848,50.424361],[3.212249,50.424359],[3.212671,50.424401],[3.212973,50.42446],[3.213164,50.424455],[3.213305,50.424282],[3.214297,50.423259],[3.214883,50.422626],[3.215216,50.422307],[3.215722,50.421706],[3.216071,50.421377],[3.216345,50.421055],[3.217044,50.419886],[3.21728,50.419522],[3.217532,50.419264],[3.218143,50.418718],[3.218551,50.418419],[3.219031,50.418019],[3.219274,50.417777],[3.219432,50.417495],[3.219877,50.416992],[3.219934,50.416721],[3.219905,50.416039],[3.219522,50.415932],[3.219339,50.414958],[3.220259,50.414805],[3.220319,50.414485],[3.220189,50.414318],[3.220039,50.414209],[3.219724,50.414129],[3.219533,50.413864],[3.218612,50.413656],[3.218473,50.413437],[3.218029,50.413435],[3.217631,50.413271],[3.216878,50.412924],[3.21632,50.412641],[3.215053,50.412058],[3.214785,50.411974],[3.21426,50.411746],[3.213598,50.411543],[3.210978,50.410133],[3.210731,50.410044],[3.210412,50.40941],[3.210573,50.409368],[3.210609,50.409269],[3.210501,50.409026],[3.210333,50.408452],[3.210078,50.407766],[3.210959,50.407477],[3.2116,50.407126],[3.211562,50.407011],[3.213338,50.406652],[3.214133,50.406521],[3.214636,50.406531],[3.216282,50.406704],[3.216527,50.406739],[3.216617,50.406433],[3.21463,50.40624],[3.214275,50.406217],[3.213927,50.406241],[3.210148,50.407011],[3.209359,50.406257],[3.208393,50.405235],[3.207653,50.404434],[3.206851,50.403583],[3.205929,50.402584],[3.205436,50.402065],[3.204477,50.400976],[3.203816,50.400302],[3.203643,50.400285],[3.203371,50.400056],[3.203337,50.399966],[3.203148,50.399732],[3.203074,50.399529],[3.203106,50.399316],[3.203367,50.398912],[3.198994,50.393176],[3.196579,50.392213],[3.196307,50.392254],[3.194187,50.391345],[3.194316,50.391209],[3.189591,50.389615],[3.181678,50.391685],[3.172251,50.394236],[3.172115,50.394303],[3.17057,50.39473],[3.169979,50.394815],[3.16946,50.394971],[3.168934,50.395067],[3.168614,50.395107],[3.167295,50.395157],[3.166601,50.395138],[3.165816,50.395067],[3.165176,50.395096],[3.165206,50.395254],[3.165458,50.395434],[3.165559,50.395912],[3.163866,50.396989],[3.164299,50.397247],[3.167611,50.399356],[3.165262,50.400451],[3.165129,50.400694],[3.164967,50.400841],[3.164582,50.401287],[3.164302,50.401522],[3.164403,50.401877],[3.164332,50.401982],[3.16371,50.402696],[3.163601,50.402792],[3.163049,50.402924],[3.162454,50.403253],[3.16204,50.403421],[3.161556,50.403583],[3.160527,50.40402],[3.159504,50.404522],[3.159088,50.404897],[3.158645,50.405416],[3.158608,50.405558],[3.159027,50.405423],[3.159234,50.405401],[3.160147,50.405404],[3.160606,50.405431],[3.160604,50.405606],[3.160462,50.405902],[3.160309,50.406131],[3.160075,50.406547],[3.15983,50.406801],[3.159694,50.406985],[3.15952,50.407037],[3.15943,50.407335],[3.159261,50.407707],[3.159013,50.408103],[3.158729,50.408476],[3.158462,50.408745],[3.157987,50.409119],[3.157845,50.409187],[3.157582,50.409458],[3.157128,50.409742],[3.15734,50.410212],[3.157523,50.410492],[3.157772,50.410807],[3.158021,50.411071],[3.158318,50.411543],[3.15849,50.41193],[3.158591,50.412241],[3.15858,50.412469],[3.158708,50.412486],[3.158546,50.412772],[3.158419,50.412848],[3.155834,50.41238],[3.155568,50.412338],[3.15514,50.412351],[3.150448,50.413029],[3.150338,50.412969],[3.150142,50.412996],[3.150119,50.413089],[3.150148,50.413661],[3.150245,50.414675],[3.149992,50.41468],[3.150018,50.414982],[3.149912,50.415057],[3.150196,50.415392],[3.152074,50.41785],[3.152583,50.417698],[3.152933,50.417613],[3.1533,50.417555],[3.153906,50.417343],[3.153724,50.417615],[3.150468,50.422146],[3.150593,50.422665],[3.150564,50.422745],[3.150313,50.422785],[3.150372,50.422965],[3.150539,50.423229],[3.150757,50.423466],[3.150865,50.423639],[3.150931,50.423902],[3.151,50.423944],[3.151477,50.424024],[3.151698,50.424105],[3.151767,50.424281],[3.151782,50.424515],[3.151696,50.42497],[3.151558,50.425309],[3.15148,50.426537],[3.151481,50.4268],[3.153171,50.427087],[3.153182,50.427394],[3.153249,50.427832],[3.15319,50.428114],[3.15271,50.428028],[3.151182,50.429603],[3.147601,50.433813],[3.14632,50.435341],[3.147359,50.435713],[3.146593,50.436738]]]}"
23,59254,Fressain,"50.283,3.191","{""type"":""Polygon"",""coordinates"":[[[3.165788,50.27571],[3.165258,50.276468],[3.167077,50.277624],[3.167611,50.277954],[3.168086,50.278264],[3.170196,50.27962],[3.170867,50.28007],[3.171544,50.280544],[3.172182,50.281015],[3.173125,50.281725],[3.173774,50.282236],[3.174798,50.283102],[3.173139,50.283929],[3.175243,50.285272],[3.175068,50.28532],[3.177012,50.287874],[3.177468,50.288838],[3.177577,50.289058],[3.177805,50.289854],[3.17991,50.290665],[3.18079,50.290998],[3.181164,50.291558],[3.183041,50.293602],[3.186656,50.292168],[3.186901,50.292406],[3.187992,50.291805],[3.18887,50.292446],[3.189483,50.292935],[3.189761,50.293198],[3.190062,50.293543],[3.191067,50.294419],[3.19172,50.294978],[3.192506,50.295633],[3.193997,50.296901],[3.194835,50.297601],[3.200073,50.295692],[3.200511,50.296248],[3.206541,50.294241],[3.213574,50.2919],[3.212385,50.290391],[3.215126,50.289656],[3.212019,50.285798],[3.212466,50.285756],[3.213598,50.285586],[3.213863,50.28557],[3.214252,50.285586],[3.214631,50.285626],[3.216062,50.281853],[3.21594,50.28182],[3.216078,50.281291],[3.21471,50.280934],[3.213907,50.280856],[3.213328,50.279662],[3.21164,50.280115],[3.211473,50.280047],[3.210524,50.279768],[3.208768,50.27919],[3.207575,50.278783],[3.205848,50.278213],[3.205236,50.277996],[3.204698,50.277743],[3.203457,50.27714],[3.202573,50.276729],[3.201902,50.276439],[3.201417,50.276316],[3.200046,50.275893],[3.199325,50.275646],[3.198354,50.275251],[3.197445,50.274894],[3.196311,50.27441],[3.195583,50.274143],[3.194668,50.273862],[3.194744,50.273249],[3.19373,50.27245],[3.193326,50.27169],[3.192808,50.27115],[3.192895,50.271513],[3.185496,50.271621],[3.184713,50.270988],[3.184172,50.270525],[3.183642,50.270102],[3.183357,50.26989],[3.182905,50.269726],[3.182471,50.269587],[3.181413,50.269309],[3.179553,50.270222],[3.176077,50.272031],[3.175287,50.271196],[3.167259,50.276098],[3.166898,50.275919],[3.166618,50.27583],[3.165788,50.27571]]]}"
24,59224,Féchain,"50.269,3.213","{""type"":""Polygon"",""coordinates"":[[[3.209921,50.258951],[3.209241,50.258822],[3.20689,50.258528],[3.205568,50.258325],[3.205335,50.258319],[3.204992,50.258359],[3.204656,50.258345],[3.204608,50.258426],[3.204685,50.258623],[3.20475,50.259107],[3.20482,50.259342],[3.204593,50.259366],[3.204562,50.259187],[3.202818,50.259338],[3.202483,50.259417],[3.198746,50.259841],[3.19874,50.260151],[3.194852,50.260529],[3.194833,50.261041],[3.194737,50.261661],[3.194743,50.261743],[3.194575,50.262357],[3.194703,50.263751],[3.194674,50.263839],[3.194311,50.264073],[3.194086,50.264185],[3.193817,50.264259],[3.193222,50.264374],[3.192878,50.264421],[3.19273,50.265785],[3.191082,50.265779],[3.190973,50.267024],[3.191001,50.267406],[3.191434,50.268455],[3.191663,50.268975],[3.192808,50.27115],[3.193326,50.27169],[3.19373,50.27245],[3.194744,50.273249],[3.194668,50.273862],[3.195583,50.274143],[3.196311,50.27441],[3.197445,50.274894],[3.198354,50.275251],[3.199325,50.275646],[3.200046,50.275893],[3.201417,50.276316],[3.201902,50.276439],[3.202573,50.276729],[3.203457,50.27714],[3.204698,50.277743],[3.205236,50.277996],[3.205848,50.278213],[3.207575,50.278783],[3.208768,50.27919],[3.210524,50.279768],[3.211473,50.280047],[3.21164,50.280115],[3.213328,50.279662],[3.215305,50.279131],[3.217065,50.278787],[3.217931,50.278589],[3.219594,50.278163],[3.221131,50.277878],[3.222094,50.277686],[3.224626,50.276964],[3.226241,50.276137],[3.226359,50.275595],[3.227448,50.275875],[3.230174,50.276549],[3.230329,50.271174],[3.22863,50.269685],[3.227863,50.268995],[3.227382,50.26863],[3.227568,50.268484],[3.228117,50.268487],[3.228962,50.268509],[3.230988,50.268513],[3.232783,50.26861],[3.23336,50.268633],[3.235395,50.268648],[3.235921,50.265349],[3.235502,50.265283],[3.234645,50.265321],[3.234103,50.265407],[3.233227,50.265645],[3.233211,50.265571],[3.232635,50.264554],[3.232327,50.26393],[3.232136,50.263874],[3.231892,50.263858],[3.231806,50.263779],[3.231357,50.263739],[3.230916,50.263623],[3.230678,50.263637],[3.230115,50.263523],[3.22871,50.263278],[3.228454,50.26325],[3.228061,50.263246],[3.227896,50.263195],[3.227641,50.263024],[3.227354,50.26292],[3.227215,50.262948],[3.227007,50.26326],[3.226673,50.263315],[3.22643,50.263284],[3.225841,50.263159],[3.225404,50.263012],[3.225257,50.262927],[3.224938,50.262899],[3.224947,50.262188],[3.225087,50.261868],[3.225288,50.261703],[3.22312,50.261672],[3.222908,50.261619],[3.222503,50.261397],[3.222279,50.261344],[3.221223,50.261278],[3.220701,50.261185],[3.219572,50.260838],[3.218347,50.260388],[3.217862,50.260106],[3.216983,50.259255],[3.215629,50.2589],[3.213911,50.259156],[3.213029,50.259369],[3.212552,50.259405],[3.212023,50.259347],[3.211647,50.259403],[3.211307,50.259425],[3.210997,50.259355],[3.209921,50.258951]]]}"
25,59228,Férin,"50.330,3.083","{""type"":""Polygon"",""coordinates"":[[[3.094201,50.342838],[3.095369,50.341634],[3.096681,50.340241],[3.097576,50.339314],[3.09974,50.337057],[3.101557,50.335155],[3.103406,50.333237],[3.104531,50.332048],[3.105367,50.331149],[3.105288,50.331102],[3.103161,50.329136],[3.102854,50.328859],[3.102757,50.32881],[3.102551,50.32857],[3.102248,50.328695],[3.100754,50.32935],[3.098697,50.330285],[3.09759,50.330843],[3.097032,50.328724],[3.097496,50.328701],[3.097912,50.328491],[3.097825,50.328126],[3.095141,50.328492],[3.095157,50.327897],[3.093552,50.327588],[3.093452,50.327018],[3.091706,50.325236],[3.090997,50.325648],[3.089394,50.326606],[3.088384,50.327233],[3.085409,50.325897],[3.085641,50.325742],[3.088155,50.324178],[3.089212,50.323531],[3.086601,50.321658],[3.086886,50.321466],[3.086495,50.321179],[3.086378,50.321242],[3.085591,50.320716],[3.084298,50.321661],[3.082634,50.320258],[3.082176,50.320567],[3.081368,50.319942],[3.082324,50.319536],[3.081939,50.319229],[3.081675,50.318895],[3.081147,50.31827],[3.080974,50.318107],[3.080059,50.317394],[3.078422,50.316179],[3.078234,50.316315],[3.077976,50.316453],[3.077748,50.316648],[3.077339,50.316729],[3.076453,50.316234],[3.075042,50.31678],[3.075045,50.316909],[3.072892,50.317641],[3.07259,50.317907],[3.072577,50.318553],[3.07244,50.318871],[3.072641,50.319168],[3.072884,50.319457],[3.073182,50.320271],[3.073083,50.320415],[3.072561,50.320516],[3.072188,50.320558],[3.072033,50.320632],[3.071426,50.320702],[3.070958,50.320828],[3.069634,50.320904],[3.068796,50.320559],[3.068063,50.320826],[3.066629,50.32248],[3.065626,50.322253],[3.064754,50.32298],[3.065931,50.323304],[3.065849,50.323828],[3.06686,50.324318],[3.066489,50.324791],[3.065678,50.324257],[3.065293,50.324486],[3.064383,50.324116],[3.064099,50.324676],[3.062443,50.325796],[3.063866,50.326511],[3.061881,50.328225],[3.060109,50.328914],[3.060263,50.328965],[3.061082,50.329813],[3.061075,50.329934],[3.062097,50.331571],[3.061015,50.332527],[3.061704,50.333769],[3.062009,50.33396],[3.062982,50.335893],[3.063167,50.336391],[3.062912,50.336423],[3.062855,50.336535],[3.062908,50.336681],[3.063023,50.336788],[3.063533,50.337184],[3.063641,50.337377],[3.063635,50.337592],[3.063887,50.337565],[3.064281,50.337567],[3.064767,50.337618],[3.065196,50.337558],[3.065331,50.33757],[3.065517,50.338177],[3.065537,50.338498],[3.065334,50.339022],[3.065432,50.339153],[3.065396,50.33961],[3.065519,50.339787],[3.065925,50.340111],[3.067572,50.340404],[3.067734,50.340144],[3.071476,50.33934],[3.071772,50.340687],[3.073077,50.340433],[3.073498,50.340994],[3.076434,50.34024],[3.07676,50.34109],[3.07698,50.341612],[3.078752,50.341078],[3.08048,50.340628],[3.08068,50.341065],[3.08084,50.341356],[3.081943,50.341378],[3.082755,50.341052],[3.084025,50.340628],[3.084213,50.340797],[3.085589,50.340258],[3.084913,50.33965],[3.084701,50.339018],[3.085226,50.339018],[3.086212,50.340555],[3.087418,50.340177],[3.087324,50.340008],[3.087758,50.339819],[3.088126,50.340555],[3.08856,50.341015],[3.089936,50.342376],[3.090142,50.342296],[3.090874,50.342893],[3.091055,50.343066],[3.091867,50.343735],[3.092022,50.34325],[3.094201,50.342838]]]}"
26,59276,Guesnain,"50.349,3.148","{""type"":""Polygon"",""coordinates"":[[[3.157879,50.361977],[3.157974,50.361927],[3.159074,50.360398],[3.159756,50.359498],[3.160761,50.358149],[3.161032,50.357795],[3.162834,50.355303],[3.163734,50.354072],[3.164034,50.353601],[3.16372,50.353646],[3.163291,50.353735],[3.163044,50.353756],[3.162861,50.353686],[3.162445,50.352448],[3.162331,50.352159],[3.162141,50.35184],[3.161538,50.351077],[3.16141,50.350974],[3.160935,50.350428],[3.160359,50.349653],[3.15969,50.348907],[3.159382,50.348534],[3.158903,50.347893],[3.15885,50.347703],[3.15879,50.347316],[3.158806,50.346687],[3.158784,50.346377],[3.158702,50.345829],[3.159457,50.345624],[3.159949,50.345576],[3.159632,50.344385],[3.158522,50.344513],[3.158506,50.343556],[3.157606,50.34367],[3.157427,50.343236],[3.157531,50.343204],[3.157299,50.342637],[3.157219,50.342547],[3.157028,50.342473],[3.156778,50.342491],[3.156468,50.34255],[3.15531,50.340843],[3.154855,50.340574],[3.153554,50.33974],[3.152997,50.339908],[3.152323,50.338843],[3.1513,50.338726],[3.148994,50.336437],[3.147301,50.337414],[3.145325,50.33522],[3.142635,50.335978],[3.140524,50.336278],[3.140278,50.336067],[3.139642,50.336209],[3.139913,50.336592],[3.138894,50.336918],[3.137836,50.335819],[3.13755,50.335941],[3.136809,50.335237],[3.136222,50.33559],[3.135461,50.336112],[3.134419,50.336838],[3.134345,50.3369],[3.135506,50.337918],[3.135314,50.337988],[3.136064,50.338845],[3.131879,50.34023],[3.132345,50.340727],[3.133172,50.341657],[3.133731,50.341446],[3.134408,50.342188],[3.13422,50.342246],[3.13543,50.343536],[3.136269,50.343198],[3.136519,50.34348],[3.137172,50.343186],[3.137984,50.344734],[3.136212,50.345195],[3.136441,50.345787],[3.13785,50.345675],[3.138373,50.346596],[3.137705,50.346744],[3.134692,50.347383],[3.133005,50.347722],[3.133622,50.348351],[3.134332,50.349099],[3.134817,50.348942],[3.135493,50.349763],[3.135294,50.349814],[3.135618,50.350252],[3.135887,50.350746],[3.136091,50.350984],[3.136545,50.351665],[3.136787,50.352094],[3.136973,50.352378],[3.136478,50.352462],[3.134422,50.352717],[3.134047,50.352705],[3.134332,50.35326],[3.134942,50.354587],[3.135614,50.355725],[3.135746,50.355669],[3.136432,50.356482],[3.138811,50.356266],[3.140379,50.356029],[3.1411,50.35695],[3.142193,50.356601],[3.144076,50.357612],[3.146171,50.357105],[3.146326,50.35727],[3.146492,50.357338],[3.146997,50.357331],[3.147368,50.357475],[3.147545,50.357616],[3.14781,50.358016],[3.147983,50.358127],[3.148301,50.358459],[3.148498,50.358514],[3.14893,50.358519],[3.149515,50.358588],[3.149858,50.35873],[3.149934,50.358914],[3.15005,50.359039],[3.150317,50.359168],[3.150481,50.359171],[3.150798,50.359094],[3.151092,50.359128],[3.151328,50.359295],[3.151984,50.359496],[3.153882,50.359918],[3.153955,50.359921],[3.155551,50.360354],[3.156126,50.360546],[3.156424,50.360679],[3.156759,50.361],[3.15732,50.361451],[3.157499,50.361678],[3.157879,50.361977]]]}"
27,59263,Gœulzin,"50.316,3.101","{""type"":""Polygon"",""coordinates"":[[[3.095911,50.300965],[3.095129,50.301475],[3.094684,50.301806],[3.094245,50.301999],[3.094005,50.302062],[3.093157,50.30221],[3.092675,50.302343],[3.092304,50.30247],[3.091704,50.3027],[3.090979,50.302961],[3.092269,50.303866],[3.09189,50.304572],[3.092159,50.304685],[3.092189,50.306326],[3.090399,50.306497],[3.090199,50.306561],[3.090024,50.306684],[3.087901,50.308373],[3.085363,50.310619],[3.085008,50.310476],[3.084306,50.311188],[3.08209,50.312615],[3.078433,50.316135],[3.078422,50.316179],[3.080059,50.317394],[3.080974,50.318107],[3.081147,50.31827],[3.081675,50.318895],[3.081939,50.319229],[3.082324,50.319536],[3.081368,50.319942],[3.082176,50.320567],[3.082634,50.320258],[3.084298,50.321661],[3.085591,50.320716],[3.086378,50.321242],[3.086495,50.321179],[3.086886,50.321466],[3.086601,50.321658],[3.089212,50.323531],[3.088155,50.324178],[3.085641,50.325742],[3.085409,50.325897],[3.088384,50.327233],[3.089394,50.326606],[3.090997,50.325648],[3.091706,50.325236],[3.093452,50.327018],[3.093552,50.327588],[3.095157,50.327897],[3.095141,50.328492],[3.097825,50.328126],[3.097912,50.328491],[3.097496,50.328701],[3.097032,50.328724],[3.09759,50.330843],[3.098697,50.330285],[3.100754,50.32935],[3.102248,50.328695],[3.102551,50.32857],[3.102757,50.32881],[3.102854,50.328859],[3.103161,50.329136],[3.105288,50.331102],[3.105367,50.331149],[3.106219,50.3303],[3.106517,50.329972],[3.107195,50.329259],[3.108075,50.328373],[3.108808,50.327656],[3.111551,50.324818],[3.115314,50.330934],[3.116763,50.330589],[3.118939,50.330056],[3.122227,50.329234],[3.123801,50.328868],[3.123684,50.324935],[3.123431,50.324911],[3.12235,50.324694],[3.121798,50.324595],[3.119831,50.324301],[3.11857,50.324125],[3.118019,50.324025],[3.117767,50.323946],[3.115874,50.323054],[3.113907,50.322265],[3.114513,50.321622],[3.113593,50.32123],[3.112787,50.320782],[3.112281,50.320597],[3.112073,50.320467],[3.111719,50.320339],[3.11158,50.320254],[3.111434,50.320087],[3.111105,50.319582],[3.110599,50.319728],[3.110052,50.318964],[3.109426,50.318299],[3.109176,50.317984],[3.108923,50.317714],[3.108511,50.317784],[3.107252,50.316723],[3.10706,50.316496],[3.106423,50.315936],[3.106326,50.315814],[3.106803,50.315673],[3.104263,50.313551],[3.104419,50.313442],[3.103722,50.312828],[3.104462,50.312577],[3.104686,50.312543],[3.105669,50.311494],[3.104331,50.311103],[3.103412,50.310583],[3.104134,50.309939],[3.102841,50.309412],[3.103345,50.308766],[3.103647,50.308328],[3.10384,50.308096],[3.104062,50.307876],[3.10379,50.30772],[3.1033,50.307547],[3.102727,50.307421],[3.102505,50.307388],[3.101944,50.307363],[3.101896,50.307265],[3.101167,50.307149],[3.100594,50.30708],[3.100254,50.30711],[3.099569,50.306947],[3.098199,50.306434],[3.098164,50.306374],[3.097794,50.305465],[3.09747,50.304958],[3.097406,50.304619],[3.09727,50.304316],[3.097189,50.304064],[3.09683,50.303196],[3.096423,50.302134],[3.096143,50.301555],[3.095911,50.300965]]]}"
28,59280,Hamel,"50.283,3.069","{""type"":""Polygon"",""coordinates"":[[[3.060685,50.272692],[3.057574,50.273329],[3.056446,50.274043],[3.056079,50.274251],[3.055883,50.274332],[3.055626,50.274543],[3.05535,50.274845],[3.055162,50.277569],[3.055156,50.277983],[3.055073,50.279455],[3.055117,50.279717],[3.055075,50.280009],[3.05502,50.28226],[3.055036,50.28268],[3.055672,50.283253],[3.055279,50.283515],[3.054998,50.283834],[3.054883,50.284025],[3.054609,50.284374],[3.054068,50.284582],[3.051985,50.28527],[3.050737,50.285697],[3.052014,50.287306],[3.051581,50.287469],[3.052234,50.28845],[3.052423,50.288443],[3.052841,50.28852],[3.053075,50.288598],[3.053208,50.288694],[3.053422,50.289077],[3.053474,50.289232],[3.05589,50.289174],[3.055205,50.289626],[3.05476,50.289968],[3.058669,50.293079],[3.061105,50.291966],[3.062645,50.293172],[3.064166,50.292047],[3.06538,50.290988],[3.068909,50.290993],[3.068988,50.289747],[3.069017,50.289515],[3.069371,50.288492],[3.069701,50.287485],[3.070197,50.286017],[3.074751,50.286696],[3.074543,50.287448],[3.081948,50.286651],[3.082358,50.286954],[3.082907,50.287325],[3.083764,50.287773],[3.084733,50.288308],[3.085472,50.288739],[3.085726,50.288914],[3.086828,50.288296],[3.087153,50.288133],[3.087606,50.287936],[3.087624,50.282679],[3.087251,50.282629],[3.0864,50.279648],[3.085912,50.278817],[3.085308,50.277844],[3.08499,50.277893],[3.084742,50.277896],[3.083925,50.277825],[3.083011,50.277825],[3.082778,50.27785],[3.082258,50.277956],[3.081857,50.278133],[3.081618,50.278291],[3.081337,50.278548],[3.081249,50.278676],[3.081153,50.278955],[3.0806,50.278921],[3.077546,50.278976],[3.077589,50.278656],[3.077468,50.278569],[3.077071,50.278368],[3.076864,50.278191],[3.076569,50.278032],[3.076558,50.27777],[3.076249,50.277639],[3.075795,50.277495],[3.075406,50.277458],[3.074835,50.277445],[3.074112,50.277366],[3.073941,50.277253],[3.073733,50.277051],[3.073641,50.276895],[3.073499,50.276493],[3.073378,50.276324],[3.073153,50.276097],[3.07259,50.275679],[3.072441,50.275452],[3.072282,50.275413],[3.072124,50.275314],[3.071659,50.27481],[3.071355,50.274571],[3.07085,50.274316],[3.070382,50.274132],[3.070076,50.273982],[3.069646,50.273816],[3.06886,50.273581],[3.067338,50.273584],[3.066358,50.273557],[3.066216,50.27351],[3.065815,50.273231],[3.06471,50.272833],[3.064324,50.272707],[3.063689,50.272602],[3.063494,50.27255],[3.063173,50.272594],[3.062781,50.272505],[3.062148,50.272449],[3.061879,50.272452],[3.060685,50.272692]]]}"
29,59314,Hornaing,"50.369,3.337","{""type"":""Polygon"",""coordinates"":[[[3.353,50.392754],[3.353478,50.391686],[3.354168,50.391848],[3.354928,50.391935],[3.355229,50.391951],[3.355435,50.391927],[3.355816,50.391838],[3.356299,50.391665],[3.356228,50.391063],[3.355563,50.390789],[3.355006,50.390509],[3.354509,50.390214],[3.353743,50.389633],[3.353455,50.389394],[3.353192,50.389132],[3.353348,50.388987],[3.353887,50.388029],[3.355464,50.387342],[3.355745,50.387287],[3.355491,50.385973],[3.355378,50.385584],[3.355319,50.385482],[3.35519,50.385431],[3.354432,50.385352],[3.354153,50.385201],[3.354027,50.384977],[3.353953,50.384718],[3.353959,50.384371],[3.354141,50.384105],[3.354185,50.383982],[3.354106,50.383678],[3.353864,50.383204],[3.353721,50.383031],[3.35348,50.38285],[3.352831,50.382641],[3.352344,50.382444],[3.352312,50.382337],[3.352534,50.381378],[3.353189,50.378899],[3.353263,50.378552],[3.353508,50.377613],[3.353597,50.377163],[3.353892,50.376041],[3.354008,50.37557],[3.354198,50.374948],[3.35194,50.375243],[3.35175,50.375244],[3.351292,50.375178],[3.350267,50.374943],[3.349099,50.37473],[3.348936,50.374681],[3.348782,50.374554],[3.348792,50.37399],[3.34876,50.373855],[3.348617,50.373585],[3.348435,50.373324],[3.347973,50.372492],[3.347806,50.372268],[3.347519,50.372044],[3.347261,50.37189],[3.346528,50.371581],[3.346025,50.371309],[3.346072,50.370391],[3.346102,50.369365],[3.346195,50.369279],[3.346828,50.369105],[3.347399,50.368803],[3.347741,50.368558],[3.347785,50.36846],[3.347745,50.368297],[3.347565,50.367857],[3.347512,50.367503],[3.347588,50.367134],[3.347748,50.366767],[3.347978,50.366459],[3.348015,50.366335],[3.347986,50.366155],[3.347772,50.365684],[3.347785,50.36535],[3.348012,50.364882],[3.348256,50.364597],[3.348854,50.364037],[3.3491,50.363776],[3.349573,50.363171],[3.349754,50.363084],[3.350012,50.362388],[3.350222,50.361558],[3.350251,50.361317],[3.35023,50.361127],[3.350058,50.360808],[3.34991,50.360647],[3.349704,50.360519],[3.349291,50.360344],[3.348846,50.360084],[3.348628,50.359796],[3.348289,50.359205],[3.348348,50.359096],[3.348234,50.359061],[3.347816,50.35879],[3.34752,50.358428],[3.347201,50.357961],[3.346794,50.357114],[3.346169,50.35634],[3.345577,50.35544],[3.345412,50.355153],[3.345181,50.354872],[3.344472,50.354155],[3.344143,50.353582],[3.34394,50.353272],[3.34354,50.352452],[3.343351,50.351901],[3.343066,50.35092],[3.342875,50.350208],[3.342698,50.349757],[3.342343,50.348951],[3.342313,50.348588],[3.342314,50.347826],[3.34245,50.347376],[3.342354,50.346978],[3.342315,50.346931],[3.342158,50.346222],[3.342032,50.346104],[3.342105,50.345933],[3.340186,50.345804],[3.335099,50.34705],[3.335492,50.347745],[3.334492,50.34779],[3.334148,50.347793],[3.333672,50.347761],[3.33293,50.34773],[3.332614,50.347759],[3.332279,50.347823],[3.331887,50.347823],[3.331503,50.347754],[3.328262,50.347578],[3.328276,50.348154],[3.32792,50.348867],[3.327857,50.349053],[3.325668,50.348836],[3.325428,50.349786],[3.324653,50.349706],[3.324354,50.351038],[3.322747,50.35071],[3.322699,50.352136],[3.321629,50.352142],[3.321628,50.352366],[3.318278,50.352453],[3.318323,50.352676],[3.318378,50.354179],[3.318575,50.355798],[3.318571,50.356239],[3.318509,50.35686],[3.318283,50.358687],[3.318271,50.358917],[3.318286,50.359778],[3.318325,50.360397],[3.318377,50.36085],[3.318406,50.361443],[3.318345,50.362294],[3.319736,50.362306],[3.319502,50.36276],[3.319267,50.362724],[3.318885,50.36311],[3.31957,50.36328],[3.319613,50.363505],[3.319846,50.364147],[3.319966,50.364583],[3.31999,50.365306],[3.320285,50.365368],[3.320219,50.365794],[3.320097,50.366264],[3.319902,50.366701],[3.319792,50.367094],[3.319735,50.36759],[3.319781,50.367654],[3.321504,50.368075],[3.322204,50.368295],[3.321842,50.368977],[3.321707,50.369116],[3.321173,50.369446],[3.320935,50.369669],[3.320934,50.370058],[3.32084,50.370163],[3.320756,50.370815],[3.320567,50.371348],[3.320491,50.371719],[3.320496,50.372059],[3.320631,50.372818],[3.320754,50.373227],[3.321291,50.37414],[3.321421,50.374314],[3.321761,50.374393],[3.322244,50.374582],[3.322683,50.374692],[3.322857,50.37492],[3.322941,50.375109],[3.32288,50.375211],[3.322392,50.375561],[3.322724,50.375936],[3.32283,50.376138],[3.323567,50.376204],[3.3245,50.376326],[3.324819,50.376378],[3.32627,50.376542],[3.32647,50.376617],[3.326696,50.376771],[3.326855,50.376826],[3.326781,50.377195],[3.326663,50.377497],[3.326597,50.377804],[3.326309,50.378653],[3.325882,50.380087],[3.325564,50.38109],[3.325482,50.381285],[3.325254,50.38161],[3.325011,50.381807],[3.324571,50.381934],[3.324298,50.382072],[3.3239,50.38239],[3.323746,50.382595],[3.323644,50.383463],[3.323613,50.384032],[3.323644,50.384275],[3.32361,50.384463],[3.32352,50.384699],[3.323033,50.385512],[3.322683,50.386199],[3.322554,50.386561],[3.322284,50.387188],[3.322246,50.387378],[3.323167,50.387442],[3.323624,50.387447],[3.324217,50.38742],[3.324628,50.387435],[3.325952,50.387434],[3.328858,50.387411],[3.328987,50.38739],[3.3298,50.387173],[3.329952,50.387156],[3.331586,50.387473],[3.332647,50.387643],[3.333195,50.387661],[3.333717,50.387594],[3.334505,50.387561],[3.335129,50.387401],[3.335521,50.387347],[3.336203,50.387466],[3.336399,50.387514],[3.337312,50.38768],[3.338046,50.387832],[3.338334,50.387865],[3.338959,50.387849],[3.339569,50.387757],[3.340116,50.387644],[3.340985,50.387496],[3.342056,50.388825],[3.342286,50.389135],[3.342525,50.389414],[3.342972,50.389981],[3.343216,50.390309],[3.343277,50.390341],[3.343734,50.39033],[3.344548,50.390438],[3.344884,50.390507],[3.345179,50.390492],[3.345596,50.390403],[3.346161,50.390198],[3.346863,50.389961],[3.347608,50.389769],[3.348061,50.389701],[3.348796,50.389655],[3.349277,50.389644],[3.349341,50.389666],[3.349733,50.390202],[3.350196,50.390538],[3.350241,50.390771],[3.350868,50.391589],[3.351047,50.391777],[3.352772,50.392523],[3.352958,50.392653],[3.353,50.392754]]]}"
30,59327,Lallaing,"50.387,3.172","{""type"":""Polygon"",""coordinates"":[[[3.143691,50.394888],[3.143937,50.394949],[3.144204,50.395123],[3.144349,50.395284],[3.145173,50.395648],[3.14535,50.39567],[3.145469,50.395883],[3.145593,50.396022],[3.146029,50.39638],[3.146153,50.396512],[3.146261,50.396772],[3.146337,50.397073],[3.146536,50.397281],[3.147118,50.397503],[3.14715,50.397559],[3.147054,50.397739],[3.146705,50.397995],[3.146697,50.398111],[3.146866,50.39823],[3.146904,50.398339],[3.14681,50.398677],[3.14685,50.398989],[3.146949,50.399331],[3.147566,50.399888],[3.147701,50.399963],[3.148231,50.400163],[3.148634,50.400127],[3.149152,50.40013],[3.149448,50.400243],[3.149767,50.399941],[3.150595,50.399115],[3.152559,50.399378],[3.152752,50.399516],[3.153306,50.399794],[3.15352,50.399941],[3.154282,50.400119],[3.154662,50.400099],[3.154818,50.400039],[3.154903,50.399941],[3.155011,50.399667],[3.155067,50.39932],[3.155195,50.398955],[3.155332,50.398704],[3.155711,50.398144],[3.155918,50.39788],[3.15651,50.397251],[3.156581,50.396994],[3.156568,50.396905],[3.156416,50.396635],[3.156405,50.396476],[3.156478,50.396293],[3.156782,50.396114],[3.157471,50.395831],[3.157903,50.395616],[3.15887,50.395014],[3.158996,50.394908],[3.159035,50.39476],[3.159246,50.394624],[3.159419,50.394561],[3.159613,50.394568],[3.159883,50.394668],[3.160223,50.394935],[3.160434,50.394953],[3.160862,50.394764],[3.161069,50.394736],[3.161876,50.394516],[3.1623,50.394461],[3.162734,50.394535],[3.164065,50.39516],[3.165176,50.395096],[3.165816,50.395067],[3.166601,50.395138],[3.167295,50.395157],[3.168614,50.395107],[3.168934,50.395067],[3.16946,50.394971],[3.169979,50.394815],[3.17057,50.39473],[3.172115,50.394303],[3.172251,50.394236],[3.181678,50.391685],[3.189591,50.389615],[3.188063,50.389104],[3.188301,50.388759],[3.188386,50.38868],[3.188588,50.388985],[3.188734,50.389103],[3.189021,50.38922],[3.189259,50.389203],[3.18995,50.388986],[3.190389,50.388917],[3.190672,50.389002],[3.191004,50.389245],[3.191478,50.389671],[3.191861,50.389976],[3.192344,50.390297],[3.192667,50.390483],[3.19331,50.390747],[3.193722,50.390833],[3.19404,50.390734],[3.194204,50.390616],[3.194317,50.390368],[3.194268,50.38985],[3.194272,50.389642],[3.194361,50.389374],[3.19447,50.389221],[3.194621,50.389138],[3.19482,50.389127],[3.195061,50.389189],[3.195808,50.389546],[3.196028,50.389592],[3.196187,50.389559],[3.19634,50.389454],[3.196376,50.389333],[3.196331,50.388943],[3.196363,50.388683],[3.196574,50.387963],[3.196652,50.387788],[3.197013,50.387721],[3.19742,50.387705],[3.198161,50.387783],[3.198921,50.387832],[3.199837,50.387848],[3.200158,50.387802],[3.198473,50.383156],[3.198324,50.382603],[3.198244,50.382413],[3.194189,50.382334],[3.193449,50.38231],[3.192953,50.382281],[3.192247,50.38223],[3.191967,50.382196],[3.1863,50.38171],[3.185244,50.381614],[3.183232,50.381447],[3.181963,50.381336],[3.181323,50.380464],[3.181112,50.380116],[3.180909,50.379721],[3.180756,50.379278],[3.1804,50.37921],[3.178801,50.378298],[3.178112,50.377639],[3.177921,50.377614],[3.17798,50.377184],[3.178444,50.37708],[3.178203,50.376928],[3.178107,50.376748],[3.178091,50.376573],[3.177907,50.376406],[3.176973,50.37568],[3.177283,50.375526],[3.176869,50.375177],[3.177106,50.375075],[3.17643,50.3745],[3.175956,50.374734],[3.175951,50.374787],[3.174934,50.375301],[3.174821,50.375208],[3.174626,50.375309],[3.174162,50.374918],[3.173932,50.375035],[3.173737,50.374879],[3.17317,50.374495],[3.171428,50.375125],[3.171601,50.375337],[3.171385,50.375395],[3.171892,50.375828],[3.171749,50.375881],[3.172147,50.376224],[3.172273,50.376171],[3.172409,50.376261],[3.172839,50.376092],[3.173687,50.376875],[3.172841,50.377224],[3.172519,50.3773],[3.17241,50.377134],[3.17196,50.377288],[3.171761,50.377104],[3.171373,50.37726],[3.171332,50.377198],[3.170766,50.377151],[3.168825,50.377401],[3.168551,50.377577],[3.168074,50.37774],[3.167808,50.377788],[3.167536,50.377213],[3.167349,50.376566],[3.167202,50.37626],[3.166794,50.375255],[3.166851,50.37482],[3.166545,50.374808],[3.166556,50.374688],[3.164823,50.374524],[3.164756,50.374396],[3.164407,50.374357],[3.164273,50.37449],[3.163996,50.374247],[3.163568,50.374369],[3.163326,50.37439],[3.163217,50.374351],[3.163138,50.374128],[3.162853,50.373773],[3.162668,50.373631],[3.162227,50.373788],[3.161666,50.373882],[3.160266,50.374014],[3.159663,50.374032],[3.159636,50.37401],[3.15982,50.373625],[3.159796,50.373577],[3.158989,50.373434],[3.158265,50.373307],[3.157696,50.374302],[3.15738,50.374798],[3.157181,50.375048],[3.156844,50.375386],[3.156846,50.375628],[3.156162,50.376789],[3.155344,50.377802],[3.155025,50.378175],[3.154954,50.378332],[3.153946,50.379275],[3.1538,50.379385],[3.153552,50.37943],[3.152551,50.379696],[3.152254,50.379846],[3.152284,50.37996],[3.151944,50.380819],[3.151911,50.381016],[3.151852,50.383942],[3.151637,50.385568],[3.151551,50.385927],[3.150877,50.387499],[3.150802,50.387726],[3.150693,50.38786],[3.152076,50.388694],[3.151989,50.389248],[3.151311,50.389204],[3.149298,50.389418],[3.149308,50.39018],[3.150046,50.390316],[3.150216,50.39097],[3.14977,50.391032],[3.149641,50.390903],[3.149259,50.390718],[3.149039,50.390643],[3.148364,50.39048],[3.148176,50.390517],[3.147436,50.390908],[3.147415,50.39134],[3.146777,50.391443],[3.146197,50.391731],[3.14555,50.392338],[3.145271,50.392687],[3.144521,50.392487],[3.143798,50.39316],[3.1438,50.393668],[3.143819,50.39405],[3.143751,50.394211],[3.143691,50.394888]]]}"
31,59329,Lambres-lez-Douai,"50.355,3.054","{""type"":""Polygon"",""coordinates"":[[[3.038478,50.344094],[3.037967,50.344491],[3.037482,50.344887],[3.036588,50.345486],[3.036048,50.34581],[3.034856,50.346489],[3.032371,50.348404],[3.032229,50.348334],[3.031076,50.349181],[3.031946,50.349472],[3.03106,50.350043],[3.03086,50.349965],[3.03043,50.350416],[3.029073,50.352451],[3.028728,50.353401],[3.023469,50.354031],[3.023257,50.354189],[3.022388,50.354762],[3.021037,50.355355],[3.020814,50.355435],[3.019984,50.355772],[3.019426,50.355981],[3.018504,50.356305],[3.017391,50.356883],[3.016864,50.357286],[3.016181,50.357675],[3.014714,50.358398],[3.014397,50.358663],[3.013617,50.359556],[3.017268,50.360966],[3.018692,50.360472],[3.02164,50.361397],[3.021543,50.361235],[3.021784,50.360853],[3.024218,50.361647],[3.027191,50.362993],[3.027567,50.36268],[3.029658,50.363703],[3.029839,50.363543],[3.031249,50.364056],[3.031067,50.36425],[3.032378,50.36476],[3.031921,50.365461],[3.033287,50.365732],[3.034234,50.364551],[3.036911,50.365422],[3.036486,50.366017],[3.037799,50.366394],[3.038302,50.365897],[3.039087,50.366191],[3.039166,50.366129],[3.041425,50.367042],[3.040778,50.367599],[3.041569,50.36799],[3.0424,50.367425],[3.042576,50.367596],[3.04324,50.368094],[3.043795,50.368592],[3.04403,50.368778],[3.044815,50.369326],[3.044445,50.369661],[3.045258,50.370505],[3.046772,50.369602],[3.047443,50.370034],[3.048466,50.369426],[3.049026,50.36905],[3.049517,50.368647],[3.050044,50.368145],[3.050079,50.368092],[3.050893,50.368525],[3.051644,50.367881],[3.052912,50.368219],[3.053449,50.368349],[3.054492,50.368577],[3.055336,50.368817],[3.05556,50.368885],[3.056484,50.369223],[3.057632,50.369553],[3.057866,50.369206],[3.058539,50.36808],[3.058237,50.36804],[3.057546,50.367898],[3.057063,50.367828],[3.057021,50.367795],[3.055896,50.367546],[3.055419,50.367468],[3.054771,50.367471],[3.054201,50.367325],[3.052878,50.36689],[3.052979,50.366647],[3.053976,50.366284],[3.057023,50.363417],[3.056588,50.3632],[3.057728,50.362328],[3.05835,50.361813],[3.058704,50.361573],[3.059664,50.360968],[3.060007,50.361081],[3.062104,50.361649],[3.062796,50.361756],[3.064263,50.361842],[3.064979,50.361948],[3.065396,50.36205],[3.065879,50.362215],[3.067081,50.362661],[3.067247,50.362738],[3.067411,50.362651],[3.068338,50.36318],[3.068812,50.363872],[3.069502,50.363458],[3.070511,50.363575],[3.071139,50.363346],[3.071096,50.363128],[3.070976,50.36283],[3.071066,50.362365],[3.071185,50.362138],[3.07154,50.361614],[3.071545,50.361409],[3.071425,50.361182],[3.071149,50.360862],[3.070584,50.360474],[3.069866,50.359888],[3.069423,50.359395],[3.06937,50.359292],[3.069365,50.358916],[3.069394,50.358618],[3.069347,50.358306],[3.068919,50.357382],[3.068305,50.356437],[3.069555,50.356186],[3.069713,50.356255],[3.069953,50.356194],[3.070208,50.356477],[3.070481,50.356854],[3.072251,50.356719],[3.074766,50.355782],[3.074987,50.356],[3.076629,50.356188],[3.07883,50.354738],[3.07888,50.354759],[3.08073,50.353293],[3.081574,50.352664],[3.082094,50.352132],[3.083305,50.351448],[3.084319,50.351038],[3.082858,50.349968],[3.083175,50.349906],[3.083728,50.349846],[3.084668,50.349775],[3.08553,50.349694],[3.087059,50.349509],[3.08798,50.349428],[3.088162,50.349217],[3.088747,50.349297],[3.089342,50.349356],[3.091582,50.349487],[3.091923,50.349527],[3.093919,50.349874],[3.094275,50.34991],[3.094854,50.349862],[3.094237,50.348427],[3.094018,50.346728],[3.093877,50.346363],[3.094239,50.346294],[3.094191,50.346115],[3.094019,50.345738],[3.093132,50.344211],[3.093538,50.343752],[3.09352,50.343728],[3.094201,50.342838],[3.092022,50.34325],[3.091867,50.343735],[3.091055,50.343066],[3.090874,50.342893],[3.090142,50.342296],[3.089936,50.342376],[3.08856,50.341015],[3.088126,50.340555],[3.087758,50.339819],[3.087324,50.340008],[3.087418,50.340177],[3.086212,50.340555],[3.085226,50.339018],[3.084701,50.339018],[3.084913,50.33965],[3.085589,50.340258],[3.084213,50.340797],[3.084025,50.340628],[3.082755,50.341052],[3.081943,50.341378],[3.08084,50.341356],[3.08068,50.341065],[3.08048,50.340628],[3.078752,50.341078],[3.07698,50.341612],[3.07676,50.34109],[3.076434,50.34024],[3.073498,50.340994],[3.073077,50.340433],[3.071772,50.340687],[3.072225,50.341577],[3.071031,50.34189],[3.070958,50.342363],[3.070951,50.343106],[3.070844,50.344158],[3.070763,50.345184],[3.069802,50.344377],[3.069928,50.34408],[3.068551,50.343702],[3.068371,50.343814],[3.068575,50.344245],[3.068298,50.344385],[3.068131,50.344221],[3.067884,50.344268],[3.067224,50.344333],[3.066841,50.3444],[3.06634,50.344514],[3.066027,50.344644],[3.065499,50.344938],[3.0652,50.345154],[3.06471,50.345131],[3.064113,50.345129],[3.06363,50.345095],[3.06333,50.345047],[3.063244,50.34499],[3.063116,50.345427],[3.06337,50.345751],[3.063669,50.346179],[3.064126,50.346924],[3.064466,50.347349],[3.06434,50.347604],[3.064198,50.347973],[3.06412,50.348362],[3.064105,50.348584],[3.064144,50.348751],[3.06433,50.348939],[3.064679,50.349161],[3.064601,50.349528],[3.064636,50.349787],[3.064238,50.34998],[3.064182,50.349899],[3.063791,50.349507],[3.062299,50.349842],[3.062634,50.350356],[3.063513,50.349922],[3.063728,50.350149],[3.063042,50.350502],[3.062868,50.350635],[3.062259,50.351237],[3.061846,50.351288],[3.061122,50.351474],[3.059797,50.350779],[3.059298,50.350467],[3.05804,50.3498],[3.056698,50.34908],[3.056441,50.34898],[3.054387,50.348442],[3.053944,50.34831],[3.053375,50.348113],[3.053174,50.348005],[3.051595,50.347606],[3.051522,50.34755],[3.051078,50.347394],[3.049979,50.347037],[3.049015,50.346679],[3.048158,50.346399],[3.047584,50.346177],[3.046764,50.345826],[3.046447,50.345703],[3.045812,50.345501],[3.045078,50.3453],[3.044723,50.345259],[3.044175,50.344843],[3.04371,50.345168],[3.042822,50.344544],[3.041401,50.345504],[3.040033,50.344612],[3.038991,50.344286],[3.038478,50.344094]]]}"
32,59334,Lauwin-Planque,"50.392,3.031","{""type"":""Polygon"",""coordinates"":[[[3.057703,50.393328],[3.057286,50.393237],[3.057103,50.393278],[3.057027,50.393169],[3.057055,50.393069],[3.057281,50.392785],[3.057337,50.392558],[3.058301,50.391882],[3.058096,50.391846],[3.057089,50.391606],[3.05709,50.391698],[3.056645,50.391777],[3.056309,50.391615],[3.055797,50.391474],[3.055166,50.391193],[3.055073,50.390973],[3.054868,50.390847],[3.054116,50.390722],[3.053591,50.390616],[3.053196,50.390573],[3.052702,50.390555],[3.05239,50.390517],[3.052182,50.390412],[3.050381,50.38937],[3.050298,50.389305],[3.047319,50.387662],[3.046911,50.387367],[3.04626,50.387075],[3.04595,50.386979],[3.045078,50.386884],[3.04444,50.386521],[3.044118,50.386444],[3.043742,50.386404],[3.042748,50.386064],[3.042593,50.386043],[3.042142,50.386048],[3.041517,50.38597],[3.040864,50.385912],[3.040145,50.385549],[3.039919,50.38546],[3.039557,50.385378],[3.0394,50.38538],[3.039082,50.385454],[3.038759,50.385457],[3.038646,50.385419],[3.037905,50.385069],[3.037567,50.38489],[3.037503,50.384601],[3.037399,50.384546],[3.036981,50.384425],[3.036625,50.38412],[3.036211,50.384065],[3.03606,50.38401],[3.035568,50.383745],[3.035342,50.383811],[3.035056,50.38383],[3.034672,50.383712],[3.033751,50.383337],[3.033272,50.383513],[3.032833,50.383342],[3.032688,50.383491],[3.031793,50.384241],[3.032364,50.384417],[3.028295,50.387167],[3.022363,50.391177],[3.02147,50.390874],[3.020529,50.390537],[3.020403,50.390621],[3.019967,50.39133],[3.019786,50.391398],[3.017926,50.391064],[3.017267,50.390953],[3.016353,50.39078],[3.015356,50.390604],[3.014242,50.390417],[3.012197,50.390043],[3.010429,50.389709],[3.009164,50.389494],[3.007255,50.394027],[3.004879,50.393681],[3.004778,50.393625],[3.004493,50.394539],[3.004306,50.395304],[3.004174,50.395708],[3.003934,50.396184],[3.003702,50.396559],[3.003244,50.397192],[3.002805,50.397822],[3.007725,50.398301],[3.013617,50.39994],[3.016083,50.400598],[3.016665,50.399941],[3.017131,50.399297],[3.018366,50.39989],[3.018625,50.399656],[3.019314,50.399942],[3.020433,50.40028],[3.02062,50.400084],[3.023074,50.400902],[3.023554,50.400389],[3.022815,50.400062],[3.022946,50.39994],[3.024128,50.398456],[3.024733,50.398689],[3.025063,50.397897],[3.026845,50.398301],[3.027708,50.397148],[3.029072,50.397694],[3.029885,50.396763],[3.030547,50.396037],[3.030705,50.395891],[3.031703,50.395177],[3.032873,50.395808],[3.034577,50.396771],[3.035157,50.397086],[3.035799,50.397398],[3.036836,50.397803],[3.038415,50.39656],[3.038535,50.396638],[3.039029,50.396217],[3.039793,50.396625],[3.042186,50.394445],[3.044022,50.395417],[3.044317,50.395329],[3.045495,50.396315],[3.046358,50.395964],[3.046851,50.395734],[3.047108,50.395585],[3.048538,50.394687],[3.048786,50.394538],[3.048888,50.394721],[3.049391,50.395345],[3.049733,50.395831],[3.049942,50.395784],[3.050535,50.396389],[3.050893,50.396318],[3.051133,50.396212],[3.052484,50.395484],[3.052843,50.395282],[3.054271,50.394516],[3.054967,50.394136],[3.055402,50.393924],[3.056331,50.393544],[3.056672,50.393467],[3.056929,50.393441],[3.057273,50.393454],[3.057703,50.393328]]]}"
33,62497,Leforest,"50.441,3.059","{""type"":""Polygon"",""coordinates"":[[[3.038679,50.423094],[3.037083,50.423534],[3.036012,50.423799],[3.036188,50.424049],[3.036569,50.424521],[3.036952,50.424908],[3.037822,50.42601],[3.038071,50.426238],[3.038628,50.426815],[3.0395,50.427984],[3.039811,50.428425],[3.039988,50.428533],[3.040769,50.429378],[3.041327,50.430129],[3.041484,50.430245],[3.041691,50.430149],[3.042038,50.429934],[3.042412,50.429616],[3.042526,50.42949],[3.042766,50.429308],[3.043152,50.429062],[3.043696,50.428825],[3.044189,50.428714],[3.04481,50.428518],[3.045139,50.428434],[3.045705,50.428239],[3.046017,50.42816],[3.046549,50.427975],[3.047219,50.42783],[3.047565,50.427693],[3.047694,50.427608],[3.048186,50.427187],[3.048478,50.427021],[3.048714,50.426959],[3.0494,50.427021],[3.049646,50.427019],[3.050542,50.42687],[3.051106,50.426884],[3.051679,50.426872],[3.052577,50.426887],[3.052647,50.426938],[3.052927,50.426823],[3.053425,50.426734],[3.053832,50.426693],[3.05425,50.426628],[3.05473,50.427373],[3.055357,50.428437],[3.055468,50.428648],[3.053912,50.429226],[3.053924,50.429336],[3.052438,50.429727],[3.052469,50.430038],[3.051554,50.430252],[3.051615,50.430813],[3.051287,50.430908],[3.051319,50.431262],[3.05134,50.431836],[3.051541,50.432258],[3.050298,50.43268],[3.050088,50.432776],[3.050961,50.433889],[3.048207,50.434476],[3.047466,50.434568],[3.047326,50.434856],[3.047035,50.434908],[3.047024,50.435064],[3.047361,50.4353],[3.046059,50.435593],[3.046129,50.435984],[3.046324,50.436248],[3.046135,50.436512],[3.046443,50.436699],[3.046622,50.436896],[3.0467,50.437044],[3.046715,50.43726],[3.046602,50.437526],[3.046321,50.437858],[3.045988,50.438305],[3.045794,50.438498],[3.045676,50.438722],[3.045194,50.439462],[3.045004,50.439725],[3.044489,50.440329],[3.044334,50.440751],[3.044233,50.44088],[3.044073,50.440989],[3.043927,50.441288],[3.043799,50.441362],[3.043466,50.441471],[3.043358,50.441566],[3.043047,50.442508],[3.04305,50.442716],[3.042998,50.442822],[3.041964,50.444],[3.041571,50.444598],[3.041594,50.444752],[3.043057,50.446266],[3.043281,50.44655],[3.043304,50.447021],[3.043376,50.447211],[3.043566,50.447343],[3.043819,50.448014],[3.043829,50.44844],[3.043778,50.44879],[3.043795,50.449076],[3.043962,50.449336],[3.044255,50.44953],[3.044354,50.449638],[3.046544,50.450815],[3.046527,50.451077],[3.047573,50.451276],[3.048659,50.451945],[3.049151,50.452084],[3.050026,50.45226],[3.050215,50.452268],[3.051525,50.452825],[3.05225,50.453002],[3.051922,50.453998],[3.053683,50.454898],[3.053864,50.454812],[3.05524,50.455539],[3.055393,50.455378],[3.056199,50.455426],[3.056549,50.455478],[3.057223,50.455721],[3.057766,50.455946],[3.058261,50.456168],[3.058807,50.45649],[3.058979,50.456454],[3.059357,50.456176],[3.060943,50.456588],[3.061717,50.456559],[3.062358,50.456612],[3.062532,50.456682],[3.06312,50.457059],[3.063323,50.457214],[3.06354,50.457313],[3.064034,50.457485],[3.064966,50.457862],[3.065792,50.458136],[3.066134,50.458284],[3.066579,50.458544],[3.06685,50.458674],[3.067016,50.458612],[3.067609,50.458602],[3.067736,50.458562],[3.068337,50.458192],[3.069017,50.457695],[3.069215,50.457282],[3.069243,50.457007],[3.069243,50.456526],[3.069323,50.45626],[3.069438,50.45616],[3.069358,50.455926],[3.069128,50.455723],[3.068926,50.45569],[3.068809,50.455617],[3.068555,50.455186],[3.068396,50.454792],[3.068217,50.454435],[3.067917,50.454022],[3.067577,50.453645],[3.067241,50.453207],[3.067144,50.453026],[3.067209,50.452771],[3.067084,50.452493],[3.066754,50.451967],[3.066386,50.45146],[3.065681,50.450514],[3.066973,50.449463],[3.066495,50.449187],[3.066889,50.448868],[3.065569,50.448015],[3.065605,50.447488],[3.06682,50.447267],[3.067514,50.446513],[3.067997,50.445919],[3.069349,50.446444],[3.069858,50.44668],[3.076276,50.444175],[3.07662,50.444671],[3.076909,50.444999],[3.077399,50.445472],[3.077838,50.445313],[3.078365,50.445149],[3.081542,50.443952],[3.081411,50.443839],[3.080904,50.443594],[3.080127,50.44329],[3.080045,50.443172],[3.080029,50.442795],[3.0799,50.442563],[3.079492,50.441972],[3.079099,50.441351],[3.079013,50.441349],[3.078167,50.441471],[3.07689,50.441792],[3.076887,50.441718],[3.076453,50.441064],[3.075791,50.440581],[3.075603,50.440389],[3.075296,50.439951],[3.075253,50.439807],[3.074933,50.439232],[3.074766,50.439082],[3.074611,50.439016],[3.074401,50.438836],[3.074214,50.438619],[3.074037,50.438486],[3.074003,50.438375],[3.073893,50.438292],[3.07363,50.437908],[3.073394,50.437475],[3.073176,50.437138],[3.072891,50.4362],[3.072776,50.435538],[3.072776,50.434519],[3.072875,50.434318],[3.073163,50.43392],[3.073205,50.433773],[3.072773,50.433598],[3.072654,50.433505],[3.07182,50.432617],[3.071675,50.432479],[3.070772,50.431453],[3.070417,50.430975],[3.069544,50.429971],[3.069324,50.429534],[3.06924,50.429444],[3.069088,50.42911],[3.069054,50.428837],[3.069083,50.428755],[3.068914,50.427805],[3.068824,50.427182],[3.068627,50.425949],[3.068616,50.425667],[3.068396,50.425574],[3.068061,50.425385],[3.067802,50.42532],[3.066934,50.425246],[3.066179,50.425249],[3.065784,50.425202],[3.065184,50.42517],[3.064923,50.425114],[3.064771,50.425118],[3.064407,50.42503],[3.063482,50.426056],[3.062265,50.425985],[3.061116,50.426091],[3.059804,50.426426],[3.059365,50.426471],[3.059432,50.426315],[3.059251,50.426166],[3.058694,50.425764],[3.058139,50.425339],[3.056259,50.42558],[3.055,50.425734],[3.054189,50.425849],[3.053749,50.425886],[3.053354,50.425454],[3.053219,50.425384],[3.05281,50.425304],[3.052474,50.425347],[3.05166,50.425395],[3.050861,50.425458],[3.049924,50.425807],[3.049682,50.425878],[3.049198,50.425921],[3.048849,50.425754],[3.047624,50.424959],[3.046788,50.424373],[3.046498,50.424154],[3.045292,50.423353],[3.044431,50.422824],[3.044009,50.422533],[3.043269,50.422678],[3.042524,50.422785],[3.041878,50.422899],[3.040628,50.423022],[3.039255,50.423068],[3.038679,50.423094]]]}"
34,59345,Lewarde,"50.336,3.168","{""type"":""Polygon"",""coordinates"":[[[3.184964,50.347061],[3.185102,50.346635],[3.185023,50.346519],[3.184347,50.346132],[3.184115,50.346021],[3.183159,50.345642],[3.182593,50.345367],[3.182067,50.344962],[3.181861,50.344767],[3.181709,50.344553],[3.181168,50.343651],[3.180925,50.343084],[3.180665,50.342709],[3.180064,50.342085],[3.179876,50.341745],[3.178909,50.339576],[3.178822,50.339542],[3.178508,50.339207],[3.178204,50.338852],[3.177747,50.338359],[3.177659,50.338288],[3.176748,50.337669],[3.175784,50.336921],[3.174176,50.335638],[3.173872,50.335274],[3.173709,50.3349],[3.173972,50.334863],[3.174538,50.334747],[3.175787,50.33442],[3.176329,50.334311],[3.177249,50.334172],[3.178701,50.333925],[3.179389,50.33377],[3.180129,50.333544],[3.18114,50.333161],[3.181059,50.330025],[3.181378,50.33009],[3.182727,50.330428],[3.184565,50.33092],[3.185123,50.330166],[3.185712,50.329392],[3.185772,50.329337],[3.186681,50.328709],[3.187369,50.328179],[3.186965,50.327966],[3.186158,50.327638],[3.185321,50.327267],[3.184692,50.326968],[3.184089,50.326664],[3.18336,50.326276],[3.181161,50.325125],[3.180971,50.326123],[3.180529,50.326114],[3.178981,50.326103],[3.178702,50.326927],[3.178634,50.327204],[3.178709,50.327767],[3.172037,50.327779],[3.172075,50.328542],[3.169095,50.328704],[3.168995,50.327014],[3.166607,50.327008],[3.16652,50.326247],[3.164481,50.326294],[3.164516,50.325015],[3.163607,50.325055],[3.163456,50.324625],[3.162268,50.324864],[3.162558,50.325412],[3.162624,50.325725],[3.162685,50.325735],[3.162964,50.327164],[3.16287,50.327415],[3.162395,50.327303],[3.16075,50.326647],[3.160582,50.327199],[3.160594,50.328264],[3.160883,50.329171],[3.161197,50.32922],[3.161192,50.329281],[3.161483,50.329904],[3.161569,50.330482],[3.16187,50.330858],[3.161896,50.331432],[3.161826,50.332106],[3.159618,50.332749],[3.159163,50.331665],[3.157696,50.331841],[3.154137,50.333103],[3.152772,50.333663],[3.152433,50.333333],[3.15163,50.333897],[3.150411,50.335128],[3.150753,50.335425],[3.148994,50.336437],[3.1513,50.338726],[3.152323,50.338843],[3.152997,50.339908],[3.153554,50.33974],[3.154855,50.340574],[3.15531,50.340843],[3.156468,50.34255],[3.156778,50.342491],[3.157028,50.342473],[3.157219,50.342547],[3.157299,50.342637],[3.157531,50.343204],[3.157427,50.343236],[3.157606,50.34367],[3.158506,50.343556],[3.158522,50.344513],[3.159632,50.344385],[3.159949,50.345576],[3.1603,50.345572],[3.161311,50.345514],[3.161905,50.345525],[3.162607,50.345476],[3.162638,50.34624],[3.163428,50.346238],[3.16365,50.346318],[3.164602,50.34659],[3.165098,50.346558],[3.165474,50.347637],[3.165581,50.347985],[3.166104,50.347849],[3.166356,50.348078],[3.167353,50.347735],[3.16742,50.347776],[3.167689,50.348116],[3.168899,50.347734],[3.169065,50.347884],[3.170573,50.347648],[3.172878,50.346982],[3.173264,50.347308],[3.173617,50.347526],[3.174975,50.347263],[3.175734,50.347143],[3.177441,50.346973],[3.177909,50.347533],[3.178167,50.347822],[3.178368,50.347999],[3.178443,50.348115],[3.179295,50.347868],[3.179727,50.347775],[3.180196,50.347706],[3.18166,50.347408],[3.184964,50.347061]]]}"
35,59354,Loffre,"50.354,3.172","{""type"":""Polygon"",""coordinates"":[[[3.18489,50.355078],[3.184794,50.354866],[3.184873,50.354779],[3.185205,50.354617],[3.185582,50.354323],[3.185919,50.354086],[3.186009,50.353979],[3.185998,50.353751],[3.185683,50.353187],[3.185115,50.352244],[3.185155,50.35209],[3.18535,50.352014],[3.185484,50.351881],[3.185395,50.351588],[3.184809,50.350512],[3.184666,50.350188],[3.184606,50.349829],[3.184627,50.349154],[3.184558,50.349033],[3.184224,50.34877],[3.184135,50.348516],[3.18421,50.348337],[3.184579,50.347826],[3.184845,50.34736],[3.184964,50.347061],[3.18166,50.347408],[3.180196,50.347706],[3.179727,50.347775],[3.179295,50.347868],[3.178443,50.348115],[3.178368,50.347999],[3.178167,50.347822],[3.177909,50.347533],[3.177441,50.346973],[3.175734,50.347143],[3.174975,50.347263],[3.173617,50.347526],[3.173264,50.347308],[3.172878,50.346982],[3.170573,50.347648],[3.169065,50.347884],[3.168899,50.347734],[3.167689,50.348116],[3.16742,50.347776],[3.167353,50.347735],[3.166356,50.348078],[3.166104,50.347849],[3.165581,50.347985],[3.165474,50.347637],[3.165098,50.346558],[3.164602,50.34659],[3.16365,50.346318],[3.163428,50.346238],[3.162638,50.34624],[3.162607,50.345476],[3.161905,50.345525],[3.161311,50.345514],[3.1603,50.345572],[3.159949,50.345576],[3.159457,50.345624],[3.158702,50.345829],[3.158784,50.346377],[3.158806,50.346687],[3.15879,50.347316],[3.15885,50.347703],[3.158903,50.347893],[3.159382,50.348534],[3.15969,50.348907],[3.160359,50.349653],[3.160935,50.350428],[3.16141,50.350974],[3.161538,50.351077],[3.162141,50.35184],[3.162331,50.352159],[3.162445,50.352448],[3.162861,50.353686],[3.163044,50.353756],[3.163291,50.353735],[3.16372,50.353646],[3.164034,50.353601],[3.163734,50.354072],[3.162834,50.355303],[3.161032,50.357795],[3.160761,50.358149],[3.159756,50.359498],[3.159074,50.360398],[3.157974,50.361927],[3.158179,50.361834],[3.159344,50.361099],[3.159535,50.360992],[3.15988,50.360914],[3.160911,50.360813],[3.162778,50.36058],[3.162854,50.360537],[3.162816,50.360292],[3.162846,50.360206],[3.163153,50.359861],[3.163549,50.359588],[3.163983,50.359249],[3.164331,50.359149],[3.164902,50.359129],[3.165283,50.359181],[3.165503,50.359248],[3.165755,50.359273],[3.166345,50.359255],[3.16638,50.359156],[3.167864,50.360013],[3.168107,50.360145],[3.168342,50.360317],[3.168322,50.360581],[3.168382,50.360692],[3.168725,50.360714],[3.168931,50.360823],[3.169615,50.361336],[3.170051,50.361604],[3.170424,50.361799],[3.170806,50.361908],[3.173105,50.362057],[3.17349,50.362129],[3.173674,50.362237],[3.173808,50.362389],[3.173922,50.362746],[3.174308,50.362485],[3.178121,50.361154],[3.179324,50.360962],[3.17934,50.360895],[3.180356,50.360695],[3.180415,50.360655],[3.180909,50.360589],[3.181538,50.360561],[3.182914,50.36046],[3.183634,50.36037],[3.183721,50.360333],[3.184834,50.360608],[3.184975,50.360173],[3.184939,50.359158],[3.184778,50.358706],[3.185172,50.358819],[3.185768,50.359201],[3.185662,50.358604],[3.18564,50.358283],[3.185491,50.357918],[3.185291,50.357602],[3.185156,50.357339],[3.185126,50.357182],[3.185146,50.356279],[3.185039,50.35553],[3.18489,50.355078]]]}"
36,59336,Lécluse,"50.276,3.033","{""type"":""Polygon"",""coordinates"":[[[3.018014,50.26471],[3.017762,50.264944],[3.017426,50.26518],[3.017048,50.265368],[3.016193,50.265702],[3.015773,50.265896],[3.015536,50.266036],[3.013725,50.267282],[3.012853,50.267774],[3.012312,50.268005],[3.012011,50.268188],[3.011126,50.268821],[3.01091,50.268944],[3.010724,50.269004],[3.010813,50.269187],[3.011139,50.269549],[3.011476,50.269975],[3.011661,50.270238],[3.01215,50.270817],[3.01232,50.270989],[3.012473,50.271234],[3.012782,50.271922],[3.012931,50.27207],[3.013538,50.272196],[3.015154,50.272412],[3.015073,50.27254],[3.014942,50.27286],[3.014902,50.273024],[3.014862,50.2737],[3.01476,50.274299],[3.014795,50.274397],[3.015291,50.274625],[3.015955,50.274747],[3.016611,50.274852],[3.017055,50.274904],[3.016883,50.275247],[3.016796,50.275337],[3.016195,50.275748],[3.015991,50.27596],[3.015909,50.276296],[3.015773,50.276404],[3.015399,50.276339],[3.014905,50.276223],[3.014627,50.276206],[3.01343,50.279256],[3.012926,50.280424],[3.012485,50.281409],[3.01229,50.281794],[3.013156,50.281922],[3.013829,50.28206],[3.015037,50.282435],[3.015286,50.282488],[3.015774,50.282549],[3.016314,50.28258],[3.015605,50.284033],[3.017914,50.284689],[3.018582,50.28483],[3.019879,50.285018],[3.021005,50.285107],[3.021173,50.285136],[3.022364,50.285444],[3.023042,50.285598],[3.023404,50.285628],[3.024752,50.285688],[3.025041,50.28574],[3.025998,50.286096],[3.029183,50.287225],[3.030799,50.287761],[3.031488,50.287933],[3.031991,50.288007],[3.032479,50.288097],[3.033523,50.288081],[3.034661,50.288092],[3.034926,50.288064],[3.035244,50.287931],[3.035592,50.287839],[3.036159,50.287641],[3.036875,50.287482],[3.037171,50.287318],[3.037431,50.2873],[3.0378,50.287362],[3.038282,50.287376],[3.038735,50.287455],[3.039337,50.287479],[3.039993,50.287646],[3.040285,50.287661],[3.040513,50.287615],[3.040656,50.287414],[3.040921,50.287234],[3.04116,50.287123],[3.041353,50.286988],[3.042359,50.285925],[3.042274,50.285511],[3.042157,50.285396],[3.04214,50.28517],[3.042027,50.284903],[3.042013,50.284426],[3.041947,50.284223],[3.041863,50.284104],[3.041804,50.283891],[3.042008,50.283521],[3.042355,50.28317],[3.042459,50.282985],[3.042927,50.282991],[3.043302,50.282923],[3.043421,50.282802],[3.043435,50.282586],[3.043347,50.282434],[3.043464,50.282386],[3.044343,50.282368],[3.044435,50.282353],[3.05502,50.28226],[3.055075,50.280009],[3.055117,50.279717],[3.055073,50.279455],[3.055156,50.277983],[3.055162,50.277569],[3.05535,50.274845],[3.05508,50.275067],[3.054479,50.275464],[3.054287,50.275556],[3.053915,50.275687],[3.053557,50.275776],[3.053338,50.27586],[3.052978,50.275941],[3.052754,50.276033],[3.052178,50.276327],[3.051958,50.276517],[3.051533,50.276831],[3.051017,50.277247],[3.050171,50.277564],[3.049066,50.277892],[3.048544,50.277941],[3.044722,50.27517],[3.044102,50.274695],[3.043816,50.274504],[3.043254,50.274097],[3.042702,50.27366],[3.042159,50.273266],[3.041938,50.273061],[3.041753,50.273002],[3.041457,50.272958],[3.041094,50.272816],[3.04041,50.272436],[3.039603,50.271967],[3.039022,50.27161],[3.038041,50.270953],[3.037605,50.270678],[3.037646,50.270648],[3.037325,50.27043],[3.03697,50.270157],[3.036341,50.269612],[3.036248,50.26953],[3.035742,50.26898],[3.035545,50.268725],[3.035073,50.267906],[3.034381,50.266967],[3.033825,50.266103],[3.03375,50.266012],[3.030153,50.267141],[3.029742,50.266853],[3.02942,50.266676],[3.029018,50.266422],[3.028862,50.266298],[3.028788,50.266388],[3.027909,50.267116],[3.027513,50.267556],[3.027461,50.267544],[3.026765,50.268424],[3.02474,50.267219],[3.023416,50.266708],[3.024712,50.266005],[3.023913,50.265252],[3.023456,50.264966],[3.022992,50.26465],[3.023853,50.264121],[3.022874,50.263463],[3.021412,50.2641],[3.019993,50.264869],[3.019359,50.264569],[3.018014,50.26471]]]}"
37,59375,Marchiennes,"50.413,3.248","{""type"":""Polygon"",""coordinates"":[[[3.189591,50.389615],[3.194316,50.391209],[3.194187,50.391345],[3.196307,50.392254],[3.196579,50.392213],[3.198994,50.393176],[3.203367,50.398912],[3.203106,50.399316],[3.203074,50.399529],[3.203148,50.399732],[3.203337,50.399966],[3.203371,50.400056],[3.203643,50.400285],[3.203816,50.400302],[3.204477,50.400976],[3.205436,50.402065],[3.205929,50.402584],[3.206851,50.403583],[3.207653,50.404434],[3.208393,50.405235],[3.209359,50.406257],[3.210148,50.407011],[3.213927,50.406241],[3.214275,50.406217],[3.21463,50.40624],[3.216617,50.406433],[3.216527,50.406739],[3.216282,50.406704],[3.214636,50.406531],[3.214133,50.406521],[3.213338,50.406652],[3.211562,50.407011],[3.2116,50.407126],[3.210959,50.407477],[3.210078,50.407766],[3.210333,50.408452],[3.210501,50.409026],[3.210609,50.409269],[3.210573,50.409368],[3.210412,50.40941],[3.210731,50.410044],[3.210978,50.410133],[3.213598,50.411543],[3.21426,50.411746],[3.214785,50.411974],[3.215053,50.412058],[3.21632,50.412641],[3.216878,50.412924],[3.217631,50.413271],[3.218029,50.413435],[3.218473,50.413437],[3.218612,50.413656],[3.219533,50.413864],[3.219724,50.414129],[3.220039,50.414209],[3.220412,50.414204],[3.221796,50.414233],[3.222543,50.414279],[3.223209,50.414342],[3.224015,50.414385],[3.224829,50.414483],[3.225639,50.414623],[3.22625,50.414808],[3.226999,50.41525],[3.22857,50.415242],[3.229162,50.41534],[3.229923,50.415354],[3.231721,50.415288],[3.233339,50.415187],[3.233944,50.415236],[3.23425,50.415286],[3.235007,50.415453],[3.235736,50.415647],[3.236129,50.415918],[3.236293,50.416082],[3.237519,50.416361],[3.238361,50.416531],[3.239249,50.416724],[3.24002,50.416917],[3.240387,50.417048],[3.241251,50.417562],[3.241385,50.417698],[3.241503,50.418023],[3.241638,50.418264],[3.242349,50.419256],[3.242754,50.419639],[3.243251,50.420029],[3.243594,50.420207],[3.244102,50.420342],[3.244354,50.420336],[3.244512,50.42024],[3.244798,50.419976],[3.245058,50.419876],[3.245371,50.419814],[3.245678,50.419797],[3.246527,50.419958],[3.247593,50.420128],[3.248126,50.420253],[3.248665,50.420321],[3.24904,50.420322],[3.249533,50.420273],[3.250491,50.420227],[3.251064,50.42022],[3.251584,50.420273],[3.252268,50.420388],[3.252843,50.420434],[3.253328,50.42057],[3.253653,50.420706],[3.254055,50.420906],[3.254303,50.421065],[3.254533,50.421284],[3.254765,50.421618],[3.255336,50.422242],[3.255586,50.422425],[3.255917,50.422584],[3.256204,50.422691],[3.256527,50.422771],[3.257215,50.422838],[3.257799,50.422833],[3.260409,50.422693],[3.260439,50.42275],[3.260578,50.423405],[3.260585,50.423692],[3.260556,50.424104],[3.260489,50.424243],[3.259515,50.424638],[3.25945,50.42471],[3.259167,50.42486],[3.25878,50.424909],[3.258105,50.424907],[3.258154,50.425753],[3.258116,50.42587],[3.257802,50.426068],[3.2575,50.426208],[3.257331,50.426325],[3.257274,50.426459],[3.257384,50.426878],[3.257357,50.427005],[3.257159,50.427127],[3.256715,50.427319],[3.256322,50.427435],[3.255789,50.427564],[3.255417,50.42762],[3.254901,50.427626],[3.254423,50.427614],[3.253924,50.427559],[3.2532,50.427588],[3.252212,50.427544],[3.251935,50.427585],[3.250688,50.428004],[3.250389,50.428073],[3.250773,50.428576],[3.251297,50.428698],[3.25151,50.42873],[3.251375,50.428959],[3.251228,50.429116],[3.250741,50.4295],[3.250589,50.429725],[3.251006,50.429979],[3.251384,50.430307],[3.250268,50.431111],[3.249914,50.432264],[3.249896,50.43259],[3.250342,50.43301],[3.2508,50.432984],[3.250935,50.433342],[3.251401,50.433509],[3.252161,50.433136],[3.252666,50.432911],[3.25291,50.432956],[3.253112,50.432948],[3.253598,50.432718],[3.253733,50.432471],[3.253899,50.432324],[3.254441,50.432095],[3.254797,50.431876],[3.254822,50.432081],[3.254928,50.432451],[3.255104,50.432849],[3.255002,50.433367],[3.255069,50.433734],[3.255059,50.43399],[3.254917,50.434104],[3.254656,50.434155],[3.254563,50.434753],[3.254587,50.434839],[3.254858,50.435094],[3.255072,50.435671],[3.255182,50.435888],[3.255311,50.436013],[3.255674,50.436226],[3.255608,50.436548],[3.256478,50.436847],[3.256819,50.437007],[3.256957,50.437119],[3.257057,50.437445],[3.257713,50.437536],[3.258631,50.437645],[3.258894,50.437657],[3.259431,50.437627],[3.260926,50.437513],[3.261645,50.43743],[3.261984,50.437428],[3.262811,50.437496],[3.262783,50.437654],[3.263487,50.437781],[3.264163,50.437863],[3.265428,50.437992],[3.265962,50.437986],[3.266103,50.437823],[3.266308,50.437774],[3.267525,50.437583],[3.267693,50.437303],[3.271244,50.436999],[3.279877,50.436263],[3.280113,50.436395],[3.28081,50.436433],[3.281161,50.436504],[3.281796,50.436729],[3.28219,50.436912],[3.282794,50.437239],[3.28319,50.437224],[3.288779,50.435803],[3.289892,50.435846],[3.289998,50.436125],[3.290145,50.436241],[3.290443,50.436304],[3.290645,50.436292],[3.291687,50.436624],[3.292602,50.436588],[3.294344,50.436227],[3.295299,50.436059],[3.294944,50.436416],[3.294814,50.436786],[3.295189,50.436843],[3.296545,50.437125],[3.296971,50.437157],[3.297214,50.437146],[3.297618,50.437029],[3.297831,50.436924],[3.298296,50.436743],[3.298686,50.436623],[3.299919,50.43633],[3.300275,50.436279],[3.300678,50.436282],[3.301042,50.436323],[3.301617,50.436327],[3.301827,50.436309],[3.302114,50.436234],[3.302774,50.435858],[3.303049,50.435732],[3.303522,50.435648],[3.304062,50.435506],[3.304406,50.435339],[3.304537,50.435244],[3.304686,50.435008],[3.305,50.434819],[3.305315,50.434685],[3.30591,50.43453],[3.306787,50.434438],[3.306631,50.434035],[3.306514,50.433338],[3.306373,50.432799],[3.306235,50.431713],[3.306061,50.431203],[3.305908,50.430654],[3.305772,50.430236],[3.305523,50.429338],[3.305383,50.428932],[3.305119,50.427563],[3.305022,50.426836],[3.304861,50.426071],[3.304419,50.424337],[3.304043,50.422998],[3.302389,50.422961],[3.303075,50.422064],[3.303866,50.420944],[3.304049,50.420782],[3.304371,50.420328],[3.304517,50.420091],[3.30497,50.419484],[3.305841,50.418256],[3.306096,50.41786],[3.306858,50.416812],[3.30723,50.416349],[3.307396,50.416068],[3.307737,50.415608],[3.308075,50.415086],[3.308429,50.414621],[3.307463,50.414397],[3.307567,50.414132],[3.307881,50.413557],[3.308183,50.413142],[3.308164,50.413023],[3.307399,50.41271],[3.307264,50.412627],[3.307118,50.412422],[3.306665,50.412313],[3.305838,50.412235],[3.305449,50.412058],[3.305279,50.411942],[3.305045,50.411395],[3.304858,50.41119],[3.304672,50.41104],[3.301841,50.409442],[3.301914,50.409382],[3.30198,50.409172],[3.301957,50.409074],[3.301587,50.409004],[3.301483,50.408711],[3.301254,50.408276],[3.300933,50.4076],[3.300795,50.407349],[3.30057,50.407024],[3.300498,50.406737],[3.300297,50.406272],[3.300264,50.406139],[3.300176,50.405491],[3.299985,50.404332],[3.299899,50.403981],[3.298863,50.403742],[3.298409,50.403628],[3.297696,50.403499],[3.298632,50.402834],[3.298892,50.402633],[3.299167,50.402347],[3.29954,50.402054],[3.299253,50.401991],[3.298495,50.401768],[3.297984,50.401684],[3.297463,50.401626],[3.296784,50.401575],[3.295957,50.401579],[3.295418,50.401087],[3.295423,50.400979],[3.295761,50.400509],[3.29223,50.399996],[3.290779,50.401359],[3.289913,50.401614],[3.289894,50.401604],[3.291242,50.40043],[3.291576,50.399685],[3.292571,50.397787],[3.29279,50.397337],[3.292998,50.397078],[3.288625,50.39687],[3.283569,50.396623],[3.282775,50.396578],[3.28176,50.396431],[3.281183,50.396425],[3.280685,50.398794],[3.280602,50.399229],[3.280545,50.399414],[3.280161,50.399345],[3.279895,50.39915],[3.279337,50.398821],[3.278923,50.398833],[3.278776,50.39879],[3.277418,50.399188],[3.277096,50.398608],[3.27686,50.398762],[3.277065,50.39915],[3.277228,50.39941],[3.27733,50.399678],[3.277619,50.400304],[3.278031,50.401427],[3.278177,50.401856],[3.278344,50.402967],[3.278488,50.403599],[3.278558,50.403774],[3.278708,50.403959],[3.278863,50.404042],[3.278914,50.404448],[3.276811,50.404392],[3.276498,50.405105],[3.276402,50.405243],[3.275454,50.405022],[3.275083,50.404886],[3.274624,50.404579],[3.274079,50.404133],[3.273655,50.403815],[3.273367,50.403636],[3.27308,50.40352],[3.271967,50.403176],[3.27153,50.403061],[3.270218,50.402815],[3.26971,50.402626],[3.269407,50.402435],[3.269118,50.402213],[3.268812,50.402022],[3.26844,50.401854],[3.268069,50.401761],[3.265781,50.401319],[3.264302,50.401052],[3.263797,50.400906],[3.262801,50.400517],[3.262514,50.400424],[3.260591,50.39994],[3.259454,50.399574],[3.259037,50.399333],[3.258287,50.39868],[3.258078,50.398554],[3.257774,50.398425],[3.257078,50.398177],[3.256232,50.397894],[3.255839,50.397674],[3.25546,50.397357],[3.253812,50.395894],[3.253039,50.395178],[3.252383,50.39459],[3.25223,50.394361],[3.251983,50.394411],[3.251495,50.394583],[3.251162,50.394681],[3.250549,50.394893],[3.250006,50.395016],[3.249477,50.395106],[3.248923,50.395152],[3.248498,50.395319],[3.24807,50.395406],[3.247652,50.395438],[3.247187,50.395443],[3.246388,50.395524],[3.245497,50.395714],[3.244525,50.396283],[3.243941,50.396581],[3.243256,50.396901],[3.243185,50.397016],[3.242728,50.397493],[3.24194,50.398342],[3.241932,50.398398],[3.241399,50.399221],[3.24125,50.399432],[3.2411,50.400056],[3.240963,50.400764],[3.240867,50.401132],[3.240743,50.401808],[3.240089,50.401979],[3.237818,50.402307],[3.237499,50.402323],[3.235093,50.402331],[3.234435,50.402347],[3.231758,50.402367],[3.231464,50.402313],[3.229277,50.401814],[3.227739,50.401468],[3.225788,50.401153],[3.222168,50.400584],[3.219653,50.400174],[3.218051,50.399921],[3.212202,50.397901],[3.21362,50.397765],[3.21393,50.397184],[3.213851,50.396871],[3.213245,50.396638],[3.212862,50.396548],[3.21248,50.396505],[3.211602,50.396494],[3.210983,50.396516],[3.210162,50.396607],[3.209136,50.396778],[3.209438,50.395824],[3.209655,50.395084],[3.20983,50.394395],[3.210335,50.392722],[3.210435,50.392461],[3.210482,50.392199],[3.210657,50.391689],[3.210719,50.391385],[3.210944,50.390546],[3.211059,50.390531],[3.211703,50.390368],[3.211371,50.389966],[3.210972,50.389935],[3.210027,50.389835],[3.209112,50.389651],[3.208858,50.3897],[3.207902,50.389817],[3.207447,50.389844],[3.207044,50.389825],[3.206855,50.389792],[3.206456,50.389518],[3.20623,50.389286],[3.206148,50.389103],[3.206119,50.388928],[3.206155,50.388732],[3.206272,50.388519],[3.206267,50.38829],[3.206176,50.387975],[3.205962,50.387849],[3.205597,50.387837],[3.205375,50.387867],[3.205361,50.387779],[3.205088,50.387834],[3.204447,50.387915],[3.204293,50.388032],[3.203152,50.387808],[3.202194,50.387639],[3.201765,50.387641],[3.201037,50.387715],[3.200783,50.387755],[3.200158,50.387802],[3.199837,50.387848],[3.198921,50.387832],[3.198161,50.387783],[3.19742,50.387705],[3.197013,50.387721],[3.196652,50.387788],[3.196574,50.387963],[3.196363,50.388683],[3.196331,50.388943],[3.196376,50.389333],[3.19634,50.389454],[3.196187,50.389559],[3.196028,50.389592],[3.195808,50.389546],[3.195061,50.389189],[3.19482,50.389127],[3.194621,50.389138],[3.19447,50.389221],[3.194361,50.389374],[3.194272,50.389642],[3.194268,50.38985],[3.194317,50.390368],[3.194204,50.390616],[3.19404,50.390734],[3.193722,50.390833],[3.19331,50.390747],[3.192667,50.390483],[3.192344,50.390297],[3.191861,50.389976],[3.191478,50.389671],[3.191004,50.389245],[3.190672,50.389002],[3.190389,50.388917],[3.18995,50.388986],[3.189259,50.389203],[3.189021,50.38922],[3.188734,50.389103],[3.188588,50.388985],[3.188386,50.38868],[3.188301,50.388759],[3.188063,50.389104],[3.189591,50.389615]]]}"
38,59379,Marcq-en-Ostrevent,"50.289,3.233","{""type"":""Polygon"",""coordinates"":[[[3.247312,50.298855],[3.247572,50.296725],[3.250047,50.296407],[3.249703,50.29572],[3.251393,50.295426],[3.250866,50.294298],[3.251456,50.293987],[3.251146,50.293917],[3.252017,50.291245],[3.252903,50.29155],[3.254213,50.292041],[3.254856,50.29224],[3.254032,50.28611],[3.253065,50.286106],[3.253164,50.284741],[3.252869,50.284627],[3.252688,50.284601],[3.252406,50.284614],[3.252136,50.280249],[3.252139,50.279709],[3.251693,50.279557],[3.250765,50.279206],[3.249654,50.278706],[3.249014,50.278395],[3.247558,50.277773],[3.247157,50.277543],[3.24658,50.277267],[3.245126,50.276713],[3.244128,50.276394],[3.242953,50.275996],[3.24204,50.2757],[3.2406,50.275437],[3.239504,50.275217],[3.236917,50.278168],[3.236552,50.278101],[3.235173,50.277772],[3.234341,50.277558],[3.233135,50.277262],[3.232009,50.276994],[3.231102,50.276767],[3.230174,50.276549],[3.227448,50.275875],[3.226359,50.275595],[3.226241,50.276137],[3.224626,50.276964],[3.222094,50.277686],[3.221131,50.277878],[3.219594,50.278163],[3.217931,50.278589],[3.217065,50.278787],[3.215305,50.279131],[3.213328,50.279662],[3.213907,50.280856],[3.21471,50.280934],[3.216078,50.281291],[3.21594,50.28182],[3.216062,50.281853],[3.214631,50.285626],[3.214252,50.285586],[3.213863,50.28557],[3.213598,50.285586],[3.212466,50.285756],[3.212019,50.285798],[3.215126,50.289656],[3.217715,50.29287],[3.219503,50.29213],[3.220686,50.291646],[3.222117,50.29117],[3.222628,50.291043],[3.223667,50.290828],[3.224292,50.291652],[3.222522,50.292487],[3.22303,50.293145],[3.222497,50.293414],[3.223105,50.293978],[3.223548,50.294516],[3.223949,50.294984],[3.224799,50.296],[3.225131,50.29642],[3.225665,50.297051],[3.226146,50.297598],[3.227628,50.299368],[3.22786,50.299662],[3.22806,50.300377],[3.22824,50.300696],[3.228662,50.3011],[3.229141,50.301647],[3.229835,50.302407],[3.229973,50.302545],[3.232405,50.30208],[3.232419,50.302097],[3.236551,50.301244],[3.2412,50.300324],[3.24107,50.300876],[3.24101,50.301233],[3.246982,50.300996],[3.247312,50.298855]]]}"
39,59390,Masny,"50.344,3.194","{""type"":""Polygon"",""coordinates"":[[[3.208637,50.36508],[3.209305,50.365474],[3.209858,50.365769],[3.210387,50.365999],[3.21091,50.36627],[3.21142,50.366506],[3.211628,50.36654],[3.211629,50.366392],[3.212916,50.365911],[3.213142,50.365792],[3.213472,50.365684],[3.213603,50.365525],[3.213684,50.365338],[3.213811,50.36522],[3.214015,50.364906],[3.214099,50.364637],[3.214101,50.364343],[3.212822,50.364035],[3.212579,50.363902],[3.210531,50.36158],[3.2094,50.360334],[3.207399,50.358153],[3.204948,50.355608],[3.204462,50.355474],[3.204472,50.355363],[3.204374,50.355038],[3.206854,50.352558],[3.206388,50.351532],[3.206751,50.351429],[3.206616,50.351097],[3.206512,50.351128],[3.206037,50.350173],[3.206001,50.349602],[3.206333,50.349564],[3.206165,50.348951],[3.20596,50.348517],[3.205758,50.347814],[3.2061,50.347667],[3.205709,50.347243],[3.205324,50.3467],[3.205238,50.346476],[3.205054,50.345877],[3.204994,50.345628],[3.204884,50.344954],[3.204832,50.34479],[3.205527,50.344505],[3.206639,50.344304],[3.207246,50.344138],[3.20707,50.34333],[3.205269,50.342877],[3.205007,50.342417],[3.20533,50.342189],[3.20446,50.341616],[3.203768,50.340367],[3.203433,50.340227],[3.202908,50.340039],[3.204868,50.336517],[3.204982,50.335793],[3.205048,50.335801],[3.207314,50.335252],[3.208759,50.334936],[3.207129,50.332469],[3.20744,50.332359],[3.207178,50.331784],[3.206714,50.331917],[3.206487,50.331479],[3.208065,50.331156],[3.207795,50.330782],[3.208049,50.330707],[3.207824,50.329817],[3.208833,50.32978],[3.210175,50.329705],[3.210968,50.32965],[3.211605,50.329575],[3.212816,50.329521],[3.213274,50.329497],[3.213792,50.3295],[3.213126,50.327966],[3.214256,50.327569],[3.21324,50.325169],[3.21255,50.325785],[3.211314,50.32595],[3.209015,50.326266],[3.2079,50.323699],[3.207629,50.323686],[3.206987,50.323739],[3.206321,50.323744],[3.205844,50.323786],[3.204688,50.323926],[3.204313,50.323944],[3.203615,50.324067],[3.202995,50.324227],[3.202486,50.324375],[3.202156,50.323585],[3.20149,50.32189],[3.201218,50.321578],[3.195544,50.324059],[3.195362,50.323008],[3.192666,50.323437],[3.1927,50.323646],[3.192951,50.32436],[3.192975,50.324543],[3.189802,50.325227],[3.191327,50.323292],[3.188118,50.32169],[3.186837,50.323708],[3.186354,50.324486],[3.18571,50.324187],[3.18336,50.326276],[3.184089,50.326664],[3.184692,50.326968],[3.185321,50.327267],[3.186158,50.327638],[3.186965,50.327966],[3.187369,50.328179],[3.186681,50.328709],[3.185772,50.329337],[3.185712,50.329392],[3.185123,50.330166],[3.184565,50.33092],[3.182727,50.330428],[3.181378,50.33009],[3.181059,50.330025],[3.18114,50.333161],[3.180129,50.333544],[3.179389,50.33377],[3.178701,50.333925],[3.177249,50.334172],[3.176329,50.334311],[3.175787,50.33442],[3.174538,50.334747],[3.173972,50.334863],[3.173709,50.3349],[3.173872,50.335274],[3.174176,50.335638],[3.175784,50.336921],[3.176748,50.337669],[3.177659,50.338288],[3.177747,50.338359],[3.178204,50.338852],[3.178508,50.339207],[3.178822,50.339542],[3.178909,50.339576],[3.179876,50.341745],[3.180064,50.342085],[3.180665,50.342709],[3.180925,50.343084],[3.181168,50.343651],[3.181709,50.344553],[3.181861,50.344767],[3.182067,50.344962],[3.182593,50.345367],[3.183159,50.345642],[3.184115,50.346021],[3.184347,50.346132],[3.185023,50.346519],[3.185102,50.346635],[3.184964,50.347061],[3.184845,50.34736],[3.184579,50.347826],[3.18421,50.348337],[3.184135,50.348516],[3.184224,50.34877],[3.184558,50.349033],[3.184627,50.349154],[3.184606,50.349829],[3.184666,50.350188],[3.184809,50.350512],[3.185395,50.351588],[3.185484,50.351881],[3.18535,50.352014],[3.185155,50.35209],[3.185115,50.352244],[3.185683,50.353187],[3.185998,50.353751],[3.186009,50.353979],[3.185919,50.354086],[3.185582,50.354323],[3.185205,50.354617],[3.184873,50.354779],[3.184794,50.354866],[3.18489,50.355078],[3.185029,50.355081],[3.185842,50.354765],[3.186055,50.354756],[3.186399,50.354886],[3.187434,50.355381],[3.188138,50.35577],[3.18838,50.35585],[3.189651,50.356217],[3.190085,50.356325],[3.191196,50.356543],[3.191594,50.356637],[3.192918,50.356893],[3.193228,50.356934],[3.193845,50.357329],[3.193946,50.357417],[3.194135,50.357758],[3.19425,50.358127],[3.194411,50.358367],[3.194784,50.358626],[3.194895,50.358742],[3.195104,50.359078],[3.195476,50.359468],[3.195836,50.359814],[3.196216,50.360123],[3.197042,50.360727],[3.197253,50.3609],[3.197644,50.361056],[3.19784,50.36105],[3.198317,50.360955],[3.198648,50.360981],[3.199848,50.361197],[3.200097,50.361397],[3.200965,50.361539],[3.20274,50.36179],[3.205203,50.362206],[3.205441,50.36238],[3.205728,50.362517],[3.206043,50.362583],[3.20629,50.362675],[3.206791,50.363009],[3.207125,50.363252],[3.207457,50.363454],[3.207612,50.363625],[3.20777,50.363876],[3.207987,50.36443],[3.208116,50.36466],[3.208348,50.364871],[3.208637,50.36508]]]}"
40,59409,Monchecourt,"50.307,3.211","{""type"":""Polygon"",""coordinates"":[[[3.233952,50.312745],[3.231761,50.311444],[3.228959,50.309395],[3.229543,50.308922],[3.230254,50.308317],[3.231585,50.306577],[3.230681,50.306153],[3.230104,50.305603],[3.232049,50.30484],[3.231463,50.304186],[3.230467,50.3031],[3.229973,50.302545],[3.229835,50.302407],[3.229141,50.301647],[3.228662,50.3011],[3.22824,50.300696],[3.22806,50.300377],[3.22786,50.299662],[3.227628,50.299368],[3.226146,50.297598],[3.225665,50.297051],[3.225131,50.29642],[3.224799,50.296],[3.223949,50.294984],[3.223548,50.294516],[3.223105,50.293978],[3.222497,50.293414],[3.22303,50.293145],[3.222522,50.292487],[3.224292,50.291652],[3.223667,50.290828],[3.222628,50.291043],[3.222117,50.29117],[3.220686,50.291646],[3.219503,50.29213],[3.217715,50.29287],[3.215126,50.289656],[3.212385,50.290391],[3.213574,50.2919],[3.206541,50.294241],[3.200511,50.296248],[3.200073,50.295692],[3.194835,50.297601],[3.188802,50.2998],[3.189142,50.299887],[3.190571,50.300152],[3.192551,50.300437],[3.192864,50.300498],[3.193953,50.301638],[3.19483,50.302388],[3.193723,50.302878],[3.192867,50.303395],[3.193361,50.303613],[3.194319,50.304888],[3.19365,50.304815],[3.192901,50.305884],[3.194467,50.306488],[3.193256,50.308082],[3.192774,50.309517],[3.191411,50.309402],[3.188711,50.309544],[3.188885,50.310136],[3.189072,50.310837],[3.189104,50.311278],[3.189063,50.311577],[3.188832,50.312732],[3.194887,50.312991],[3.194715,50.31442],[3.193653,50.314368],[3.193362,50.316278],[3.197105,50.316452],[3.19673,50.317497],[3.199984,50.318064],[3.199666,50.319107],[3.199886,50.31916],[3.200521,50.318884],[3.201211,50.319341],[3.201656,50.319432],[3.202018,50.31956],[3.202583,50.319786],[3.20059,50.320591],[3.201218,50.321578],[3.20149,50.32189],[3.202156,50.323585],[3.202486,50.324375],[3.202995,50.324227],[3.203615,50.324067],[3.204313,50.323944],[3.204688,50.323926],[3.205844,50.323786],[3.206321,50.323744],[3.206987,50.323739],[3.207629,50.323686],[3.2079,50.323699],[3.207919,50.323644],[3.20815,50.323622],[3.208503,50.32353],[3.210153,50.322992],[3.210531,50.322874],[3.211563,50.32251],[3.212221,50.322264],[3.212803,50.322094],[3.21466,50.32165],[3.213851,50.319872],[3.212449,50.318004],[3.211452,50.316956],[3.210981,50.316115],[3.213247,50.315139],[3.213971,50.315894],[3.214998,50.31562],[3.214597,50.315248],[3.21481,50.31521],[3.21586,50.314925],[3.217713,50.314521],[3.218762,50.313555],[3.220121,50.312874],[3.220865,50.312478],[3.221469,50.312207],[3.223515,50.313424],[3.226204,50.311615],[3.226822,50.311881],[3.227493,50.312244],[3.228355,50.312825],[3.229447,50.313596],[3.229951,50.313938],[3.230675,50.314348],[3.231394,50.313934],[3.231901,50.313657],[3.232344,50.313436],[3.233365,50.312984],[3.233952,50.312745]]]}"
41,59414,Montigny-en-Ostrevent,"50.368,3.183","{""type"":""Polygon"",""coordinates"":[[[3.157974,50.361927],[3.157879,50.361977],[3.157983,50.362122],[3.158329,50.362355],[3.158606,50.362627],[3.15885,50.362899],[3.159036,50.363174],[3.159285,50.36341],[3.159426,50.36359],[3.159805,50.36451],[3.159951,50.365006],[3.1599,50.365265],[3.159665,50.365847],[3.159549,50.366066],[3.159225,50.366433],[3.158676,50.367023],[3.158566,50.367181],[3.158597,50.367371],[3.158565,50.367605],[3.158672,50.368632],[3.158729,50.369522],[3.158773,50.370655],[3.158755,50.371048],[3.158872,50.371653],[3.158879,50.372045],[3.158798,50.372618],[3.158989,50.373434],[3.159796,50.373577],[3.15982,50.373625],[3.159636,50.37401],[3.159663,50.374032],[3.160266,50.374014],[3.161666,50.373882],[3.162227,50.373788],[3.162668,50.373631],[3.162853,50.373773],[3.163138,50.374128],[3.163217,50.374351],[3.163326,50.37439],[3.163568,50.374369],[3.163996,50.374247],[3.164273,50.37449],[3.164407,50.374357],[3.164756,50.374396],[3.164823,50.374524],[3.166556,50.374688],[3.166545,50.374808],[3.166851,50.37482],[3.166794,50.375255],[3.167202,50.37626],[3.167349,50.376566],[3.167536,50.377213],[3.167808,50.377788],[3.168074,50.37774],[3.168551,50.377577],[3.168825,50.377401],[3.170766,50.377151],[3.171332,50.377198],[3.171373,50.37726],[3.171761,50.377104],[3.17196,50.377288],[3.17241,50.377134],[3.172519,50.3773],[3.172841,50.377224],[3.173687,50.376875],[3.172839,50.376092],[3.172409,50.376261],[3.172273,50.376171],[3.172147,50.376224],[3.171749,50.375881],[3.171892,50.375828],[3.171385,50.375395],[3.171601,50.375337],[3.171428,50.375125],[3.17317,50.374495],[3.173737,50.374879],[3.173932,50.375035],[3.174162,50.374918],[3.174626,50.375309],[3.174821,50.375208],[3.174934,50.375301],[3.175951,50.374787],[3.175956,50.374734],[3.17643,50.3745],[3.177106,50.375075],[3.176869,50.375177],[3.177283,50.375526],[3.176973,50.37568],[3.177907,50.376406],[3.178091,50.376573],[3.178107,50.376748],[3.178203,50.376928],[3.178444,50.37708],[3.17798,50.377184],[3.177921,50.377614],[3.178112,50.377639],[3.178801,50.378298],[3.1804,50.37921],[3.180756,50.379278],[3.180909,50.379721],[3.181112,50.380116],[3.181323,50.380464],[3.181963,50.381336],[3.183232,50.381447],[3.185244,50.381614],[3.1863,50.38171],[3.191967,50.382196],[3.192247,50.38223],[3.192953,50.382281],[3.19283,50.381867],[3.192729,50.381638],[3.192663,50.381319],[3.192821,50.380301],[3.192827,50.379769],[3.192888,50.379115],[3.193028,50.378425],[3.19315,50.377459],[3.193173,50.377356],[3.192765,50.377375],[3.192329,50.377328],[3.192135,50.377213],[3.191726,50.376397],[3.19151,50.376117],[3.190987,50.375497],[3.190589,50.374861],[3.190292,50.373934],[3.190227,50.373853],[3.190032,50.373803],[3.189799,50.373851],[3.189542,50.373854],[3.189139,50.373788],[3.18881,50.373562],[3.188581,50.373563],[3.188058,50.37273],[3.187432,50.371814],[3.187254,50.371532],[3.188274,50.371079],[3.188429,50.370996],[3.190628,50.369965],[3.191458,50.369599],[3.192675,50.370331],[3.193485,50.369957],[3.193697,50.370147],[3.195608,50.369245],[3.195553,50.369194],[3.196014,50.368998],[3.198004,50.368087],[3.19881,50.367672],[3.198543,50.367357],[3.198902,50.367205],[3.199748,50.366923],[3.201262,50.366718],[3.20422,50.366252],[3.204443,50.366208],[3.205829,50.36589],[3.205785,50.365829],[3.207483,50.365433],[3.207754,50.365384],[3.208336,50.365243],[3.208546,50.365176],[3.208637,50.36508],[3.208348,50.364871],[3.208116,50.36466],[3.207987,50.36443],[3.20777,50.363876],[3.207612,50.363625],[3.207457,50.363454],[3.207125,50.363252],[3.206791,50.363009],[3.20629,50.362675],[3.206043,50.362583],[3.205728,50.362517],[3.205441,50.36238],[3.205203,50.362206],[3.20274,50.36179],[3.200965,50.361539],[3.200097,50.361397],[3.199848,50.361197],[3.198648,50.360981],[3.198317,50.360955],[3.19784,50.36105],[3.197644,50.361056],[3.197253,50.3609],[3.197042,50.360727],[3.196216,50.360123],[3.195836,50.359814],[3.195476,50.359468],[3.195104,50.359078],[3.194895,50.358742],[3.194784,50.358626],[3.194411,50.358367],[3.19425,50.358127],[3.194135,50.357758],[3.193946,50.357417],[3.193845,50.357329],[3.193228,50.356934],[3.192918,50.356893],[3.191594,50.356637],[3.191196,50.356543],[3.190085,50.356325],[3.189651,50.356217],[3.18838,50.35585],[3.188138,50.35577],[3.187434,50.355381],[3.186399,50.354886],[3.186055,50.354756],[3.185842,50.354765],[3.185029,50.355081],[3.18489,50.355078],[3.185039,50.35553],[3.185146,50.356279],[3.185126,50.357182],[3.185156,50.357339],[3.185291,50.357602],[3.185491,50.357918],[3.18564,50.358283],[3.185662,50.358604],[3.185768,50.359201],[3.185172,50.358819],[3.184778,50.358706],[3.184939,50.359158],[3.184975,50.360173],[3.184834,50.360608],[3.183721,50.360333],[3.183634,50.36037],[3.182914,50.36046],[3.181538,50.360561],[3.180909,50.360589],[3.180415,50.360655],[3.180356,50.360695],[3.17934,50.360895],[3.179324,50.360962],[3.178121,50.361154],[3.174308,50.362485],[3.173922,50.362746],[3.173808,50.362389],[3.173674,50.362237],[3.17349,50.362129],[3.173105,50.362057],[3.170806,50.361908],[3.170424,50.361799],[3.170051,50.361604],[3.169615,50.361336],[3.168931,50.360823],[3.168725,50.360714],[3.168382,50.360692],[3.168322,50.360581],[3.168342,50.360317],[3.168107,50.360145],[3.167864,50.360013],[3.16638,50.359156],[3.166345,50.359255],[3.165755,50.359273],[3.165503,50.359248],[3.165283,50.359181],[3.164902,50.359129],[3.164331,50.359149],[3.163983,50.359249],[3.163549,50.359588],[3.163153,50.359861],[3.162846,50.360206],[3.162816,50.360292],[3.162854,50.360537],[3.162778,50.36058],[3.160911,50.360813],[3.15988,50.360914],[3.159535,50.360992],[3.159344,50.361099],[3.158179,50.361834],[3.157974,50.361927]]]}"
42,59456,Pecquencourt,"50.376,3.220","{""type"":""Polygon"",""coordinates"":[[[3.221832,50.361565],[3.220979,50.361049],[3.21815,50.359238],[3.217722,50.359108],[3.217047,50.359198],[3.216829,50.359355],[3.216567,50.359799],[3.216323,50.360177],[3.21613,50.360607],[3.215953,50.360895],[3.21568,50.36123],[3.215358,50.361661],[3.215184,50.36198],[3.215069,50.362317],[3.214879,50.362604],[3.214481,50.36336],[3.2141,50.364158],[3.214101,50.364343],[3.214099,50.364637],[3.214015,50.364906],[3.213811,50.36522],[3.213684,50.365338],[3.213603,50.365525],[3.213472,50.365684],[3.213142,50.365792],[3.212916,50.365911],[3.211629,50.366392],[3.211628,50.36654],[3.21142,50.366506],[3.21091,50.36627],[3.210387,50.365999],[3.209858,50.365769],[3.209305,50.365474],[3.208637,50.36508],[3.208546,50.365176],[3.208336,50.365243],[3.207754,50.365384],[3.207483,50.365433],[3.205785,50.365829],[3.205829,50.36589],[3.204443,50.366208],[3.20422,50.366252],[3.201262,50.366718],[3.199748,50.366923],[3.198902,50.367205],[3.198543,50.367357],[3.19881,50.367672],[3.198004,50.368087],[3.196014,50.368998],[3.195553,50.369194],[3.195608,50.369245],[3.193697,50.370147],[3.193485,50.369957],[3.192675,50.370331],[3.191458,50.369599],[3.190628,50.369965],[3.188429,50.370996],[3.188274,50.371079],[3.187254,50.371532],[3.187432,50.371814],[3.188058,50.37273],[3.188581,50.373563],[3.18881,50.373562],[3.189139,50.373788],[3.189542,50.373854],[3.189799,50.373851],[3.190032,50.373803],[3.190227,50.373853],[3.190292,50.373934],[3.190589,50.374861],[3.190987,50.375497],[3.19151,50.376117],[3.191726,50.376397],[3.192135,50.377213],[3.192329,50.377328],[3.192765,50.377375],[3.193173,50.377356],[3.19315,50.377459],[3.193028,50.378425],[3.192888,50.379115],[3.192827,50.379769],[3.192821,50.380301],[3.192663,50.381319],[3.192729,50.381638],[3.19283,50.381867],[3.192953,50.382281],[3.193449,50.38231],[3.194189,50.382334],[3.198244,50.382413],[3.198324,50.382603],[3.198473,50.383156],[3.200158,50.387802],[3.200783,50.387755],[3.201037,50.387715],[3.201765,50.387641],[3.202194,50.387639],[3.203152,50.387808],[3.204293,50.388032],[3.204447,50.387915],[3.205088,50.387834],[3.205361,50.387779],[3.205375,50.387867],[3.205597,50.387837],[3.205962,50.387849],[3.206176,50.387975],[3.206267,50.38829],[3.206272,50.388519],[3.206155,50.388732],[3.206119,50.388928],[3.206148,50.389103],[3.20623,50.389286],[3.206456,50.389518],[3.206855,50.389792],[3.207044,50.389825],[3.207447,50.389844],[3.207902,50.389817],[3.208858,50.3897],[3.209112,50.389651],[3.210027,50.389835],[3.210972,50.389935],[3.211371,50.389966],[3.211703,50.390368],[3.212609,50.391119],[3.212941,50.391319],[3.213358,50.391457],[3.214439,50.390134],[3.215024,50.389725],[3.215235,50.389715],[3.217867,50.390613],[3.218041,50.390756],[3.218524,50.391217],[3.218732,50.391454],[3.219059,50.391702],[3.219251,50.391777],[3.219298,50.391849],[3.220141,50.391873],[3.220598,50.391865],[3.221317,50.391751],[3.221656,50.391652],[3.221883,50.39151],[3.22188,50.391345],[3.221786,50.391108],[3.221727,50.39075],[3.221795,50.390565],[3.222132,50.390226],[3.222557,50.389946],[3.222697,50.38996],[3.223742,50.389874],[3.224461,50.389798],[3.22523,50.389736],[3.225476,50.389694],[3.226297,50.389642],[3.226658,50.389642],[3.226991,50.389673],[3.228092,50.389726],[3.228888,50.389722],[3.229688,50.389678],[3.230007,50.389672],[3.230825,50.389595],[3.231225,50.389504],[3.231503,50.38941],[3.232429,50.388957],[3.232797,50.388888],[3.233487,50.388804],[3.234816,50.388682],[3.235571,50.388525],[3.236101,50.388375],[3.237012,50.388215],[3.238608,50.388068],[3.239568,50.388036],[3.239879,50.387999],[3.240596,50.387807],[3.242044,50.387358],[3.242594,50.387232],[3.242966,50.387182],[3.243283,50.387165],[3.243642,50.387197],[3.243957,50.387314],[3.246076,50.386214],[3.24688,50.386206],[3.247229,50.386232],[3.247253,50.386371],[3.247658,50.386414],[3.24763,50.386466],[3.248112,50.386516],[3.249363,50.386124],[3.249701,50.386132],[3.249765,50.386055],[3.250076,50.385812],[3.252182,50.384387],[3.252005,50.383869],[3.25044,50.383149],[3.250037,50.383093],[3.248704,50.383182],[3.248031,50.383119],[3.246242,50.382481],[3.244341,50.381752],[3.243666,50.381498],[3.242758,50.380921],[3.241234,50.37998],[3.240691,50.379675],[3.240489,50.379585],[3.239788,50.37912],[3.23898,50.378567],[3.238383,50.378378],[3.237849,50.378173],[3.237356,50.377857],[3.237283,50.377729],[3.237167,50.377727],[3.237236,50.375213],[3.238855,50.373045],[3.238776,50.372845],[3.23877,50.372569],[3.238875,50.37225],[3.239051,50.371429],[3.239283,50.370631],[3.239365,50.370085],[3.239512,50.369711],[3.239576,50.36937],[3.239626,50.369292],[3.239884,50.368483],[3.239752,50.368235],[3.240256,50.367976],[3.240422,50.367841],[3.240689,50.36744],[3.240882,50.367188],[3.24121,50.366702],[3.241532,50.366168],[3.242152,50.365241],[3.242786,50.364264],[3.242893,50.364077],[3.242234,50.363926],[3.24119,50.363621],[3.243038,50.362999],[3.243024,50.362453],[3.243152,50.362416],[3.243129,50.361767],[3.24313,50.36118],[3.242921,50.361067],[3.241555,50.36042],[3.240987,50.36005],[3.240738,50.359946],[3.240553,50.359926],[3.240037,50.359938],[3.239832,50.360004],[3.239553,50.36002],[3.239365,50.360093],[3.238704,50.360423],[3.238091,50.360703],[3.237797,50.360817],[3.2366,50.361218],[3.235663,50.361614],[3.234812,50.362008],[3.234339,50.362142],[3.233938,50.362135],[3.233733,50.362189],[3.233621,50.362267],[3.232293,50.363077],[3.231093,50.36378],[3.230888,50.363966],[3.230726,50.364241],[3.229618,50.366472],[3.228009,50.365488],[3.224939,50.363554],[3.223554,50.362679],[3.221832,50.361565]]]}"
43,62680,Quiéry-la-Motte,"50.366,2.984","{""type"":""Polygon"",""coordinates"":[[[2.994673,50.38272],[2.994548,50.382507],[2.993829,50.381165],[2.993368,50.38026],[2.993129,50.379726],[2.99537,50.380009],[2.995384,50.379099],[2.996184,50.379248],[2.996247,50.378989],[2.997101,50.379227],[2.998986,50.376732],[2.998527,50.376652],[2.998807,50.376215],[2.99943,50.376235],[3.000619,50.374028],[3.001482,50.374156],[3.002085,50.3732],[3.002037,50.373087],[3.002687,50.373181],[3.002972,50.373183],[3.002904,50.372637],[3.002583,50.370701],[3.00292,50.369524],[3.003342,50.369519],[3.003453,50.369481],[3.004765,50.366636],[3.006193,50.366779],[3.006556,50.365424],[3.008736,50.365994],[3.009551,50.364675],[3.008578,50.364399],[3.009716,50.362735],[3.007991,50.362238],[3.008471,50.361633],[3.006475,50.361249],[3.00641,50.361088],[3.006021,50.360627],[3.005764,50.36028],[3.005038,50.359361],[3.005016,50.359185],[3.005644,50.358383],[2.999895,50.356074],[3.000219,50.355755],[3.000111,50.355708],[2.999425,50.355207],[2.997251,50.354499],[2.996687,50.353593],[2.996411,50.352936],[2.996324,50.352374],[2.996332,50.352071],[2.996397,50.351792],[2.996646,50.351195],[2.996402,50.350993],[2.995371,50.351391],[2.994303,50.351929],[2.992824,50.352857],[2.992588,50.352795],[2.989254,50.352053],[2.989556,50.351756],[2.987805,50.351378],[2.986732,50.351062],[2.984224,50.350279],[2.984606,50.349614],[2.984089,50.349405],[2.981614,50.349107],[2.981664,50.349857],[2.977808,50.349711],[2.977389,50.349687],[2.975979,50.349523],[2.97495,50.349386],[2.973697,50.349182],[2.971969,50.349385],[2.972183,50.349195],[2.968491,50.348475],[2.965526,50.354374],[2.968872,50.355524],[2.969964,50.355904],[2.970073,50.355981],[2.969921,50.356291],[2.968979,50.358058],[2.968677,50.358655],[2.96873,50.3592],[2.968702,50.359386],[2.968736,50.359686],[2.968776,50.360673],[2.968764,50.362353],[2.96856,50.36306],[2.968318,50.36401],[2.968134,50.364195],[2.967985,50.364698],[2.967577,50.365923],[2.967399,50.36582],[2.967043,50.365815],[2.966688,50.365861],[2.966237,50.365831],[2.966071,50.365876],[2.966566,50.366524],[2.965907,50.366389],[2.965848,50.366775],[2.965021,50.366553],[2.960292,50.37287],[2.957576,50.376564],[2.959711,50.377451],[2.962045,50.3784],[2.962841,50.378738],[2.96334,50.378933],[2.963872,50.37916],[2.965624,50.379674],[2.968151,50.380409],[2.968983,50.380664],[2.96965,50.380852],[2.972511,50.38171],[2.972625,50.38171],[2.973201,50.381001],[2.973448,50.380729],[2.97382,50.380279],[2.978623,50.381418],[2.977022,50.379443],[2.994673,50.38272]]]}"
44,59489,Raimbeaucourt,"50.437,3.102","{""type"":""Polygon"",""coordinates"":[[[3.073309,50.42524],[3.072648,50.425437],[3.071107,50.425843],[3.070845,50.425926],[3.06987,50.426006],[3.069546,50.426047],[3.069152,50.425913],[3.068616,50.425667],[3.068627,50.425949],[3.068824,50.427182],[3.068914,50.427805],[3.069083,50.428755],[3.069054,50.428837],[3.069088,50.42911],[3.06924,50.429444],[3.069324,50.429534],[3.069544,50.429971],[3.070417,50.430975],[3.070772,50.431453],[3.071675,50.432479],[3.07182,50.432617],[3.072654,50.433505],[3.072773,50.433598],[3.073205,50.433773],[3.073163,50.43392],[3.072875,50.434318],[3.072776,50.434519],[3.072776,50.435538],[3.072891,50.4362],[3.073176,50.437138],[3.073394,50.437475],[3.07363,50.437908],[3.073893,50.438292],[3.074003,50.438375],[3.074037,50.438486],[3.074214,50.438619],[3.074401,50.438836],[3.074611,50.439016],[3.074766,50.439082],[3.074933,50.439232],[3.075253,50.439807],[3.075296,50.439951],[3.075603,50.440389],[3.075791,50.440581],[3.076453,50.441064],[3.076887,50.441718],[3.07689,50.441792],[3.078167,50.441471],[3.079013,50.441349],[3.079099,50.441351],[3.079492,50.441972],[3.0799,50.442563],[3.080029,50.442795],[3.080045,50.443172],[3.080127,50.44329],[3.080904,50.443594],[3.081411,50.443839],[3.081542,50.443952],[3.08241,50.444755],[3.082577,50.444994],[3.082844,50.445248],[3.083289,50.445612],[3.083761,50.445951],[3.08372,50.446034],[3.08381,50.446226],[3.08383,50.446424],[3.083957,50.446557],[3.084734,50.447067],[3.085239,50.447234],[3.085674,50.447421],[3.086427,50.447652],[3.08685,50.447805],[3.0873,50.447922],[3.087966,50.448071],[3.088074,50.448073],[3.087979,50.448324],[3.088105,50.448428],[3.08827,50.44875],[3.088419,50.448906],[3.088639,50.449032],[3.089196,50.449216],[3.090148,50.449407],[3.090242,50.449629],[3.090373,50.449789],[3.090708,50.450043],[3.091083,50.450231],[3.091479,50.450332],[3.092794,50.451055],[3.093075,50.451203],[3.093997,50.451487],[3.09444,50.45157],[3.095348,50.451658],[3.096068,50.451707],[3.096995,50.45182],[3.098193,50.452011],[3.099975,50.452241],[3.100298,50.4521],[3.100329,50.452357],[3.101069,50.452207],[3.102538,50.452079],[3.103648,50.451962],[3.104299,50.451882],[3.104333,50.452142],[3.104821,50.45222],[3.10535,50.45238],[3.106208,50.452504],[3.106619,50.451969],[3.107068,50.451611],[3.10734,50.451343],[3.107512,50.45124],[3.107804,50.45112],[3.108546,50.450999],[3.109331,50.450765],[3.109913,50.450573],[3.110357,50.4505],[3.111122,50.450476],[3.111928,50.450532],[3.112254,50.450577],[3.112539,50.450587],[3.112914,50.450717],[3.112903,50.45044],[3.112818,50.450177],[3.113834,50.450487],[3.114311,50.450484],[3.114764,50.450392],[3.115103,50.450296],[3.115547,50.450215],[3.116297,50.449926],[3.11781,50.449452],[3.118234,50.449218],[3.118268,50.449361],[3.118186,50.450254],[3.118386,50.45027],[3.118413,50.450357],[3.118834,50.450315],[3.118996,50.450157],[3.119274,50.450112],[3.119383,50.449998],[3.11959,50.449952],[3.119831,50.450005],[3.120016,50.450111],[3.120628,50.449944],[3.122544,50.449383],[3.121298,50.44655],[3.120777,50.445053],[3.119859,50.443459],[3.121,50.443575],[3.121073,50.443376],[3.121277,50.443296],[3.123011,50.443016],[3.123139,50.443308],[3.12392,50.443209],[3.124621,50.443216],[3.124848,50.44309],[3.126855,50.443057],[3.127207,50.443082],[3.127449,50.44314],[3.127677,50.443252],[3.128213,50.443575],[3.128471,50.443661],[3.128649,50.443641],[3.128929,50.443535],[3.129392,50.443426],[3.129766,50.443393],[3.130094,50.44351],[3.130521,50.443524],[3.131241,50.443426],[3.13143,50.443422],[3.131817,50.443559],[3.132326,50.443862],[3.132744,50.44403],[3.13317,50.444233],[3.133735,50.444243],[3.134182,50.444333],[3.134755,50.443384],[3.134583,50.442847],[3.135095,50.442943],[3.134988,50.442727],[3.134819,50.442262],[3.134765,50.44184],[3.134784,50.441604],[3.13494,50.44063],[3.13496,50.440176],[3.134874,50.439185],[3.134802,50.43886],[3.134506,50.437995],[3.134403,50.437766],[3.134139,50.437458],[3.133503,50.436806],[3.133192,50.436429],[3.132887,50.435997],[3.132599,50.43558],[3.132498,50.435221],[3.132626,50.434418],[3.132822,50.433406],[3.132956,50.433064],[3.133206,50.432794],[3.133581,50.432563],[3.133847,50.432452],[3.134444,50.432252],[3.135562,50.431893],[3.136116,50.429802],[3.135728,50.429862],[3.135226,50.429889],[3.133496,50.429708],[3.133665,50.42846],[3.133847,50.426987],[3.133906,50.426322],[3.132909,50.426088],[3.132147,50.425959],[3.13116,50.425815],[3.130309,50.425674],[3.130204,50.425619],[3.130343,50.425067],[3.130119,50.425043],[3.128379,50.425244],[3.126779,50.42541],[3.124041,50.425724],[3.12299,50.425836],[3.12222,50.425929],[3.12086,50.426082],[3.120078,50.426209],[3.118726,50.426363],[3.118011,50.426399],[3.118015,50.426288],[3.117031,50.42629],[3.117028,50.426365],[3.116763,50.426371],[3.115754,50.426432],[3.114096,50.426518],[3.111519,50.42668],[3.110647,50.426729],[3.109732,50.426757],[3.108703,50.426825],[3.10785,50.426855],[3.107571,50.426847],[3.10668,50.426883],[3.105123,50.426965],[3.103736,50.427079],[3.103211,50.427108],[3.102949,50.427093],[3.10108,50.426922],[3.1001,50.426837],[3.099188,50.426774],[3.098168,50.426658],[3.097955,50.426537],[3.097655,50.42619],[3.09614,50.425181],[3.095535,50.424733],[3.094698,50.424177],[3.094717,50.424101],[3.093972,50.42374],[3.092567,50.423037],[3.092175,50.422741],[3.09214,50.422823],[3.091891,50.422668],[3.092082,50.422528],[3.091424,50.422239],[3.090818,50.422072],[3.090402,50.422134],[3.090012,50.422131],[3.089791,50.422174],[3.088616,50.422527],[3.087848,50.422719],[3.087234,50.422825],[3.086063,50.422974],[3.084755,50.423044],[3.084352,50.423049],[3.084138,50.423008],[3.08378,50.422875],[3.083437,50.422837],[3.0829,50.422734],[3.082044,50.422487],[3.079368,50.421544],[3.079309,50.421375],[3.077104,50.42221],[3.0771,50.421885],[3.076133,50.422145],[3.075595,50.422245],[3.074731,50.422306],[3.074615,50.422329],[3.074742,50.422769],[3.074662,50.422923],[3.074475,50.423082],[3.074929,50.424291],[3.073884,50.425026],[3.073309,50.42524]]]}"
45,59501,Rieulay,"50.387,3.267","{""type"":""Polygon"",""coordinates"":[[[3.249765,50.386055],[3.249968,50.386259],[3.250082,50.386604],[3.250115,50.386928],[3.250215,50.387085],[3.250127,50.387325],[3.250443,50.387631],[3.250296,50.387775],[3.250838,50.388054],[3.251908,50.388817],[3.252792,50.389322],[3.253046,50.389558],[3.253097,50.389675],[3.25176,50.39053],[3.251735,50.390557],[3.251014,50.390966],[3.251203,50.391154],[3.251079,50.391238],[3.250979,50.392331],[3.251262,50.392783],[3.251804,50.3936],[3.25223,50.394361],[3.252383,50.39459],[3.253039,50.395178],[3.253812,50.395894],[3.25546,50.397357],[3.255839,50.397674],[3.256232,50.397894],[3.257078,50.398177],[3.257774,50.398425],[3.258078,50.398554],[3.258287,50.39868],[3.259037,50.399333],[3.259454,50.399574],[3.260591,50.39994],[3.262514,50.400424],[3.262801,50.400517],[3.263797,50.400906],[3.264302,50.401052],[3.265781,50.401319],[3.268069,50.401761],[3.26844,50.401854],[3.268812,50.402022],[3.269118,50.402213],[3.269407,50.402435],[3.26971,50.402626],[3.270218,50.402815],[3.27153,50.403061],[3.271967,50.403176],[3.27308,50.40352],[3.273367,50.403636],[3.273655,50.403815],[3.274079,50.404133],[3.274624,50.404579],[3.275083,50.404886],[3.275454,50.405022],[3.276402,50.405243],[3.276498,50.405105],[3.276811,50.404392],[3.278914,50.404448],[3.278863,50.404042],[3.278708,50.403959],[3.278558,50.403774],[3.278488,50.403599],[3.278344,50.402967],[3.278177,50.401856],[3.278031,50.401427],[3.277619,50.400304],[3.27733,50.399678],[3.277228,50.39941],[3.277065,50.39915],[3.27686,50.398762],[3.277096,50.398608],[3.277418,50.399188],[3.278776,50.39879],[3.278923,50.398833],[3.279337,50.398821],[3.279895,50.39915],[3.280161,50.399345],[3.280545,50.399414],[3.280602,50.399229],[3.280685,50.398794],[3.281183,50.396425],[3.28176,50.396431],[3.282775,50.396578],[3.283569,50.396623],[3.288625,50.39687],[3.292998,50.397078],[3.293227,50.396622],[3.293919,50.395337],[3.294027,50.395203],[3.294923,50.393377],[3.295815,50.391648],[3.296573,50.390216],[3.294796,50.390152],[3.293431,50.390081],[3.29121,50.389983],[3.290811,50.389973],[3.289987,50.38993],[3.289058,50.389891],[3.288609,50.389887],[3.285546,50.389773],[3.285616,50.388888],[3.285752,50.388051],[3.28592,50.385735],[3.28606,50.385577],[3.286201,50.383783],[3.286457,50.380803],[3.286371,50.380765],[3.277758,50.38274],[3.271808,50.384105],[3.268139,50.384937],[3.266557,50.383653],[3.267041,50.383473],[3.267929,50.383165],[3.268959,50.382774],[3.269897,50.382455],[3.270146,50.382352],[3.271245,50.381953],[3.271278,50.38179],[3.270942,50.381438],[3.269338,50.379629],[3.268797,50.379697],[3.263903,50.380923],[3.263268,50.381059],[3.262801,50.3807],[3.262816,50.380568],[3.262583,50.380347],[3.263885,50.380157],[3.26409,50.379316],[3.264279,50.378437],[3.264455,50.378423],[3.264548,50.378256],[3.264795,50.377408],[3.264792,50.377331],[3.263775,50.377503],[3.262278,50.377805],[3.262494,50.37629],[3.262961,50.376302],[3.263312,50.375571],[3.262461,50.375384],[3.262535,50.375142],[3.262911,50.374436],[3.263127,50.373924],[3.260811,50.37344],[3.26011,50.373435],[3.259157,50.373588],[3.258749,50.373692],[3.258473,50.373794],[3.258324,50.373886],[3.258175,50.374043],[3.257639,50.374324],[3.257099,50.374417],[3.256444,50.374661],[3.255793,50.37457],[3.253075,50.374276],[3.251683,50.374116],[3.25152,50.374085],[3.25012,50.374003],[3.249603,50.37307],[3.247852,50.369967],[3.247368,50.369091],[3.246945,50.368367],[3.239884,50.368483],[3.239626,50.369292],[3.239576,50.36937],[3.239512,50.369711],[3.239365,50.370085],[3.239283,50.370631],[3.239051,50.371429],[3.238875,50.37225],[3.23877,50.372569],[3.238776,50.372845],[3.238855,50.373045],[3.237236,50.375213],[3.237167,50.377727],[3.237283,50.377729],[3.237356,50.377857],[3.237849,50.378173],[3.238383,50.378378],[3.23898,50.378567],[3.239788,50.37912],[3.240489,50.379585],[3.240691,50.379675],[3.241234,50.37998],[3.242758,50.380921],[3.243666,50.381498],[3.244341,50.381752],[3.246242,50.382481],[3.248031,50.383119],[3.248704,50.383182],[3.250037,50.383093],[3.25044,50.383149],[3.252005,50.383869],[3.252182,50.384387],[3.250076,50.385812],[3.249765,50.386055]]]}"
46,59509,Roost-Warendin,"50.413,3.098","{""type"":""Polygon"",""coordinates"":[[[3.103902,50.398205],[3.104036,50.39878],[3.104165,50.399457],[3.104383,50.399963],[3.10404,50.399975],[3.102063,50.401801],[3.101711,50.402801],[3.099617,50.402076],[3.099347,50.40203],[3.097631,50.402041],[3.09701,50.402086],[3.0967,50.40215],[3.096283,50.402329],[3.095917,50.4024],[3.094783,50.402555],[3.09433,50.40259],[3.094095,50.402697],[3.094008,50.402996],[3.09387,50.403228],[3.093619,50.403353],[3.092045,50.40372],[3.091703,50.403829],[3.091858,50.404052],[3.09209,50.404516],[3.093928,50.404175],[3.09394,50.404507],[3.093775,50.405513],[3.093373,50.406162],[3.093084,50.406523],[3.09279,50.406776],[3.092496,50.406982],[3.092285,50.407215],[3.091993,50.407464],[3.091799,50.407576],[3.091401,50.407752],[3.092719,50.408306],[3.092483,50.408721],[3.091896,50.408889],[3.092096,50.409166],[3.090553,50.409713],[3.090071,50.409704],[3.08799,50.409172],[3.087557,50.40924],[3.088077,50.409854],[3.088734,50.410595],[3.085644,50.411946],[3.084951,50.412257],[3.087254,50.415232],[3.088385,50.416702],[3.086295,50.417341],[3.086421,50.417487],[3.085495,50.417728],[3.085002,50.417837],[3.084453,50.417931],[3.082336,50.418055],[3.081666,50.418077],[3.080976,50.418072],[3.080255,50.418023],[3.079503,50.417949],[3.079092,50.417933],[3.078879,50.417965],[3.078304,50.418111],[3.076424,50.418934],[3.075126,50.419578],[3.074757,50.419862],[3.074592,50.420096],[3.074192,50.420452],[3.073874,50.420598],[3.073418,50.4207],[3.073079,50.420668],[3.071331,50.42047],[3.070618,50.420396],[3.070428,50.420537],[3.06884,50.421627],[3.067227,50.422694],[3.065865,50.423576],[3.065906,50.423873],[3.066166,50.424532],[3.066867,50.424533],[3.067302,50.424492],[3.067477,50.424535],[3.068347,50.42484],[3.06919,50.425004],[3.069686,50.425032],[3.070049,50.425172],[3.070461,50.425241],[3.070577,50.425718],[3.072709,50.424995],[3.072759,50.424865],[3.073188,50.425072],[3.073309,50.42524],[3.073884,50.425026],[3.074929,50.424291],[3.074475,50.423082],[3.074662,50.422923],[3.074742,50.422769],[3.074615,50.422329],[3.074731,50.422306],[3.075595,50.422245],[3.076133,50.422145],[3.0771,50.421885],[3.077104,50.42221],[3.079309,50.421375],[3.079368,50.421544],[3.082044,50.422487],[3.0829,50.422734],[3.083437,50.422837],[3.08378,50.422875],[3.084138,50.423008],[3.084352,50.423049],[3.084755,50.423044],[3.086063,50.422974],[3.087234,50.422825],[3.087848,50.422719],[3.088616,50.422527],[3.089791,50.422174],[3.090012,50.422131],[3.090402,50.422134],[3.090818,50.422072],[3.091424,50.422239],[3.092082,50.422528],[3.091891,50.422668],[3.09214,50.422823],[3.092175,50.422741],[3.092567,50.423037],[3.093972,50.42374],[3.094717,50.424101],[3.094698,50.424177],[3.095535,50.424733],[3.09614,50.425181],[3.097655,50.42619],[3.097955,50.426537],[3.098168,50.426658],[3.099188,50.426774],[3.1001,50.426837],[3.10108,50.426922],[3.102949,50.427093],[3.103211,50.427108],[3.103736,50.427079],[3.105123,50.426965],[3.10668,50.426883],[3.107571,50.426847],[3.10785,50.426855],[3.108703,50.426825],[3.109732,50.426757],[3.110647,50.426729],[3.111519,50.42668],[3.114096,50.426518],[3.115754,50.426432],[3.116763,50.426371],[3.117028,50.426365],[3.117031,50.42629],[3.118015,50.426288],[3.118011,50.426399],[3.118726,50.426363],[3.120078,50.426209],[3.12086,50.426082],[3.12222,50.425929],[3.12299,50.425836],[3.124041,50.425724],[3.126779,50.42541],[3.128379,50.425244],[3.128333,50.425015],[3.128343,50.424462],[3.128458,50.423941],[3.128551,50.423751],[3.128631,50.423467],[3.128614,50.423412],[3.128757,50.422988],[3.128907,50.422287],[3.12919,50.422302],[3.129768,50.42053],[3.129984,50.420524],[3.130411,50.419532],[3.128446,50.418607],[3.12814,50.418552],[3.127728,50.418511],[3.127275,50.418433],[3.126995,50.4183],[3.126673,50.418092],[3.126274,50.417946],[3.126126,50.418087],[3.125845,50.417287],[3.124711,50.417398],[3.123786,50.415474],[3.122745,50.415958],[3.122074,50.416226],[3.121877,50.416256],[3.121439,50.416197],[3.121261,50.416209],[3.121133,50.416355],[3.121044,50.417091],[3.121036,50.41746],[3.121058,50.417698],[3.120691,50.41761],[3.120315,50.417941],[3.119984,50.417799],[3.119762,50.417785],[3.119245,50.417704],[3.119041,50.417613],[3.118837,50.41744],[3.117642,50.416599],[3.117415,50.416572],[3.117432,50.416233],[3.117057,50.416248],[3.117099,50.416006],[3.11722,50.415653],[3.117092,50.415586],[3.113751,50.413127],[3.115756,50.409702],[3.116982,50.408831],[3.117358,50.408576],[3.117873,50.408928],[3.118566,50.409316],[3.119402,50.409722],[3.119808,50.409869],[3.120826,50.409157],[3.120903,50.409025],[3.121262,50.408719],[3.121561,50.408625],[3.122194,50.408198],[3.122393,50.407937],[3.122701,50.407854],[3.12337,50.407383],[3.123081,50.40723],[3.122699,50.407253],[3.121143,50.405449],[3.120338,50.40537],[3.121955,50.404869],[3.12143,50.404466],[3.120886,50.403996],[3.120567,50.403581],[3.119746,50.403041],[3.119431,50.402992],[3.119122,50.403025],[3.118878,50.403103],[3.118206,50.403411],[3.117908,50.403443],[3.117704,50.403352],[3.117562,50.403105],[3.117675,50.402827],[3.117881,50.40252],[3.117989,50.402238],[3.117944,50.402024],[3.11744,50.40162],[3.11661,50.400984],[3.116345,50.400759],[3.116074,50.400565],[3.115663,50.400349],[3.115149,50.400169],[3.113704,50.399728],[3.113354,50.399486],[3.113009,50.39937],[3.112567,50.399435],[3.112208,50.399595],[3.112016,50.399622],[3.111739,50.39956],[3.11146,50.399325],[3.111251,50.398976],[3.111105,50.398846],[3.110634,50.398584],[3.110475,50.398542],[3.109632,50.398451],[3.106125,50.398298],[3.105978,50.398301],[3.105305,50.398245],[3.103902,50.398205]]]}"
47,59513,Roucourt,"50.328,3.146","{""type"":""Polygon"",""coordinates"":[[[3.162268,50.324864],[3.162211,50.324802],[3.161529,50.323703],[3.16101,50.322934],[3.160443,50.32237],[3.160504,50.322296],[3.159254,50.320431],[3.157389,50.317492],[3.157251,50.317719],[3.157012,50.317989],[3.15707,50.31837],[3.156276,50.318723],[3.156394,50.319371],[3.15456,50.319825],[3.154941,50.320098],[3.155191,50.320016],[3.156507,50.320854],[3.156638,50.321051],[3.156653,50.32115],[3.156052,50.321419],[3.155635,50.321665],[3.155224,50.321936],[3.153348,50.320723],[3.151646,50.321873],[3.150235,50.320776],[3.148808,50.322009],[3.147657,50.321601],[3.146912,50.321369],[3.144035,50.320624],[3.142845,50.320256],[3.140857,50.319592],[3.140815,50.319708],[3.139959,50.320192],[3.139263,50.320504],[3.137787,50.321081],[3.137,50.321404],[3.136196,50.321769],[3.135803,50.32201],[3.135261,50.322371],[3.134488,50.322916],[3.133566,50.323589],[3.132775,50.324056],[3.132299,50.324298],[3.131888,50.324484],[3.13036,50.325082],[3.12935,50.325502],[3.129131,50.325631],[3.129366,50.325755],[3.130059,50.326077],[3.130876,50.326828],[3.133395,50.328417],[3.13196,50.329013],[3.132169,50.329982],[3.130873,50.330358],[3.132408,50.331789],[3.133613,50.333344],[3.133356,50.333443],[3.135461,50.336112],[3.136222,50.33559],[3.136809,50.335237],[3.13755,50.335941],[3.137836,50.335819],[3.138894,50.336918],[3.139913,50.336592],[3.139642,50.336209],[3.140278,50.336067],[3.140524,50.336278],[3.142635,50.335978],[3.145325,50.33522],[3.147301,50.337414],[3.148994,50.336437],[3.150753,50.335425],[3.150411,50.335128],[3.15163,50.333897],[3.152433,50.333333],[3.152772,50.333663],[3.154137,50.333103],[3.157696,50.331841],[3.159163,50.331665],[3.159618,50.332749],[3.161826,50.332106],[3.161896,50.331432],[3.16187,50.330858],[3.161569,50.330482],[3.161483,50.329904],[3.161192,50.329281],[3.161197,50.32922],[3.160883,50.329171],[3.160594,50.328264],[3.160582,50.327199],[3.16075,50.326647],[3.162395,50.327303],[3.16287,50.327415],[3.162964,50.327164],[3.162685,50.325735],[3.162624,50.325725],[3.162558,50.325412],[3.162268,50.324864]]]}"
48,59486,Râches,"50.421,3.134","{""type"":""Polygon"",""coordinates"":[[[3.150338,50.412969],[3.150279,50.412878],[3.150244,50.41258],[3.150139,50.412257],[3.150052,50.412194],[3.147293,50.41122],[3.146746,50.411118],[3.14597,50.411035],[3.145904,50.411016],[3.144836,50.410883],[3.143338,50.410708],[3.141493,50.410564],[3.142021,50.410016],[3.141697,50.410011],[3.141281,50.409893],[3.140486,50.409495],[3.139648,50.409215],[3.139379,50.409191],[3.139092,50.409333],[3.138751,50.409678],[3.138442,50.409917],[3.13805,50.410022],[3.137775,50.410046],[3.13665,50.410079],[3.136228,50.410133],[3.135637,50.41027],[3.134657,50.410474],[3.134147,50.410563],[3.133881,50.410588],[3.133087,50.410607],[3.132347,50.410578],[3.131565,50.410513],[3.130715,50.410385],[3.130333,50.410295],[3.129928,50.410078],[3.129298,50.409456],[3.128972,50.409015],[3.128665,50.408662],[3.128249,50.408373],[3.127725,50.408079],[3.127572,50.407923],[3.127396,50.407643],[3.127169,50.407553],[3.126862,50.407576],[3.125851,50.407993],[3.125594,50.407996],[3.125109,50.407907],[3.124745,50.407796],[3.124687,50.407646],[3.124785,50.406426],[3.124698,50.406299],[3.124384,50.406172],[3.12327,50.405827],[3.123143,50.405761],[3.122878,50.405521],[3.122743,50.405345],[3.122453,50.405112],[3.12205,50.404936],[3.121955,50.404869],[3.120338,50.40537],[3.121143,50.405449],[3.122699,50.407253],[3.123081,50.40723],[3.12337,50.407383],[3.122701,50.407854],[3.122393,50.407937],[3.122194,50.408198],[3.121561,50.408625],[3.121262,50.408719],[3.120903,50.409025],[3.120826,50.409157],[3.119808,50.409869],[3.119402,50.409722],[3.118566,50.409316],[3.117873,50.408928],[3.117358,50.408576],[3.116982,50.408831],[3.115756,50.409702],[3.113751,50.413127],[3.117092,50.415586],[3.11722,50.415653],[3.117099,50.416006],[3.117057,50.416248],[3.117432,50.416233],[3.117415,50.416572],[3.117642,50.416599],[3.118837,50.41744],[3.119041,50.417613],[3.119245,50.417704],[3.119762,50.417785],[3.119984,50.417799],[3.120315,50.417941],[3.120691,50.41761],[3.121058,50.417698],[3.121036,50.41746],[3.121044,50.417091],[3.121133,50.416355],[3.121261,50.416209],[3.121439,50.416197],[3.121877,50.416256],[3.122074,50.416226],[3.122745,50.415958],[3.123786,50.415474],[3.124711,50.417398],[3.125845,50.417287],[3.126126,50.418087],[3.126274,50.417946],[3.126673,50.418092],[3.126995,50.4183],[3.127275,50.418433],[3.127728,50.418511],[3.12814,50.418552],[3.128446,50.418607],[3.130411,50.419532],[3.129984,50.420524],[3.129768,50.42053],[3.12919,50.422302],[3.128907,50.422287],[3.128757,50.422988],[3.128614,50.423412],[3.128631,50.423467],[3.128551,50.423751],[3.128458,50.423941],[3.128343,50.424462],[3.128333,50.425015],[3.128379,50.425244],[3.130119,50.425043],[3.130343,50.425067],[3.130204,50.425619],[3.130309,50.425674],[3.13116,50.425815],[3.132147,50.425959],[3.132909,50.426088],[3.133906,50.426322],[3.133847,50.426987],[3.133665,50.42846],[3.133496,50.429708],[3.135226,50.429889],[3.135728,50.429862],[3.136116,50.429802],[3.135562,50.431893],[3.134444,50.432252],[3.133847,50.432452],[3.133581,50.432563],[3.133206,50.432794],[3.132956,50.433064],[3.132822,50.433406],[3.132626,50.434418],[3.132498,50.435221],[3.132599,50.43558],[3.132887,50.435997],[3.133733,50.436011],[3.134106,50.436043],[3.134799,50.436151],[3.135656,50.436182],[3.136065,50.436058],[3.136384,50.436034],[3.136827,50.436125],[3.136997,50.436195],[3.137621,50.436066],[3.138173,50.435906],[3.138747,50.435624],[3.13907,50.435385],[3.140623,50.433931],[3.140535,50.4336],[3.141125,50.433602],[3.141869,50.433817],[3.14278,50.434033],[3.143819,50.434318],[3.14399,50.434495],[3.144634,50.43494],[3.144686,50.435042],[3.144655,50.435307],[3.144371,50.436438],[3.144447,50.436532],[3.146593,50.436738],[3.147359,50.435713],[3.14632,50.435341],[3.147601,50.433813],[3.151182,50.429603],[3.15271,50.428028],[3.15319,50.428114],[3.153249,50.427832],[3.153182,50.427394],[3.153171,50.427087],[3.151481,50.4268],[3.15148,50.426537],[3.151558,50.425309],[3.151696,50.42497],[3.151782,50.424515],[3.151767,50.424281],[3.151698,50.424105],[3.151477,50.424024],[3.151,50.423944],[3.150931,50.423902],[3.150865,50.423639],[3.150757,50.423466],[3.150539,50.423229],[3.150372,50.422965],[3.150313,50.422785],[3.150564,50.422745],[3.150593,50.422665],[3.150468,50.422146],[3.153724,50.417615],[3.153906,50.417343],[3.1533,50.417555],[3.152933,50.417613],[3.152583,50.417698],[3.152074,50.41785],[3.150196,50.415392],[3.149912,50.415057],[3.150018,50.414982],[3.149992,50.41468],[3.150245,50.414675],[3.150148,50.413661],[3.150119,50.413089],[3.150142,50.412996],[3.150338,50.412969]]]}"
49,59569,Sin-le-Noble,"50.367,3.121","{""type"":""Polygon"",""coordinates"":[[[3.097576,50.339314],[3.096681,50.340241],[3.095369,50.341634],[3.094201,50.342838],[3.09352,50.343728],[3.093538,50.343752],[3.093132,50.344211],[3.094019,50.345738],[3.094191,50.346115],[3.094239,50.346294],[3.093877,50.346363],[3.094018,50.346728],[3.094237,50.348427],[3.094854,50.349862],[3.095932,50.351465],[3.095766,50.351668],[3.095119,50.352518],[3.094957,50.352755],[3.094371,50.353423],[3.093917,50.353795],[3.093341,50.354119],[3.092935,50.35433],[3.09169,50.35492],[3.090286,50.355615],[3.093249,50.35804],[3.091731,50.358572],[3.09335,50.360157],[3.094753,50.359651],[3.097642,50.362843],[3.097802,50.363376],[3.098079,50.36368],[3.097219,50.363975],[3.096365,50.364245],[3.095707,50.364342],[3.094969,50.364384],[3.092675,50.364423],[3.091908,50.364432],[3.091446,50.36448],[3.091618,50.365099],[3.09314,50.365251],[3.093683,50.365318],[3.093615,50.366133],[3.09413,50.366276],[3.093902,50.366462],[3.09606,50.367219],[3.097175,50.367163],[3.09706,50.367523],[3.097937,50.367813],[3.098559,50.36804],[3.099034,50.368243],[3.09911,50.3684],[3.098885,50.368762],[3.098865,50.369217],[3.099085,50.369159],[3.099683,50.37011],[3.099952,50.37056],[3.100346,50.371182],[3.100775,50.371831],[3.101332,50.372726],[3.102215,50.372506],[3.103239,50.372215],[3.103015,50.371888],[3.105065,50.371329],[3.105097,50.371287],[3.104927,50.371052],[3.106113,50.370685],[3.107592,50.370242],[3.109228,50.369735],[3.109627,50.370036],[3.109334,50.370182],[3.109617,50.370569],[3.109607,50.370602],[3.111272,50.371892],[3.111423,50.371778],[3.111632,50.371786],[3.111905,50.371874],[3.111965,50.37197],[3.111958,50.372524],[3.112378,50.373621],[3.112455,50.373867],[3.11285,50.374402],[3.113022,50.374743],[3.113088,50.374981],[3.113052,50.375272],[3.11309,50.375789],[3.11313,50.37605],[3.113191,50.376187],[3.113947,50.376042],[3.114766,50.376965],[3.114972,50.37721],[3.115192,50.377413],[3.11535,50.377659],[3.115699,50.377906],[3.116364,50.378519],[3.117009,50.379163],[3.117217,50.379302],[3.117625,50.379108],[3.1189,50.378544],[3.118928,50.378571],[3.119786,50.379746],[3.120417,50.380638],[3.121316,50.382007],[3.12128,50.38215],[3.121449,50.382488],[3.12229,50.382281],[3.122271,50.381711],[3.122638,50.381641],[3.122653,50.381723],[3.12569,50.381693],[3.125716,50.382035],[3.125705,50.382985],[3.12571,50.383509],[3.125605,50.383614],[3.125596,50.383727],[3.125661,50.38409],[3.125667,50.384644],[3.125752,50.384985],[3.125718,50.385663],[3.126168,50.38591],[3.126319,50.386024],[3.126564,50.386309],[3.126759,50.386694],[3.126825,50.387027],[3.126787,50.38748],[3.126684,50.38773],[3.126502,50.388005],[3.126291,50.388234],[3.125712,50.388688],[3.126067,50.388641],[3.126215,50.388679],[3.126951,50.389143],[3.127289,50.38925],[3.128664,50.389425],[3.128415,50.390367],[3.128487,50.390579],[3.12886,50.390674],[3.129547,50.390452],[3.132958,50.389441],[3.135263,50.388735],[3.135387,50.388934],[3.135441,50.389171],[3.135607,50.39017],[3.135849,50.391949],[3.136082,50.393965],[3.136325,50.395071],[3.137269,50.395145],[3.138718,50.395041],[3.13887,50.394986],[3.1399,50.394871],[3.140201,50.394822],[3.140553,50.394844],[3.141587,50.394748],[3.142202,50.394719],[3.143691,50.394888],[3.143751,50.394211],[3.143819,50.39405],[3.1438,50.393668],[3.143798,50.39316],[3.144521,50.392487],[3.145271,50.392687],[3.14555,50.392338],[3.146197,50.391731],[3.146777,50.391443],[3.147415,50.39134],[3.147436,50.390908],[3.148176,50.390517],[3.148364,50.39048],[3.149039,50.390643],[3.149259,50.390718],[3.149641,50.390903],[3.14977,50.391032],[3.150216,50.39097],[3.150046,50.390316],[3.149308,50.39018],[3.149298,50.389418],[3.151311,50.389204],[3.151989,50.389248],[3.152076,50.388694],[3.150693,50.38786],[3.150802,50.387726],[3.150877,50.387499],[3.151551,50.385927],[3.151637,50.385568],[3.151852,50.383942],[3.151911,50.381016],[3.151944,50.380819],[3.152284,50.37996],[3.152254,50.379846],[3.152225,50.379769],[3.151655,50.379039],[3.151486,50.378863],[3.151194,50.378711],[3.150873,50.378441],[3.150596,50.378331],[3.150152,50.37811],[3.149816,50.377997],[3.149126,50.37749],[3.148882,50.377351],[3.142834,50.373059],[3.140973,50.371776],[3.14066,50.371551],[3.140491,50.371486],[3.140193,50.371434],[3.140065,50.371372],[3.139511,50.370918],[3.138691,50.370283],[3.136779,50.368742],[3.135737,50.367885],[3.13444,50.366975],[3.133706,50.36643],[3.126068,50.360215],[3.125544,50.360217],[3.125094,50.359347],[3.124547,50.358234],[3.123361,50.35831],[3.122299,50.358457],[3.121245,50.357598],[3.12101,50.357389],[3.121341,50.357228],[3.124239,50.356672],[3.124152,50.356182],[3.123473,50.355369],[3.12298,50.35489],[3.123787,50.354524],[3.123614,50.354258],[3.123047,50.353493],[3.121712,50.35184],[3.122165,50.351696],[3.122631,50.351528],[3.122292,50.350945],[3.121795,50.35111],[3.12118,50.350554],[3.120467,50.35088],[3.120265,50.350629],[3.120647,50.35004],[3.120886,50.349631],[3.120438,50.34948],[3.119914,50.349238],[3.119386,50.348971],[3.118839,50.348659],[3.118178,50.348187],[3.117935,50.348077],[3.117898,50.347994],[3.117705,50.347834],[3.117365,50.347633],[3.116598,50.347229],[3.116048,50.346951],[3.115468,50.346693],[3.115039,50.346588],[3.114196,50.346435],[3.11388,50.346342],[3.11279,50.34587],[3.112164,50.345581],[3.111454,50.345235],[3.110872,50.344965],[3.110182,50.344683],[3.109323,50.34436],[3.109264,50.344325],[3.107834,50.34379],[3.105537,50.342867],[3.103823,50.3421],[3.102135,50.341417],[3.101971,50.341315],[3.101388,50.341048],[3.099623,50.340274],[3.098702,50.339853],[3.097576,50.339314]]]}"
50,59574,Somain,"50.359,3.272","{""type"":""Polygon"",""coordinates"":[[[3.295151,50.340874],[3.293408,50.3409],[3.292695,50.340892],[3.292598,50.340361],[3.292362,50.339786],[3.292238,50.339535],[3.291847,50.338903],[3.291395,50.338063],[3.290756,50.336937],[3.290615,50.336675],[3.289738,50.336781],[3.288906,50.336844],[3.288166,50.336877],[3.286916,50.336916],[3.284847,50.336964],[3.285346,50.334359],[3.285426,50.334185],[3.280888,50.334026],[3.280906,50.336014],[3.2809,50.336152],[3.280769,50.336373],[3.280515,50.33668],[3.280506,50.337025],[3.276629,50.337076],[3.274075,50.337112],[3.273288,50.338898],[3.271278,50.338698],[3.268757,50.341858],[3.266204,50.340791],[3.264891,50.341988],[3.263792,50.342889],[3.264431,50.343264],[3.262582,50.345987],[3.262044,50.346114],[3.261385,50.345722],[3.261071,50.345487],[3.259616,50.346262],[3.259048,50.345741],[3.258702,50.34539],[3.258535,50.345166],[3.256949,50.345019],[3.256899,50.344997],[3.25708,50.346474],[3.257817,50.346529],[3.257856,50.34701],[3.260595,50.347278],[3.260303,50.348424],[3.259868,50.348441],[3.258054,50.34853],[3.257575,50.350025],[3.256724,50.349782],[3.256262,50.350406],[3.257073,50.350615],[3.256774,50.351053],[3.257115,50.351177],[3.25658,50.352097],[3.258553,50.352801],[3.25715,50.354383],[3.258707,50.354956],[3.257602,50.356161],[3.256898,50.355936],[3.256125,50.356777],[3.256319,50.356858],[3.25564,50.35776],[3.255527,50.358458],[3.255829,50.359039],[3.256125,50.359378],[3.256295,50.360211],[3.256179,50.360477],[3.256076,50.360899],[3.256147,50.361116],[3.256286,50.36119],[3.257184,50.361575],[3.256609,50.362222],[3.256567,50.362254],[3.256158,50.362807],[3.256049,50.363171],[3.255529,50.363779],[3.255636,50.364071],[3.255653,50.364276],[3.25575,50.364444],[3.255767,50.365111],[3.256002,50.365504],[3.256157,50.365931],[3.256286,50.366211],[3.25429,50.366657],[3.253523,50.366742],[3.252589,50.366772],[3.250137,50.367858],[3.250162,50.368055],[3.249602,50.368173],[3.247964,50.368191],[3.246945,50.368367],[3.247368,50.369091],[3.247852,50.369967],[3.249603,50.37307],[3.25012,50.374003],[3.25152,50.374085],[3.251683,50.374116],[3.253075,50.374276],[3.255793,50.37457],[3.256444,50.374661],[3.257099,50.374417],[3.257639,50.374324],[3.258175,50.374043],[3.258324,50.373886],[3.258473,50.373794],[3.258749,50.373692],[3.259157,50.373588],[3.26011,50.373435],[3.260811,50.37344],[3.263127,50.373924],[3.262911,50.374436],[3.262535,50.375142],[3.262461,50.375384],[3.263312,50.375571],[3.262961,50.376302],[3.262494,50.37629],[3.262278,50.377805],[3.263775,50.377503],[3.264792,50.377331],[3.264795,50.377408],[3.264548,50.378256],[3.264455,50.378423],[3.264279,50.378437],[3.26409,50.379316],[3.263885,50.380157],[3.262583,50.380347],[3.262816,50.380568],[3.262801,50.3807],[3.263268,50.381059],[3.263903,50.380923],[3.268797,50.379697],[3.269338,50.379629],[3.270942,50.381438],[3.271278,50.38179],[3.271245,50.381953],[3.270146,50.382352],[3.269897,50.382455],[3.268959,50.382774],[3.267929,50.383165],[3.267041,50.383473],[3.266557,50.383653],[3.268139,50.384937],[3.271808,50.384105],[3.277758,50.38274],[3.286371,50.380765],[3.286865,50.380562],[3.290658,50.379766],[3.291286,50.379769],[3.294546,50.379827],[3.294495,50.379535],[3.294584,50.379008],[3.294588,50.378719],[3.294383,50.377657],[3.294362,50.377189],[3.294376,50.376619],[3.294365,50.376348],[3.294288,50.375736],[3.294253,50.374304],[3.2943,50.373677],[3.294349,50.373237],[3.294267,50.373164],[3.293909,50.373053],[3.293685,50.373031],[3.292952,50.372894],[3.292082,50.372755],[3.290189,50.372531],[3.289065,50.372409],[3.288813,50.372394],[3.288441,50.372335],[3.288203,50.372227],[3.289452,50.370313],[3.28955,50.37013],[3.289565,50.369999],[3.289447,50.367876],[3.289398,50.366423],[3.289358,50.366029],[3.289289,50.365892],[3.290321,50.365772],[3.290552,50.364506],[3.290634,50.364],[3.291413,50.364037],[3.291427,50.363515],[3.291897,50.363476],[3.292323,50.361906],[3.29254,50.360026],[3.292567,50.359727],[3.293716,50.359638],[3.294252,50.359605],[3.294855,50.359549],[3.295028,50.35863],[3.294824,50.357416],[3.296411,50.357322],[3.296282,50.356649],[3.295986,50.356665],[3.295736,50.355445],[3.295636,50.355462],[3.295466,50.354615],[3.294354,50.3521],[3.296259,50.351483],[3.296272,50.351071],[3.296349,50.350613],[3.296151,50.348423],[3.296158,50.348037],[3.296195,50.347747],[3.296021,50.347266],[3.295877,50.346794],[3.295612,50.345998],[3.295526,50.344968],[3.295454,50.344006],[3.295441,50.343961],[3.294571,50.343894],[3.29434,50.343891],[3.293304,50.343916],[3.292997,50.343865],[3.293171,50.34252],[3.293537,50.342589],[3.293576,50.342373],[3.293783,50.342294],[3.293887,50.341747],[3.294418,50.341733],[3.294403,50.341807],[3.295239,50.341771],[3.295151,50.340874]]]}"
51,59596,Tilloy-lez-Marchiennes,"50.430,3.325","{""type"":""Polygon"",""coordinates"":[[[3.340126,50.425479],[3.340206,50.425412],[3.340477,50.425357],[3.341373,50.425122],[3.342564,50.424756],[3.343891,50.424372],[3.344009,50.424273],[3.345953,50.422289],[3.346238,50.42219],[3.347195,50.421896],[3.348863,50.421809],[3.349873,50.42142],[3.350048,50.421309],[3.350704,50.420716],[3.350749,50.420689],[3.351421,50.420077],[3.351705,50.419787],[3.352472,50.419104],[3.35258,50.418443],[3.352717,50.417829],[3.352821,50.417239],[3.352925,50.416791],[3.353011,50.41662],[3.35251,50.416517],[3.352277,50.416568],[3.351392,50.416594],[3.351128,50.416587],[3.350299,50.416645],[3.349943,50.4167],[3.349462,50.416838],[3.349243,50.416926],[3.348944,50.417093],[3.348738,50.417174],[3.348414,50.417208],[3.348165,50.417175],[3.347162,50.416843],[3.345614,50.416431],[3.345343,50.416326],[3.344994,50.416039],[3.344831,50.415867],[3.344288,50.415423],[3.344139,50.415248],[3.344065,50.415085],[3.344205,50.414714],[3.343972,50.414647],[3.343678,50.414612],[3.342798,50.414629],[3.342179,50.414611],[3.341892,50.414568],[3.341624,50.414393],[3.34159,50.414318],[3.341163,50.414389],[3.340487,50.414409],[3.340184,50.414404],[3.339631,50.414462],[3.338697,50.414531],[3.337089,50.414712],[3.336629,50.414776],[3.336147,50.414771],[3.33516,50.414832],[3.334722,50.41488],[3.334009,50.415009],[3.333359,50.415072],[3.331302,50.415346],[3.329618,50.415598],[3.329208,50.415694],[3.329132,50.415841],[3.328896,50.415816],[3.328524,50.415838],[3.327882,50.415903],[3.327548,50.415956],[3.32491,50.416094],[3.324561,50.416117],[3.323872,50.416258],[3.323425,50.416288],[3.321872,50.416346],[3.320197,50.416395],[3.31919,50.416506],[3.31868,50.416469],[3.317095,50.416371],[3.316771,50.416339],[3.316352,50.416264],[3.316154,50.4162],[3.315781,50.416134],[3.315423,50.416117],[3.314879,50.416162],[3.314574,50.416147],[3.314101,50.416037],[3.313318,50.415819],[3.312502,50.415642],[3.312133,50.415524],[3.311198,50.415291],[3.310484,50.415123],[3.309724,50.414931],[3.308429,50.414621],[3.308075,50.415086],[3.307737,50.415608],[3.307396,50.416068],[3.30723,50.416349],[3.306858,50.416812],[3.306096,50.41786],[3.305841,50.418256],[3.30497,50.419484],[3.304517,50.420091],[3.304371,50.420328],[3.304049,50.420782],[3.303866,50.420944],[3.303075,50.422064],[3.302389,50.422961],[3.304043,50.422998],[3.304419,50.424337],[3.304861,50.426071],[3.305022,50.426836],[3.305119,50.427563],[3.305383,50.428932],[3.305523,50.429338],[3.305772,50.430236],[3.305908,50.430654],[3.306061,50.431203],[3.306235,50.431713],[3.306373,50.432799],[3.306514,50.433338],[3.306631,50.434035],[3.306787,50.434438],[3.308041,50.434369],[3.308826,50.434409],[3.309515,50.434514],[3.310417,50.434426],[3.31097,50.434318],[3.311713,50.434028],[3.312232,50.433869],[3.312445,50.43376],[3.312693,50.43359],[3.313557,50.433982],[3.313521,50.434271],[3.313636,50.434457],[3.3135,50.434702],[3.313432,50.43495],[3.313202,50.43521],[3.312981,50.435399],[3.312369,50.435258],[3.311984,50.435327],[3.310159,50.435942],[3.310029,50.436029],[3.310002,50.436201],[3.310119,50.436319],[3.310562,50.436558],[3.31074,50.436675],[3.310758,50.436803],[3.310712,50.437079],[3.31039,50.43728],[3.310518,50.437519],[3.310697,50.437658],[3.311014,50.437824],[3.311086,50.438031],[3.311397,50.438399],[3.311631,50.438714],[3.311844,50.438902],[3.312112,50.439238],[3.312258,50.439609],[3.312232,50.43977],[3.312132,50.439855],[3.311788,50.439973],[3.311072,50.440318],[3.310574,50.440712],[3.310359,50.441282],[3.311393,50.441824],[3.310715,50.442271],[3.310615,50.442381],[3.310652,50.442522],[3.31095,50.442692],[3.311031,50.442882],[3.31099,50.443203],[3.310812,50.443523],[3.310504,50.443585],[3.310376,50.443697],[3.310276,50.443928],[3.310054,50.443946],[3.309847,50.444084],[3.309714,50.444236],[3.309525,50.444534],[3.309417,50.444603],[3.309086,50.44452],[3.308953,50.444456],[3.308677,50.444256],[3.308362,50.444919],[3.30813,50.445129],[3.307858,50.445288],[3.307236,50.445523],[3.307041,50.445575],[3.306614,50.44575],[3.306733,50.446217],[3.306804,50.446249],[3.306502,50.446516],[3.305659,50.446589],[3.305421,50.446754],[3.305147,50.447157],[3.305125,50.447359],[3.305162,50.447655],[3.305292,50.447989],[3.305305,50.448174],[3.306197,50.448164],[3.306415,50.448149],[3.306753,50.448015],[3.307004,50.447822],[3.307367,50.448258],[3.307498,50.448297],[3.3078,50.448302],[3.308187,50.448351],[3.308306,50.448214],[3.308353,50.447822],[3.308407,50.447693],[3.308522,50.447617],[3.30901,50.44749],[3.309712,50.447382],[3.310025,50.447228],[3.310136,50.447088],[3.310732,50.446755],[3.311124,50.446588],[3.312229,50.446481],[3.312501,50.446436],[3.312714,50.446334],[3.312884,50.446211],[3.313195,50.445863],[3.313283,50.445581],[3.313298,50.445267],[3.314461,50.445076],[3.314739,50.444984],[3.314957,50.445083],[3.315108,50.445096],[3.315532,50.445062],[3.31591,50.445065],[3.316445,50.445011],[3.316878,50.445088],[3.317022,50.444875],[3.3173,50.444559],[3.317717,50.44452],[3.318424,50.444414],[3.318698,50.444459],[3.318955,50.444609],[3.319286,50.444728],[3.319652,50.444829],[3.320298,50.444961],[3.321408,50.444164],[3.322887,50.443015],[3.321869,50.442602],[3.32144,50.442364],[3.320528,50.441926],[3.32075,50.44176],[3.32155,50.441095],[3.32148,50.441059],[3.320543,50.440309],[3.320436,50.440144],[3.32048,50.44006],[3.321675,50.438014],[3.321784,50.437877],[3.322054,50.437265],[3.322209,50.437013],[3.320727,50.436597],[3.320425,50.436421],[3.320346,50.43578],[3.320386,50.435491],[3.320602,50.435151],[3.32078,50.434928],[3.32088,50.434586],[3.32037,50.43449],[3.320494,50.434202],[3.320451,50.434171],[3.322844,50.432203],[3.321652,50.431717],[3.321872,50.431549],[3.322731,50.430793],[3.323655,50.430238],[3.324913,50.429641],[3.324989,50.429598],[3.324727,50.429224],[3.324465,50.428968],[3.324371,50.428842],[3.324357,50.428585],[3.324248,50.428407],[3.324089,50.428252],[3.324079,50.428144],[3.324151,50.428011],[3.324096,50.427722],[3.324103,50.427483],[3.32423,50.427038],[3.324322,50.426922],[3.325001,50.426428],[3.327009,50.424901],[3.327421,50.424756],[3.327706,50.424758],[3.328183,50.424948],[3.328532,50.424864],[3.331695,50.423841],[3.33195,50.423809],[3.333002,50.423796],[3.333331,50.423766],[3.334449,50.423547],[3.33543,50.423289],[3.335564,50.423266],[3.336241,50.423818],[3.336788,50.424219],[3.337163,50.424441],[3.3382,50.424921],[3.338401,50.425068],[3.338383,50.425202],[3.338145,50.425416],[3.338157,50.425459],[3.339262,50.426087],[3.339355,50.426078],[3.339999,50.425533],[3.340126,50.425479]]]}"
52,62825,Tortequesne,"50.293,3.028","{""type"":""Polygon"",""coordinates"":[[[3.047543,50.293764],[3.04791,50.29354],[3.049746,50.292742],[3.050988,50.292152],[3.05181,50.29179],[3.052477,50.291482],[3.053137,50.291156],[3.053844,50.290717],[3.054139,50.290492],[3.05476,50.289968],[3.055205,50.289626],[3.05589,50.289174],[3.053474,50.289232],[3.053422,50.289077],[3.053208,50.288694],[3.053075,50.288598],[3.052841,50.28852],[3.052423,50.288443],[3.052234,50.28845],[3.051581,50.287469],[3.052014,50.287306],[3.050737,50.285697],[3.051985,50.28527],[3.054068,50.284582],[3.054609,50.284374],[3.054883,50.284025],[3.054998,50.283834],[3.055279,50.283515],[3.055672,50.283253],[3.055036,50.28268],[3.05502,50.28226],[3.044435,50.282353],[3.044343,50.282368],[3.043464,50.282386],[3.043347,50.282434],[3.043435,50.282586],[3.043421,50.282802],[3.043302,50.282923],[3.042927,50.282991],[3.042459,50.282985],[3.042355,50.28317],[3.042008,50.283521],[3.041804,50.283891],[3.041863,50.284104],[3.041947,50.284223],[3.042013,50.284426],[3.042027,50.284903],[3.04214,50.28517],[3.042157,50.285396],[3.042274,50.285511],[3.042359,50.285925],[3.041353,50.286988],[3.04116,50.287123],[3.040921,50.287234],[3.040656,50.287414],[3.040513,50.287615],[3.040285,50.287661],[3.039993,50.287646],[3.039337,50.287479],[3.038735,50.287455],[3.038282,50.287376],[3.0378,50.287362],[3.037431,50.2873],[3.037171,50.287318],[3.036875,50.287482],[3.036159,50.287641],[3.035592,50.287839],[3.035244,50.287931],[3.034926,50.288064],[3.034661,50.288092],[3.033523,50.288081],[3.032479,50.288097],[3.031991,50.288007],[3.031488,50.287933],[3.030799,50.287761],[3.029183,50.287225],[3.025998,50.286096],[3.025041,50.28574],[3.024752,50.285688],[3.023404,50.285628],[3.023042,50.285598],[3.022364,50.285444],[3.021173,50.285136],[3.021005,50.285107],[3.019879,50.285018],[3.018582,50.28483],[3.017914,50.284689],[3.015605,50.284033],[3.014594,50.283737],[3.014066,50.283562],[3.013553,50.283322],[3.013099,50.283268],[3.012724,50.283328],[3.012085,50.28371],[3.011754,50.28403],[3.011537,50.284118],[3.011359,50.28413],[3.010847,50.284039],[3.010479,50.284053],[3.009809,50.284108],[3.009129,50.284063],[3.008723,50.284093],[3.008247,50.284077],[3.007588,50.284093],[3.007494,50.284065],[3.006595,50.284033],[3.005747,50.283953],[3.005269,50.283989],[3.004355,50.283939],[3.004051,50.284015],[3.003351,50.28402],[3.002721,50.284051],[3.002314,50.284096],[3.00146,50.284121],[3.00052,50.284191],[3.002636,50.284557],[3.002522,50.284995],[3.0022,50.286376],[3.002221,50.286512],[3.001905,50.287643],[3.002689,50.287867],[3.003089,50.287883],[3.004061,50.287772],[3.005119,50.287665],[3.005304,50.2876],[3.00588,50.287269],[3.006474,50.287042],[3.007263,50.286806],[3.007681,50.286715],[3.008149,50.286658],[3.009288,50.286625],[3.009651,50.28657],[3.010198,50.286422],[3.011093,50.286311],[3.01208,50.286139],[3.012374,50.286099],[3.012426,50.286442],[3.013281,50.286417],[3.014174,50.286821],[3.016078,50.286983],[3.017792,50.286772],[3.017897,50.286634],[3.019256,50.286629],[3.019035,50.287221],[3.020371,50.287525],[3.020355,50.287862],[3.020405,50.288194],[3.02053,50.288483],[3.020629,50.288561],[3.021247,50.288893],[3.021651,50.289136],[3.022265,50.289435],[3.022433,50.289533],[3.022573,50.289709],[3.02267,50.290202],[3.022757,50.290326],[3.02351,50.290729],[3.023776,50.290994],[3.024389,50.291551],[3.02463,50.291736],[3.024337,50.291741],[3.023677,50.291689],[3.022892,50.291595],[3.022208,50.2915],[3.022123,50.291773],[3.021793,50.292498],[3.023336,50.292937],[3.023099,50.293436],[3.020426,50.29285],[3.020105,50.293188],[3.019082,50.292888],[3.018417,50.294878],[3.018378,50.295887],[3.017454,50.295754],[3.017351,50.297036],[3.0163,50.297085],[3.016023,50.297354],[3.015885,50.297442],[3.015639,50.29769],[3.015163,50.298022],[3.014834,50.298228],[3.016836,50.298391],[3.017468,50.298458],[3.017999,50.298602],[3.018294,50.298723],[3.0185,50.298838],[3.019062,50.299199],[3.019488,50.299528],[3.020188,50.299909],[3.020602,50.30017],[3.021296,50.300491],[3.021326,50.300543],[3.021195,50.30075],[3.021433,50.300919],[3.022128,50.301189],[3.022794,50.301556],[3.023372,50.301846],[3.024351,50.302145],[3.02468,50.302257],[3.024969,50.302402],[3.025195,50.30258],[3.026118,50.303046],[3.027237,50.303677],[3.027426,50.303758],[3.027459,50.303573],[3.027611,50.303411],[3.028234,50.303125],[3.028409,50.303008],[3.028412,50.302917],[3.028209,50.302602],[3.028102,50.302369],[3.028793,50.302071],[3.028916,50.301935],[3.029197,50.301866],[3.029407,50.301758],[3.029655,50.301766],[3.029843,50.301878],[3.0302,50.301729],[3.030993,50.301315],[3.031212,50.301103],[3.031192,50.300854],[3.031123,50.300707],[3.030836,50.300568],[3.03057,50.300536],[3.030305,50.300541],[3.029769,50.300665],[3.029347,50.300694],[3.028946,50.300661],[3.028724,50.300688],[3.028369,50.300661],[3.027887,50.300709],[3.027407,50.300704],[3.027689,50.300047],[3.028556,50.298743],[3.028862,50.298301],[3.029242,50.297707],[3.029666,50.296917],[3.030256,50.295917],[3.03153,50.296424],[3.031982,50.296669],[3.032261,50.296907],[3.032837,50.29751],[3.033674,50.298321],[3.034017,50.298668],[3.034223,50.298913],[3.034353,50.298807],[3.034762,50.298289],[3.034918,50.298043],[3.035199,50.297363],[3.035732,50.295808],[3.03564,50.29513],[3.036433,50.294845],[3.036134,50.294279],[3.036494,50.293529],[3.036725,50.293488],[3.037355,50.293595],[3.038037,50.29366],[3.038587,50.293771],[3.040497,50.294305],[3.040639,50.294308],[3.046612,50.295454],[3.046756,50.295242],[3.04684,50.295006],[3.046891,50.294731],[3.04697,50.294499],[3.047137,50.294255],[3.047543,50.293764]]]}"
53,59620,Villers-au-Tertre,"50.300,3.173","{""type"":""Polygon"",""coordinates"":[[[3.194835,50.297601],[3.193997,50.296901],[3.192506,50.295633],[3.19172,50.294978],[3.191067,50.294419],[3.190062,50.293543],[3.189761,50.293198],[3.189483,50.292935],[3.18887,50.292446],[3.187992,50.291805],[3.186901,50.292406],[3.186656,50.292168],[3.183041,50.293602],[3.181164,50.291558],[3.18079,50.290998],[3.17991,50.290665],[3.177805,50.289854],[3.177577,50.289058],[3.177468,50.288838],[3.174979,50.289883],[3.174438,50.290067],[3.173999,50.290189],[3.172988,50.290501],[3.172767,50.290559],[3.171987,50.290705],[3.171232,50.290818],[3.170014,50.290987],[3.170888,50.293106],[3.170364,50.292861],[3.17303,50.295959],[3.166461,50.296921],[3.166101,50.296861],[3.165439,50.29669],[3.165315,50.296576],[3.163943,50.29701],[3.164744,50.298267],[3.161332,50.299273],[3.16137,50.29945],[3.161488,50.299581],[3.161903,50.299818],[3.162031,50.300006],[3.162061,50.300288],[3.162146,50.300528],[3.157034,50.307518],[3.154218,50.303559],[3.153479,50.305336],[3.153234,50.305613],[3.152364,50.306379],[3.150879,50.306366],[3.151342,50.307501],[3.151481,50.307784],[3.151657,50.308056],[3.151869,50.308334],[3.152328,50.308478],[3.153732,50.308749],[3.1543,50.308825],[3.156422,50.308821],[3.156753,50.309453],[3.157038,50.309925],[3.158688,50.310047],[3.158669,50.310657],[3.159359,50.310605],[3.159387,50.310676],[3.160191,50.310542],[3.160473,50.310893],[3.160542,50.311392],[3.161135,50.311403],[3.161965,50.311276],[3.166277,50.310825],[3.166609,50.311412],[3.168019,50.310559],[3.168362,50.311132],[3.168401,50.311242],[3.169577,50.310606],[3.169815,50.310962],[3.170184,50.310711],[3.173391,50.310484],[3.175468,50.310464],[3.176597,50.310259],[3.178793,50.310078],[3.180249,50.310019],[3.188711,50.309544],[3.191411,50.309402],[3.192774,50.309517],[3.193256,50.308082],[3.194467,50.306488],[3.192901,50.305884],[3.19365,50.304815],[3.194319,50.304888],[3.193361,50.303613],[3.192867,50.303395],[3.193723,50.302878],[3.19483,50.302388],[3.193953,50.301638],[3.192864,50.300498],[3.192551,50.300437],[3.190571,50.300152],[3.189142,50.299887],[3.188802,50.2998],[3.194835,50.297601]]]}"
54,59629,Vred,"50.394,3.231","{""type"":""Polygon"",""coordinates"":[[[3.25223,50.394361],[3.251804,50.3936],[3.251262,50.392783],[3.250979,50.392331],[3.251079,50.391238],[3.251203,50.391154],[3.251014,50.390966],[3.251735,50.390557],[3.25176,50.39053],[3.253097,50.389675],[3.253046,50.389558],[3.252792,50.389322],[3.251908,50.388817],[3.250838,50.388054],[3.250296,50.387775],[3.250443,50.387631],[3.250127,50.387325],[3.250215,50.387085],[3.250115,50.386928],[3.250082,50.386604],[3.249968,50.386259],[3.249765,50.386055],[3.249701,50.386132],[3.249363,50.386124],[3.248112,50.386516],[3.24763,50.386466],[3.247658,50.386414],[3.247253,50.386371],[3.247229,50.386232],[3.24688,50.386206],[3.246076,50.386214],[3.243957,50.387314],[3.243642,50.387197],[3.243283,50.387165],[3.242966,50.387182],[3.242594,50.387232],[3.242044,50.387358],[3.240596,50.387807],[3.239879,50.387999],[3.239568,50.388036],[3.238608,50.388068],[3.237012,50.388215],[3.236101,50.388375],[3.235571,50.388525],[3.234816,50.388682],[3.233487,50.388804],[3.232797,50.388888],[3.232429,50.388957],[3.231503,50.38941],[3.231225,50.389504],[3.230825,50.389595],[3.230007,50.389672],[3.229688,50.389678],[3.228888,50.389722],[3.228092,50.389726],[3.226991,50.389673],[3.226658,50.389642],[3.226297,50.389642],[3.225476,50.389694],[3.22523,50.389736],[3.224461,50.389798],[3.223742,50.389874],[3.222697,50.38996],[3.222557,50.389946],[3.222132,50.390226],[3.221795,50.390565],[3.221727,50.39075],[3.221786,50.391108],[3.22188,50.391345],[3.221883,50.39151],[3.221656,50.391652],[3.221317,50.391751],[3.220598,50.391865],[3.220141,50.391873],[3.219298,50.391849],[3.219251,50.391777],[3.219059,50.391702],[3.218732,50.391454],[3.218524,50.391217],[3.218041,50.390756],[3.217867,50.390613],[3.215235,50.389715],[3.215024,50.389725],[3.214439,50.390134],[3.213358,50.391457],[3.212941,50.391319],[3.212609,50.391119],[3.211703,50.390368],[3.211059,50.390531],[3.210944,50.390546],[3.210719,50.391385],[3.210657,50.391689],[3.210482,50.392199],[3.210435,50.392461],[3.210335,50.392722],[3.20983,50.394395],[3.209655,50.395084],[3.209438,50.395824],[3.209136,50.396778],[3.210162,50.396607],[3.210983,50.396516],[3.211602,50.396494],[3.21248,50.396505],[3.212862,50.396548],[3.213245,50.396638],[3.213851,50.396871],[3.21393,50.397184],[3.21362,50.397765],[3.212202,50.397901],[3.218051,50.399921],[3.219653,50.400174],[3.222168,50.400584],[3.225788,50.401153],[3.227739,50.401468],[3.229277,50.401814],[3.231464,50.402313],[3.231758,50.402367],[3.234435,50.402347],[3.235093,50.402331],[3.237499,50.402323],[3.237818,50.402307],[3.240089,50.401979],[3.240743,50.401808],[3.240867,50.401132],[3.240963,50.400764],[3.2411,50.400056],[3.24125,50.399432],[3.241399,50.399221],[3.241932,50.398398],[3.24194,50.398342],[3.242728,50.397493],[3.243185,50.397016],[3.243256,50.396901],[3.243941,50.396581],[3.244525,50.396283],[3.245497,50.395714],[3.246388,50.395524],[3.247187,50.395443],[3.247652,50.395438],[3.24807,50.395406],[3.248498,50.395319],[3.248923,50.395152],[3.249477,50.395106],[3.250006,50.395016],[3.250549,50.394893],[3.251162,50.394681],[3.251495,50.394583],[3.251983,50.394411],[3.25223,50.394361]]]}"
55,59637,Wandignies-Hamage,"50.398,3.322","{""type"":""Polygon"",""coordinates"":[[[3.347623,50.405866],[3.347608,50.405505],[3.347614,50.405179],[3.347596,50.404172],[3.347637,50.402996],[3.347576,50.402252],[3.347461,50.401702],[3.347346,50.400921],[3.347359,50.400779],[3.347944,50.400477],[3.348406,50.400185],[3.349411,50.399599],[3.351342,50.398457],[3.351736,50.398155],[3.35254,50.397506],[3.353706,50.396594],[3.35374,50.396534],[3.35394,50.395512],[3.353955,50.395172],[3.353781,50.394807],[3.353205,50.393727],[3.353155,50.393601],[3.353004,50.392883],[3.353,50.392754],[3.352958,50.392653],[3.352772,50.392523],[3.351047,50.391777],[3.350868,50.391589],[3.350241,50.390771],[3.350196,50.390538],[3.349733,50.390202],[3.349341,50.389666],[3.349277,50.389644],[3.348796,50.389655],[3.348061,50.389701],[3.347608,50.389769],[3.346863,50.389961],[3.346161,50.390198],[3.345596,50.390403],[3.345179,50.390492],[3.344884,50.390507],[3.344548,50.390438],[3.343734,50.39033],[3.343277,50.390341],[3.343216,50.390309],[3.342972,50.389981],[3.341607,50.391017],[3.341176,50.391325],[3.340866,50.391444],[3.340275,50.391503],[3.339747,50.391533],[3.339026,50.39164],[3.33815,50.391863],[3.337871,50.391954],[3.337432,50.392158],[3.336128,50.392536],[3.335461,50.392698],[3.334611,50.392672],[3.333425,50.392379],[3.332968,50.392194],[3.332632,50.392006],[3.33252,50.391858],[3.332319,50.391856],[3.332028,50.391721],[3.331636,50.391303],[3.331242,50.390937],[3.331041,50.390726],[3.330947,50.390569],[3.330618,50.390306],[3.330324,50.390176],[3.329079,50.389793],[3.328609,50.389677],[3.327915,50.389623],[3.32748,50.389675],[3.327116,50.389674],[3.326929,50.389647],[3.325747,50.390013],[3.325463,50.389961],[3.324828,50.389797],[3.324362,50.389647],[3.323779,50.389343],[3.323324,50.389046],[3.323012,50.388795],[3.322675,50.388582],[3.321952,50.388215],[3.321585,50.388149],[3.320911,50.387928],[3.320383,50.387863],[3.318278,50.38775],[3.317601,50.387692],[3.317323,50.387646],[3.316818,50.387672],[3.316837,50.389229],[3.31464,50.388684],[3.3143,50.388607],[3.313118,50.388413],[3.310819,50.388178],[3.310599,50.388173],[3.310484,50.388466],[3.310141,50.388837],[3.309524,50.389464],[3.309081,50.390006],[3.308641,50.390489],[3.30805,50.390743],[3.307764,50.390695],[3.302375,50.390481],[3.300357,50.390417],[3.297077,50.390253],[3.296573,50.390216],[3.295815,50.391648],[3.294923,50.393377],[3.294027,50.395203],[3.293919,50.395337],[3.293227,50.396622],[3.292998,50.397078],[3.29279,50.397337],[3.292571,50.397787],[3.291576,50.399685],[3.291242,50.40043],[3.289894,50.401604],[3.289913,50.401614],[3.290779,50.401359],[3.29223,50.399996],[3.295761,50.400509],[3.295423,50.400979],[3.295418,50.401087],[3.295957,50.401579],[3.296784,50.401575],[3.297463,50.401626],[3.297984,50.401684],[3.298495,50.401768],[3.299253,50.401991],[3.29954,50.402054],[3.300092,50.40223],[3.301155,50.402516],[3.301498,50.402579],[3.301844,50.402615],[3.301933,50.402916],[3.302056,50.402996],[3.302103,50.403169],[3.302274,50.403323],[3.302327,50.403459],[3.302486,50.403612],[3.302634,50.40383],[3.303356,50.404489],[3.303735,50.404798],[3.304052,50.404931],[3.30469,50.40502],[3.304872,50.405003],[3.305104,50.404917],[3.305249,50.404728],[3.30531,50.404407],[3.305417,50.404206],[3.305608,50.403985],[3.305937,50.403706],[3.306446,50.403404],[3.306629,50.403343],[3.308478,50.402812],[3.308797,50.402662],[3.309774,50.402334],[3.310158,50.402135],[3.31128,50.401576],[3.311379,50.401551],[3.312657,50.400857],[3.312969,50.400829],[3.313229,50.400915],[3.313866,50.401248],[3.314238,50.401359],[3.315096,50.401431],[3.315158,50.40146],[3.316431,50.401199],[3.316488,50.401022],[3.316615,50.401064],[3.316869,50.401029],[3.317356,50.401016],[3.31794,50.401083],[3.318507,50.401277],[3.318977,50.401472],[3.319831,50.401921],[3.320015,50.402056],[3.320096,50.402231],[3.320084,50.402507],[3.320029,50.402712],[3.320032,50.402918],[3.320163,50.403055],[3.32046,50.403115],[3.321246,50.403088],[3.321571,50.403089],[3.322133,50.403147],[3.322401,50.403286],[3.322578,50.403483],[3.322585,50.403827],[3.321359,50.405096],[3.322977,50.406136],[3.324054,50.406196],[3.32565,50.405902],[3.326002,50.405845],[3.326339,50.405821],[3.32664,50.40591],[3.326812,50.406082],[3.326868,50.406207],[3.326873,50.406679],[3.32702,50.40687],[3.327322,50.407049],[3.327342,50.407116],[3.327778,50.407183],[3.329373,50.406677],[3.329724,50.40688],[3.330452,50.407559],[3.330599,50.407725],[3.332463,50.407963],[3.332912,50.407591],[3.333158,50.407468],[3.333432,50.407399],[3.334096,50.407388],[3.335535,50.407466],[3.335732,50.407464],[3.335898,50.407399],[3.335976,50.407217],[3.336089,50.406639],[3.336536,50.405546],[3.336724,50.405284],[3.337013,50.405141],[3.337322,50.405119],[3.33761,50.405231],[3.338031,50.405569],[3.338213,50.405658],[3.338517,50.4057],[3.338744,50.405594],[3.338853,50.405188],[3.339042,50.40478],[3.339307,50.404296],[3.339438,50.404158],[3.339618,50.404047],[3.33981,50.403988],[3.340031,50.403984],[3.340644,50.404174],[3.340932,50.404194],[3.341706,50.404193],[3.343146,50.404213],[3.344191,50.404705],[3.344418,50.404744],[3.344783,50.404731],[3.345083,50.404805],[3.345269,50.405009],[3.345184,50.405577],[3.345192,50.405735],[3.345301,50.405892],[3.345485,50.405989],[3.345678,50.405993],[3.34638,50.405912],[3.34694,50.405877],[3.347623,50.405866]]]}"
56,59642,Warlaing,"50.409,3.325","{""type"":""Polygon"",""coordinates"":[[[3.344205,50.414714],[3.344971,50.414077],[3.345606,50.41373],[3.346292,50.41331],[3.346955,50.412732],[3.347473,50.412212],[3.347735,50.412061],[3.347696,50.41194],[3.348334,50.411608],[3.34864,50.411498],[3.349485,50.411381],[3.349615,50.411334],[3.349848,50.41116],[3.349956,50.411018],[3.350456,50.410219],[3.350884,50.409788],[3.351328,50.409454],[3.351434,50.40933],[3.351417,50.409058],[3.35126,50.408879],[3.350749,50.408499],[3.350435,50.408289],[3.349971,50.407943],[3.349678,50.407704],[3.349064,50.407061],[3.348452,50.406473],[3.348162,50.406065],[3.348016,50.40597],[3.347623,50.405866],[3.34694,50.405877],[3.34638,50.405912],[3.345678,50.405993],[3.345485,50.405989],[3.345301,50.405892],[3.345192,50.405735],[3.345184,50.405577],[3.345269,50.405009],[3.345083,50.404805],[3.344783,50.404731],[3.344418,50.404744],[3.344191,50.404705],[3.343146,50.404213],[3.341706,50.404193],[3.340932,50.404194],[3.340644,50.404174],[3.340031,50.403984],[3.33981,50.403988],[3.339618,50.404047],[3.339438,50.404158],[3.339307,50.404296],[3.339042,50.40478],[3.338853,50.405188],[3.338744,50.405594],[3.338517,50.4057],[3.338213,50.405658],[3.338031,50.405569],[3.33761,50.405231],[3.337322,50.405119],[3.337013,50.405141],[3.336724,50.405284],[3.336536,50.405546],[3.336089,50.406639],[3.335976,50.407217],[3.335898,50.407399],[3.335732,50.407464],[3.335535,50.407466],[3.334096,50.407388],[3.333432,50.407399],[3.333158,50.407468],[3.332912,50.407591],[3.332463,50.407963],[3.330599,50.407725],[3.330452,50.407559],[3.329724,50.40688],[3.329373,50.406677],[3.327778,50.407183],[3.327342,50.407116],[3.327322,50.407049],[3.32702,50.40687],[3.326873,50.406679],[3.326868,50.406207],[3.326812,50.406082],[3.32664,50.40591],[3.326339,50.405821],[3.326002,50.405845],[3.32565,50.405902],[3.324054,50.406196],[3.322977,50.406136],[3.321359,50.405096],[3.322585,50.403827],[3.322578,50.403483],[3.322401,50.403286],[3.322133,50.403147],[3.321571,50.403089],[3.321246,50.403088],[3.32046,50.403115],[3.320163,50.403055],[3.320032,50.402918],[3.320029,50.402712],[3.320084,50.402507],[3.320096,50.402231],[3.320015,50.402056],[3.319831,50.401921],[3.318977,50.401472],[3.318507,50.401277],[3.31794,50.401083],[3.317356,50.401016],[3.316869,50.401029],[3.316615,50.401064],[3.316488,50.401022],[3.316431,50.401199],[3.315158,50.40146],[3.315096,50.401431],[3.314238,50.401359],[3.313866,50.401248],[3.313229,50.400915],[3.312969,50.400829],[3.312657,50.400857],[3.311379,50.401551],[3.31128,50.401576],[3.310158,50.402135],[3.309774,50.402334],[3.308797,50.402662],[3.308478,50.402812],[3.306629,50.403343],[3.306446,50.403404],[3.305937,50.403706],[3.305608,50.403985],[3.305417,50.404206],[3.30531,50.404407],[3.305249,50.404728],[3.305104,50.404917],[3.304872,50.405003],[3.30469,50.40502],[3.304052,50.404931],[3.303735,50.404798],[3.303356,50.404489],[3.302634,50.40383],[3.302486,50.403612],[3.302327,50.403459],[3.302274,50.403323],[3.302103,50.403169],[3.302056,50.402996],[3.301933,50.402916],[3.301844,50.402615],[3.301498,50.402579],[3.301155,50.402516],[3.300092,50.40223],[3.29954,50.402054],[3.299167,50.402347],[3.298892,50.402633],[3.298632,50.402834],[3.297696,50.403499],[3.298409,50.403628],[3.298863,50.403742],[3.299899,50.403981],[3.299985,50.404332],[3.300176,50.405491],[3.300264,50.406139],[3.300297,50.406272],[3.300498,50.406737],[3.30057,50.407024],[3.300795,50.407349],[3.300933,50.4076],[3.301254,50.408276],[3.301483,50.408711],[3.301587,50.409004],[3.301957,50.409074],[3.30198,50.409172],[3.301914,50.409382],[3.301841,50.409442],[3.304672,50.41104],[3.304858,50.41119],[3.305045,50.411395],[3.305279,50.411942],[3.305449,50.412058],[3.305838,50.412235],[3.306665,50.412313],[3.307118,50.412422],[3.307264,50.412627],[3.307399,50.41271],[3.308164,50.413023],[3.308183,50.413142],[3.307881,50.413557],[3.307567,50.414132],[3.307463,50.414397],[3.308429,50.414621],[3.309724,50.414931],[3.310484,50.415123],[3.311198,50.415291],[3.312133,50.415524],[3.312502,50.415642],[3.313318,50.415819],[3.314101,50.416037],[3.314574,50.416147],[3.314879,50.416162],[3.315423,50.416117],[3.315781,50.416134],[3.316154,50.4162],[3.316352,50.416264],[3.316771,50.416339],[3.317095,50.416371],[3.31868,50.416469],[3.31919,50.416506],[3.320197,50.416395],[3.321872,50.416346],[3.323425,50.416288],[3.323872,50.416258],[3.324561,50.416117],[3.32491,50.416094],[3.327548,50.415956],[3.327882,50.415903],[3.328524,50.415838],[3.328896,50.415816],[3.329132,50.415841],[3.329208,50.415694],[3.329618,50.415598],[3.331302,50.415346],[3.333359,50.415072],[3.334009,50.415009],[3.334722,50.41488],[3.33516,50.414832],[3.336147,50.414771],[3.336629,50.414776],[3.337089,50.414712],[3.338697,50.414531],[3.339631,50.414462],[3.340184,50.414404],[3.340487,50.414409],[3.341163,50.414389],[3.34159,50.414318],[3.341624,50.414393],[3.341892,50.414568],[3.342179,50.414611],[3.342798,50.414629],[3.343678,50.414612],[3.343972,50.414647],[3.344205,50.414714]]]}"
57,59654,Waziers,"50.384,3.112","{""type"":""Polygon"",""coordinates"":[[[3.125712,50.388688],[3.126291,50.388234],[3.126502,50.388005],[3.126684,50.38773],[3.126787,50.38748],[3.126825,50.387027],[3.126759,50.386694],[3.126564,50.386309],[3.126319,50.386024],[3.126168,50.38591],[3.125718,50.385663],[3.125752,50.384985],[3.125667,50.384644],[3.125661,50.38409],[3.125596,50.383727],[3.125605,50.383614],[3.12571,50.383509],[3.125705,50.382985],[3.125716,50.382035],[3.12569,50.381693],[3.122653,50.381723],[3.122638,50.381641],[3.122271,50.381711],[3.12229,50.382281],[3.121449,50.382488],[3.12128,50.38215],[3.121316,50.382007],[3.120417,50.380638],[3.119786,50.379746],[3.118928,50.378571],[3.1189,50.378544],[3.117625,50.379108],[3.117217,50.379302],[3.117009,50.379163],[3.116364,50.378519],[3.115699,50.377906],[3.11535,50.377659],[3.115192,50.377413],[3.114972,50.37721],[3.114766,50.376965],[3.113947,50.376042],[3.113191,50.376187],[3.11313,50.37605],[3.11309,50.375789],[3.113052,50.375272],[3.113088,50.374981],[3.113022,50.374743],[3.11285,50.374402],[3.112455,50.373867],[3.112378,50.373621],[3.111958,50.372524],[3.111965,50.37197],[3.111905,50.371874],[3.111632,50.371786],[3.111423,50.371778],[3.111272,50.371892],[3.109607,50.370602],[3.109617,50.370569],[3.109334,50.370182],[3.109627,50.370036],[3.109228,50.369735],[3.107592,50.370242],[3.106113,50.370685],[3.104927,50.371052],[3.105097,50.371287],[3.105065,50.371329],[3.103015,50.371888],[3.103239,50.372215],[3.102215,50.372506],[3.101332,50.372726],[3.100775,50.371831],[3.100346,50.371182],[3.099952,50.37056],[3.099683,50.37011],[3.099085,50.369159],[3.098865,50.369217],[3.098737,50.370862],[3.098646,50.371794],[3.098454,50.373124],[3.098297,50.374018],[3.098324,50.374113],[3.098618,50.374725],[3.099039,50.375933],[3.099208,50.376335],[3.099758,50.377359],[3.099962,50.37778],[3.100371,50.378529],[3.09859,50.379082],[3.09755,50.379545],[3.096208,50.380111],[3.094981,50.380639],[3.094409,50.380955],[3.095076,50.381625],[3.095388,50.381968],[3.095701,50.382228],[3.096721,50.383212],[3.096945,50.383475],[3.097125,50.383764],[3.097397,50.384258],[3.097558,50.384487],[3.097753,50.384707],[3.098189,50.38514],[3.098648,50.385559],[3.099469,50.386178],[3.100122,50.386734],[3.100438,50.387095],[3.101018,50.387834],[3.101339,50.388156],[3.101817,50.388495],[3.102634,50.388953],[3.103708,50.389515],[3.104412,50.389895],[3.104808,50.390139],[3.105502,50.390597],[3.106167,50.391092],[3.107985,50.392409],[3.108224,50.39262],[3.108591,50.393021],[3.110041,50.39519],[3.110509,50.395867],[3.110756,50.396115],[3.111041,50.396318],[3.11217,50.39688],[3.113577,50.397565],[3.114225,50.397956],[3.114658,50.398154],[3.114888,50.398283],[3.115719,50.398867],[3.116428,50.398798],[3.117272,50.398737],[3.118815,50.398614],[3.119308,50.398632],[3.121069,50.398928],[3.121503,50.398976],[3.121954,50.398903],[3.12344,50.398589],[3.127122,50.397831],[3.12795,50.397651],[3.128793,50.397507],[3.12899,50.396855],[3.129486,50.395155],[3.129529,50.395051],[3.129816,50.394725],[3.129587,50.394621],[3.128408,50.394127],[3.127121,50.393576],[3.126699,50.393367],[3.126301,50.393137],[3.125998,50.392927],[3.12553,50.392567],[3.124719,50.391888],[3.124531,50.391691],[3.124351,50.391374],[3.124063,50.390996],[3.123644,50.390546],[3.123126,50.390096],[3.122836,50.389879],[3.122573,50.389716],[3.122619,50.389636],[3.122815,50.388696],[3.124158,50.388789],[3.124561,50.388795],[3.125712,50.388688]]]}"
58,59185,Écaillon,"50.347,3.218","{""type"":""Polygon"",""coordinates"":[[[3.214101,50.364343],[3.2141,50.364158],[3.214481,50.36336],[3.214879,50.362604],[3.215069,50.362317],[3.215184,50.36198],[3.215358,50.361661],[3.21568,50.36123],[3.215953,50.360895],[3.21613,50.360607],[3.216323,50.360177],[3.216567,50.359799],[3.216829,50.359355],[3.217047,50.359198],[3.217722,50.359108],[3.21815,50.359238],[3.220979,50.361049],[3.221832,50.361565],[3.22301,50.360682],[3.224954,50.358941],[3.225059,50.358808],[3.225726,50.358248],[3.225776,50.358171],[3.226805,50.357346],[3.228056,50.356277],[3.228211,50.356163],[3.228507,50.356005],[3.228929,50.355743],[3.229267,50.355605],[3.228442,50.355075],[3.227793,50.354692],[3.227336,50.354267],[3.227121,50.354042],[3.228538,50.353089],[3.228801,50.353212],[3.229587,50.352459],[3.229255,50.352297],[3.230189,50.351328],[3.230574,50.351477],[3.230895,50.350978],[3.231232,50.351088],[3.23306,50.348831],[3.231434,50.348108],[3.23172,50.347737],[3.230619,50.347256],[3.229703,50.346997],[3.228588,50.346708],[3.22772,50.346547],[3.22725,50.346583],[3.227302,50.346245],[3.226796,50.346083],[3.226539,50.345903],[3.226243,50.345587],[3.225936,50.345605],[3.22496,50.345551],[3.224203,50.345552],[3.2231,50.345535],[3.222913,50.34556],[3.222425,50.345774],[3.221523,50.345044],[3.221168,50.344866],[3.221458,50.344617],[3.221158,50.344455],[3.21942,50.343309],[3.21905,50.34305],[3.218605,50.342803],[3.218126,50.342619],[3.218028,50.342548],[3.217988,50.342384],[3.217272,50.342007],[3.217075,50.341843],[3.216973,50.341694],[3.216609,50.340941],[3.216027,50.339648],[3.215817,50.339097],[3.215534,50.338717],[3.215405,50.33858],[3.217379,50.338154],[3.217243,50.337914],[3.21828,50.337632],[3.217972,50.336481],[3.217507,50.336546],[3.217613,50.336809],[3.216207,50.337022],[3.215846,50.336507],[3.216085,50.336429],[3.215776,50.336048],[3.215268,50.335302],[3.216126,50.335201],[3.216054,50.335053],[3.217245,50.33474],[3.216574,50.333907],[3.216295,50.333758],[3.21597,50.333775],[3.214543,50.333987],[3.214443,50.333835],[3.211674,50.334282],[3.210945,50.331192],[3.213202,50.331114],[3.212816,50.329521],[3.211605,50.329575],[3.210968,50.32965],[3.210175,50.329705],[3.208833,50.32978],[3.207824,50.329817],[3.208049,50.330707],[3.207795,50.330782],[3.208065,50.331156],[3.206487,50.331479],[3.206714,50.331917],[3.207178,50.331784],[3.20744,50.332359],[3.207129,50.332469],[3.208759,50.334936],[3.207314,50.335252],[3.205048,50.335801],[3.204982,50.335793],[3.204868,50.336517],[3.202908,50.340039],[3.203433,50.340227],[3.203768,50.340367],[3.20446,50.341616],[3.20533,50.342189],[3.205007,50.342417],[3.205269,50.342877],[3.20707,50.34333],[3.207246,50.344138],[3.206639,50.344304],[3.205527,50.344505],[3.204832,50.34479],[3.204884,50.344954],[3.204994,50.345628],[3.205054,50.345877],[3.205238,50.346476],[3.205324,50.3467],[3.205709,50.347243],[3.2061,50.347667],[3.205758,50.347814],[3.20596,50.348517],[3.206165,50.348951],[3.206333,50.349564],[3.206001,50.349602],[3.206037,50.350173],[3.206512,50.351128],[3.206616,50.351097],[3.206751,50.351429],[3.206388,50.351532],[3.206854,50.352558],[3.204374,50.355038],[3.204472,50.355363],[3.204462,50.355474],[3.204948,50.355608],[3.207399,50.358153],[3.2094,50.360334],[3.210531,50.36158],[3.212579,50.363902],[3.212822,50.364035],[3.214101,50.364343]]]}"
59,59192,Émerchicourt,"50.313,3.255","{""type"":""Polygon"",""coordinates"":[[[3.229973,50.302545],[3.230467,50.3031],[3.231463,50.304186],[3.232049,50.30484],[3.230104,50.305603],[3.230681,50.306153],[3.231585,50.306577],[3.230254,50.308317],[3.229543,50.308922],[3.228959,50.309395],[3.231761,50.311444],[3.233952,50.312745],[3.235725,50.314063],[3.23616,50.314566],[3.236406,50.316039],[3.238192,50.316376],[3.238137,50.316788],[3.240989,50.317185],[3.240931,50.316969],[3.242835,50.317023],[3.243119,50.316063],[3.243125,50.315986],[3.243281,50.315542],[3.243729,50.314591],[3.245366,50.314612],[3.246013,50.314832],[3.246809,50.313897],[3.246933,50.313911],[3.248274,50.314418],[3.251934,50.315593],[3.254865,50.3165],[3.255795,50.31522],[3.256081,50.314859],[3.256029,50.31513],[3.256054,50.315476],[3.256209,50.31604],[3.256358,50.316757],[3.256392,50.317308],[3.256343,50.317716],[3.256245,50.317931],[3.258351,50.31813],[3.258401,50.317769],[3.261051,50.318368],[3.26091,50.31731],[3.26094,50.317245],[3.263178,50.317671],[3.26407,50.317765],[3.2641,50.318058],[3.26553,50.318592],[3.264377,50.319908],[3.265592,50.32108],[3.267823,50.322047],[3.267594,50.322238],[3.266398,50.323174],[3.26612,50.323423],[3.265769,50.323875],[3.265523,50.324131],[3.265442,50.32428],[3.26505,50.324896],[3.264403,50.326245],[3.268513,50.326148],[3.268575,50.325878],[3.270936,50.325807],[3.271128,50.325502],[3.274423,50.325735],[3.276667,50.323592],[3.280817,50.322017],[3.280793,50.318952],[3.280764,50.314577],[3.280672,50.314588],[3.279872,50.314481],[3.279156,50.314309],[3.278369,50.314585],[3.277972,50.314694],[3.277678,50.314805],[3.278293,50.31598],[3.276051,50.317028],[3.274843,50.316818],[3.275029,50.316722],[3.273738,50.315624],[3.272166,50.314531],[3.272211,50.3145],[3.273063,50.3132],[3.27177,50.312288],[3.27491,50.310358],[3.273931,50.30853],[3.273856,50.30836],[3.273596,50.307218],[3.273096,50.307306],[3.272055,50.307422],[3.271848,50.307455],[3.271062,50.30768],[3.270707,50.307759],[3.27026,50.30781],[3.269383,50.307787],[3.268964,50.307799],[3.268489,50.307855],[3.268173,50.307891],[3.267045,50.308066],[3.266482,50.308201],[3.265595,50.30849],[3.265239,50.308551],[3.264326,50.308452],[3.26259,50.308156],[3.262328,50.308135],[3.261056,50.308098],[3.259461,50.308033],[3.25924,50.308012],[3.257998,50.307827],[3.257554,50.306978],[3.257431,50.306604],[3.257512,50.306002],[3.257426,50.305944],[3.257398,50.30562],[3.257132,50.305404],[3.257018,50.305366],[3.256863,50.304621],[3.257174,50.303726],[3.256216,50.303273],[3.249699,50.300074],[3.247312,50.298855],[3.246982,50.300996],[3.24101,50.301233],[3.24107,50.300876],[3.2412,50.300324],[3.236551,50.301244],[3.232419,50.302097],[3.232405,50.30208],[3.229973,50.302545]]]}"
