id,code_insee,nom_commune,coordinates,geojson
1,59002,Abscon,"50.329,3.299","{""type"":""Polygon"",""coordinates"":[[[3.280888,50.334026],[3.285426,50.334185],[3.285346,50.334359],[3.284847,50.336964],[3.286916,50.336916],[3.288166,50.336877],[3.288906,50.336844],[3.289738,50.336781],[3.290615,50.336675],[3.290756,50.336937],[3.291395,50.338063],[3.291847,50.338903],[3.292238,50.339535],[3.292362,50.339786],[3.292598,50.340361],[3.292695,50.340892],[3.293408,50.3409],[3.295151,50.340874],[3.296082,50.340762],[3.296668,50.340393],[3.298893,50.3411],[3.298326,50.342143],[3.298678,50.342453],[3.298761,50.342578],[3.299718,50.344176],[3.305517,50.34364],[3.307297,50.34306],[3.307423,50.343917],[3.308629,50.343843],[3.309635,50.344609],[3.30976,50.344787],[3.310011,50.345021],[3.311326,50.344699],[3.311241,50.344363],[3.311072,50.344231],[3.31053,50.343873],[3.309852,50.343331],[3.309163,50.342595],[3.308106,50.341198],[3.307659,50.340775],[3.307184,50.340407],[3.306491,50.339921],[3.306829,50.339799],[3.306082,50.338424],[3.306633,50.338213],[3.30628,50.337794],[3.306996,50.337637],[3.308151,50.337071],[3.309207,50.336395],[3.310165,50.336145],[3.309716,50.335374],[3.311291,50.335118],[3.312715,50.334964],[3.313463,50.334725],[3.313225,50.334147],[3.313501,50.334089],[3.313118,50.333556],[3.314194,50.333174],[3.312858,50.331685],[3.313836,50.33152],[3.315826,50.331142],[3.317134,50.330907],[3.316584,50.329107],[3.314735,50.328453],[3.31643,50.327226],[3.317438,50.328041],[3.321993,50.326204],[3.32255,50.32688],[3.321811,50.327088],[3.322893,50.327648],[3.324739,50.328195],[3.326431,50.327837],[3.325747,50.327216],[3.326466,50.326747],[3.325267,50.3258],[3.325105,50.325572],[3.324559,50.324156],[3.323377,50.323975],[3.324121,50.322782],[3.320466,50.320619],[3.320021,50.320985],[3.318914,50.320009],[3.315672,50.317708],[3.313746,50.316833],[3.313097,50.317504],[3.311766,50.318255],[3.310359,50.316823],[3.309003,50.316001],[3.307632,50.31517],[3.306436,50.314688],[3.304304,50.316426],[3.302734,50.315695],[3.302005,50.316392],[3.301414,50.31701],[3.302472,50.317349],[3.301392,50.318453],[3.300833,50.318269],[3.299481,50.318871],[3.298706,50.31812],[3.298185,50.318345],[3.297272,50.317689],[3.296313,50.318159],[3.295471,50.317334],[3.29506,50.317622],[3.293452,50.316831],[3.292271,50.316293],[3.291931,50.316545],[3.290507,50.315653],[3.289012,50.316766],[3.287424,50.315778],[3.289281,50.314631],[3.288084,50.31384],[3.286244,50.315018],[3.284944,50.315791],[3.283799,50.314957],[3.28436,50.3145],[3.283494,50.313581],[3.282169,50.314495],[3.281556,50.314455],[3.280764,50.314577],[3.280793,50.318952],[3.280817,50.322017],[3.276667,50.323592],[3.274423,50.325735],[3.274114,50.327722],[3.273797,50.328043],[3.27382,50.328658],[3.273785,50.328948],[3.273666,50.329301],[3.27347,50.32953],[3.273252,50.329734],[3.273146,50.329746],[3.273059,50.331404],[3.273515,50.331392],[3.27359,50.331344],[3.273579,50.331861],[3.273525,50.332164],[3.273327,50.333024],[3.272465,50.333052],[3.272084,50.334425],[3.273685,50.334355],[3.2742,50.334298],[3.275084,50.334093],[3.275469,50.334042],[3.280887,50.333951],[3.280888,50.334026]]]}"
2,59014,Anzin,"50.376,3.511","{""type"":""Polygon"",""coordinates"":[[[3.489917,50.369069],[3.490513,50.369318],[3.491281,50.369599],[3.491566,50.369681],[3.491781,50.369663],[3.492824,50.369947],[3.493239,50.370089],[3.493359,50.370167],[3.493791,50.370333],[3.493592,50.371171],[3.494204,50.37158],[3.49437,50.371739],[3.494477,50.372017],[3.493835,50.37249],[3.493771,50.372633],[3.493753,50.372816],[3.493964,50.373134],[3.494304,50.37314],[3.49474,50.373084],[3.495166,50.373632],[3.495265,50.373782],[3.495256,50.37387],[3.495485,50.373941],[3.495459,50.374132],[3.495313,50.374386],[3.495514,50.374404],[3.496301,50.374936],[3.498691,50.375704],[3.496744,50.377749],[3.497616,50.378087],[3.49687,50.378746],[3.496208,50.379361],[3.498293,50.38083],[3.498837,50.381519],[3.501548,50.380516],[3.501981,50.380612],[3.502281,50.380286],[3.50393,50.378397],[3.504052,50.378078],[3.505431,50.377611],[3.506798,50.377109],[3.507,50.377346],[3.507339,50.377319],[3.507763,50.377415],[3.507737,50.377128],[3.508488,50.377054],[3.509517,50.376685],[3.510315,50.376378],[3.510782,50.376215],[3.511279,50.376001],[3.511534,50.376322],[3.5118,50.376785],[3.512038,50.377277],[3.512092,50.377535],[3.5121,50.378035],[3.512053,50.378226],[3.51165,50.37906],[3.511457,50.379496],[3.512278,50.380482],[3.512522,50.380735],[3.512876,50.381151],[3.51381,50.382611],[3.513968,50.38306],[3.514058,50.383487],[3.514113,50.383637],[3.514311,50.383891],[3.514922,50.384196],[3.515238,50.384375],[3.515595,50.384707],[3.515887,50.385167],[3.51607,50.385557],[3.516004,50.385625],[3.515982,50.385956],[3.516035,50.386115],[3.516231,50.386335],[3.516652,50.386725],[3.516631,50.386842],[3.517256,50.387567],[3.517549,50.38801],[3.517681,50.388039],[3.517862,50.388187],[3.518305,50.388608],[3.518377,50.388541],[3.518856,50.388264],[3.519529,50.388066],[3.51973,50.387949],[3.520516,50.387722],[3.52315,50.3869],[3.523526,50.386773],[3.524479,50.386403],[3.524701,50.386328],[3.524843,50.386325],[3.525134,50.386471],[3.525561,50.386756],[3.525973,50.386819],[3.526044,50.386679],[3.526067,50.386385],[3.526031,50.38603],[3.525836,50.385395],[3.525483,50.384572],[3.525379,50.384238],[3.525343,50.384001],[3.525329,50.383492],[3.52626,50.383522],[3.526471,50.383538],[3.527007,50.383627],[3.52782,50.383799],[3.528426,50.38398],[3.528971,50.384164],[3.529263,50.384331],[3.529494,50.384651],[3.529716,50.384895],[3.529948,50.38507],[3.530291,50.385225],[3.531118,50.38548],[3.531145,50.385541],[3.531387,50.385475],[3.531786,50.385236],[3.53204,50.38495],[3.532241,50.384589],[3.532375,50.384048],[3.532308,50.383747],[3.532445,50.383627],[3.531297,50.382344],[3.527195,50.377731],[3.52398,50.37411],[3.522937,50.372466],[3.522822,50.37249],[3.522088,50.372376],[3.521243,50.371714],[3.520746,50.371408],[3.5205,50.371487],[3.517731,50.372148],[3.515187,50.372769],[3.514255,50.371525],[3.512623,50.369381],[3.511674,50.368121],[3.511129,50.367428],[3.510737,50.366901],[3.509274,50.364539],[3.508729,50.363676],[3.508544,50.363776],[3.507816,50.364096],[3.505696,50.365055],[3.505392,50.36494],[3.504254,50.364543],[3.502405,50.364066],[3.501851,50.36387],[3.500284,50.3634],[3.499826,50.363369],[3.497027,50.365103],[3.494439,50.367131],[3.494025,50.366929],[3.493365,50.367447],[3.493233,50.367424],[3.493163,50.367183],[3.492605,50.366968],[3.492551,50.366897],[3.492671,50.366646],[3.492478,50.366571],[3.491951,50.36676],[3.491876,50.366758],[3.490692,50.367294],[3.490307,50.36789],[3.490854,50.368139],[3.489917,50.369069]]]}"
3,59019,Artres,"50.296,3.538","{""type"":""Polygon"",""coordinates"":[[[3.53336,50.277797],[3.532973,50.278726],[3.53011,50.277457],[3.528276,50.277859],[3.525624,50.278557],[3.526476,50.279048],[3.527113,50.27939],[3.528586,50.280056],[3.528834,50.28015],[3.530731,50.280968],[3.531972,50.281492],[3.531568,50.282731],[3.531407,50.28318],[3.530981,50.284105],[3.530801,50.284472],[3.529806,50.286616],[3.529699,50.286894],[3.528569,50.286596],[3.528033,50.286438],[3.527745,50.286371],[3.52761,50.286391],[3.527064,50.28619],[3.527042,50.286093],[3.526691,50.285889],[3.526507,50.28599],[3.526308,50.286198],[3.52562,50.286123],[3.524376,50.285934],[3.524394,50.28704],[3.522739,50.287102],[3.522405,50.288041],[3.521795,50.288134],[3.522133,50.289362],[3.521718,50.289464],[3.521257,50.289609],[3.521402,50.291116],[3.521716,50.294337],[3.522182,50.295897],[3.522288,50.29629],[3.526297,50.295889],[3.526027,50.296597],[3.525175,50.298763],[3.524987,50.299277],[3.52496,50.299413],[3.524868,50.299442],[3.524693,50.299881],[3.523651,50.302306],[3.523502,50.302756],[3.523408,50.303126],[3.523234,50.303694],[3.522878,50.304655],[3.52971,50.306679],[3.529049,50.307203],[3.52851,50.307559],[3.528025,50.307834],[3.527648,50.308068],[3.527805,50.308177],[3.530115,50.310138],[3.531369,50.311161],[3.531931,50.311641],[3.531381,50.312168],[3.53133,50.312236],[3.532398,50.313106],[3.533262,50.31383],[3.533503,50.31395],[3.533728,50.314104],[3.534688,50.314665],[3.534881,50.314681],[3.535211,50.314757],[3.535924,50.314738],[3.536246,50.314633],[3.536554,50.314448],[3.536776,50.314222],[3.536842,50.31391],[3.536968,50.313752],[3.537237,50.313556],[3.537321,50.313431],[3.537202,50.313305],[3.537293,50.313137],[3.53752,50.312895],[3.537723,50.312892],[3.53788,50.312937],[3.538028,50.312912],[3.538077,50.312688],[3.538276,50.312214],[3.538534,50.312106],[3.538645,50.312024],[3.538577,50.311843],[3.538587,50.311597],[3.538696,50.311542],[3.539072,50.311511],[3.539255,50.311358],[3.539247,50.311218],[3.539462,50.311128],[3.539585,50.310918],[3.539589,50.310474],[3.539613,50.31012],[3.539676,50.309946],[3.539875,50.309841],[3.540201,50.309886],[3.540377,50.309796],[3.540915,50.309132],[3.54108,50.309079],[3.541263,50.30914],[3.541446,50.309315],[3.541539,50.309605],[3.541654,50.309628],[3.541986,50.309375],[3.543367,50.309586],[3.5436,50.309633],[3.543738,50.309585],[3.543958,50.310728],[3.543974,50.310932],[3.54491,50.310983],[3.545479,50.310956],[3.545689,50.310818],[3.545907,50.310874],[3.546127,50.311005],[3.546298,50.310888],[3.546505,50.310835],[3.546967,50.31078],[3.547268,50.310809],[3.547396,50.310772],[3.54784,50.310724],[3.548296,50.310733],[3.548525,50.310783],[3.548817,50.310698],[3.549227,50.310635],[3.550156,50.310412],[3.55007,50.310098],[3.550645,50.309988],[3.550332,50.308839],[3.549665,50.306007],[3.550487,50.305916],[3.54992,50.303128],[3.553213,50.302437],[3.552824,50.302093],[3.552099,50.301512],[3.551822,50.301327],[3.553469,50.299699],[3.553724,50.299616],[3.55565,50.29941],[3.554829,50.298052],[3.551124,50.298345],[3.550984,50.296611],[3.550033,50.295523],[3.550919,50.294973],[3.550411,50.294447],[3.55092,50.29429],[3.551588,50.294192],[3.55221,50.294141],[3.551435,50.293447],[3.55177,50.293373],[3.551961,50.293297],[3.552038,50.293108],[3.552435,50.293029],[3.552524,50.292979],[3.553195,50.292906],[3.553542,50.292851],[3.55386,50.292833],[3.554207,50.292088],[3.554349,50.291979],[3.554324,50.291861],[3.55395,50.291735],[3.553756,50.291808],[3.553614,50.291769],[3.553698,50.291612],[3.553801,50.291566],[3.554322,50.291534],[3.554425,50.291474],[3.554755,50.291112],[3.554949,50.290948],[3.554844,50.2908],[3.555159,50.289527],[3.55523,50.289256],[3.554521,50.289325],[3.551116,50.286435],[3.551725,50.286016],[3.550191,50.284798],[3.548451,50.283781],[3.547054,50.281377],[3.540177,50.279582],[3.538529,50.279156],[3.53336,50.277797]]]}"
4,59027,Aubry-du-Hainaut,"50.377,3.452","{""type"":""Polygon"",""coordinates"":[[[3.471122,50.362358],[3.47015,50.361947],[3.468635,50.361339],[3.468269,50.361175],[3.469269,50.36039],[3.468889,50.359166],[3.468206,50.357856],[3.467113,50.357965],[3.466755,50.358025],[3.466169,50.358216],[3.465664,50.358482],[3.465369,50.358718],[3.46504,50.359087],[3.464906,50.359172],[3.464591,50.359261],[3.463452,50.359447],[3.462473,50.359664],[3.462038,50.359828],[3.460987,50.360296],[3.460357,50.360618],[3.460022,50.360751],[3.459725,50.360791],[3.459155,50.360948],[3.458086,50.361379],[3.457576,50.361541],[3.457028,50.36177],[3.456167,50.362285],[3.455554,50.362628],[3.455237,50.362773],[3.45512,50.362718],[3.454802,50.363028],[3.45408,50.363694],[3.453607,50.364222],[3.453334,50.36445],[3.452732,50.364872],[3.452431,50.365017],[3.450747,50.36609],[3.450362,50.366356],[3.449379,50.367153],[3.448653,50.367888],[3.447575,50.368942],[3.449754,50.369624],[3.449832,50.369637],[3.447413,50.371961],[3.447101,50.372232],[3.44736,50.372433],[3.449045,50.373589],[3.448606,50.373951],[3.448232,50.374177],[3.447728,50.374383],[3.447183,50.374538],[3.446908,50.374699],[3.446518,50.375007],[3.446402,50.375075],[3.446011,50.37518],[3.44514,50.375282],[3.444626,50.375353],[3.443922,50.375341],[3.4436,50.375352],[3.443009,50.375424],[3.441681,50.375528],[3.441368,50.37557],[3.440714,50.375749],[3.440593,50.376064],[3.440144,50.376508],[3.439936,50.376584],[3.439687,50.376628],[3.439164,50.376659],[3.438833,50.376741],[3.438495,50.376924],[3.438198,50.377056],[3.43698,50.377732],[3.436636,50.377888],[3.436315,50.377959],[3.435462,50.378067],[3.435091,50.37815],[3.434486,50.378342],[3.43358,50.378601],[3.433833,50.380888],[3.434334,50.381903],[3.434474,50.382426],[3.434567,50.383052],[3.434656,50.383404],[3.434943,50.384801],[3.434948,50.385137],[3.434823,50.385527],[3.434741,50.386116],[3.434758,50.386395],[3.43456,50.38662],[3.434742,50.386888],[3.435695,50.387417],[3.437106,50.388114],[3.438173,50.388206],[3.43886,50.388296],[3.439184,50.388382],[3.442606,50.389701],[3.444225,50.390391],[3.444763,50.390573],[3.445055,50.39071],[3.447238,50.391805],[3.447873,50.392089],[3.448313,50.392215],[3.448972,50.392492],[3.44898,50.392641],[3.449053,50.39277],[3.449723,50.393769],[3.450078,50.394311],[3.450279,50.394555],[3.452067,50.395968],[3.45253,50.395955],[3.452503,50.395424],[3.452776,50.392858],[3.451652,50.39025],[3.451475,50.389933],[3.450685,50.388226],[3.44962,50.38597],[3.449054,50.384817],[3.448954,50.38454],[3.44926,50.384315],[3.450797,50.383709],[3.451862,50.383245],[3.457126,50.382032],[3.457191,50.382038],[3.45865,50.381668],[3.460637,50.381243],[3.461048,50.381129],[3.461301,50.381081],[3.461107,50.380868],[3.459155,50.378872],[3.459057,50.378817],[3.460118,50.378396],[3.460341,50.377596],[3.460427,50.377168],[3.460423,50.376796],[3.460395,50.376673],[3.459995,50.375787],[3.459935,50.375498],[3.459928,50.37524],[3.459855,50.374948],[3.460143,50.374899],[3.460508,50.374148],[3.460897,50.373443],[3.461047,50.37293],[3.461323,50.372397],[3.462188,50.372324],[3.462815,50.372228],[3.464506,50.372051],[3.464547,50.37171],[3.464622,50.371368],[3.464598,50.371223],[3.467884,50.371761],[3.468153,50.371142],[3.469183,50.371314],[3.469126,50.371113],[3.470386,50.371341],[3.470428,50.370486],[3.470593,50.370537],[3.470877,50.369566],[3.470173,50.369301],[3.469918,50.369188],[3.468613,50.36907],[3.467872,50.368958],[3.467121,50.368926],[3.466465,50.368848],[3.466453,50.36882],[3.464545,50.368627],[3.465311,50.36784],[3.465297,50.367815],[3.466442,50.366719],[3.466933,50.365724],[3.467219,50.365843],[3.471122,50.362358]]]}"
5,59032,Aulnoy-lez-Valenciennes,"50.325,3.536","{""type"":""Polygon"",""coordinates"":[[[3.550156,50.310412],[3.549227,50.310635],[3.548817,50.310698],[3.548525,50.310783],[3.548296,50.310733],[3.548391,50.311214],[3.547978,50.311291],[3.547547,50.311336],[3.547646,50.311423],[3.54797,50.311948],[3.547603,50.312027],[3.547731,50.312648],[3.547804,50.313093],[3.547441,50.313216],[3.546183,50.31355],[3.545276,50.313757],[3.54446,50.313965],[3.543016,50.314267],[3.542734,50.314349],[3.542113,50.314561],[3.541897,50.314654],[3.541469,50.314778],[3.540961,50.314872],[3.540261,50.314939],[3.539684,50.315037],[3.539133,50.315159],[3.537875,50.315501],[3.536958,50.315714],[3.536685,50.315758],[3.535895,50.315933],[3.535416,50.316073],[3.535062,50.316202],[3.534623,50.316328],[3.534025,50.316542],[3.533649,50.316619],[3.533495,50.316743],[3.532957,50.317067],[3.532794,50.317189],[3.532246,50.317719],[3.531894,50.317974],[3.532966,50.318482],[3.533449,50.318763],[3.533961,50.319175],[3.53334,50.319726],[3.532918,50.320192],[3.532722,50.320434],[3.532339,50.320821],[3.53204,50.321094],[3.53164,50.321505],[3.531425,50.321791],[3.531257,50.322153],[3.531025,50.322592],[3.52951,50.322522],[3.529475,50.32227],[3.52931,50.322298],[3.528627,50.322518],[3.528692,50.322781],[3.527309,50.322923],[3.527308,50.323106],[3.525389,50.323291],[3.524925,50.323355],[3.52512,50.323996],[3.525155,50.324224],[3.522782,50.32439],[3.522613,50.324415],[3.520132,50.324605],[3.520218,50.324744],[3.520942,50.325783],[3.518226,50.326181],[3.514994,50.326697],[3.510809,50.328219],[3.510679,50.328278],[3.508915,50.328941],[3.506458,50.329856],[3.506639,50.330214],[3.507052,50.330813],[3.507353,50.331148],[3.508024,50.331836],[3.50815,50.332013],[3.50835,50.332155],[3.508942,50.333086],[3.509387,50.333817],[3.509917,50.33478],[3.510666,50.335907],[3.512209,50.337915],[3.51641,50.336932],[3.517413,50.338731],[3.524287,50.336689],[3.525867,50.336481],[3.525926,50.33648],[3.527433,50.336281],[3.529924,50.335671],[3.530848,50.335488],[3.531911,50.335198],[3.532862,50.334915],[3.535325,50.334235],[3.537721,50.333204],[3.537409,50.332899],[3.537058,50.332467],[3.54005,50.331847],[3.541284,50.331689],[3.545683,50.331173],[3.546215,50.331861],[3.546992,50.331699],[3.550282,50.331123],[3.558507,50.330551],[3.558926,50.32968],[3.559541,50.328635],[3.559939,50.328053],[3.560305,50.327589],[3.560718,50.327119],[3.561109,50.326697],[3.561829,50.325973],[3.56239,50.325299],[3.56308,50.32428],[3.564606,50.321873],[3.564921,50.321449],[3.565279,50.32102],[3.566017,50.320275],[3.56359,50.320088],[3.563426,50.320321],[3.562585,50.320336],[3.56241,50.319985],[3.561736,50.318556],[3.55916,50.316611],[3.558728,50.316834],[3.557572,50.317291],[3.556593,50.317689],[3.556196,50.317835],[3.555741,50.317979],[3.553098,50.315598],[3.5507,50.312473],[3.551103,50.312442],[3.551751,50.312445],[3.552146,50.312426],[3.551918,50.312201],[3.551408,50.31158],[3.551041,50.311074],[3.550567,50.310456],[3.550254,50.310529],[3.550156,50.310412]]]}"
6,59038,Avesnes-le-Sec,"50.246,3.373","{""type"":""Polygon"",""coordinates"":[[[3.370888,50.267066],[3.37116,50.267031],[3.372928,50.266664],[3.374213,50.266298],[3.375393,50.265927],[3.375799,50.26575],[3.376268,50.265524],[3.376934,50.265228],[3.377188,50.265156],[3.378271,50.264955],[3.378867,50.264817],[3.379114,50.265258],[3.379609,50.266103],[3.381341,50.265265],[3.381703,50.266021],[3.383224,50.265525],[3.38383,50.265737],[3.384241,50.266014],[3.384593,50.266304],[3.384862,50.266498],[3.387653,50.265964],[3.386974,50.264502],[3.390295,50.263663],[3.389317,50.261577],[3.39052,50.261381],[3.390793,50.261344],[3.388027,50.25927],[3.387106,50.258143],[3.389548,50.257612],[3.390529,50.257253],[3.392188,50.256629],[3.390969,50.256169],[3.391843,50.25547],[3.390793,50.255389],[3.391468,50.255153],[3.391004,50.253818],[3.390041,50.252602],[3.391047,50.251993],[3.391797,50.251701],[3.391377,50.251241],[3.394481,50.249916],[3.392539,50.24778],[3.392175,50.247412],[3.393489,50.246861],[3.395055,50.246222],[3.395692,50.24593],[3.396629,50.245603],[3.397572,50.245296],[3.398333,50.245027],[3.398132,50.244852],[3.397091,50.24444],[3.396533,50.244179],[3.395877,50.24393],[3.395571,50.24383],[3.395269,50.243688],[3.39503,50.243546],[3.392737,50.242036],[3.391423,50.24116],[3.390545,50.240661],[3.389339,50.239998],[3.388896,50.239778],[3.38871,50.239647],[3.388354,50.23934],[3.387107,50.238013],[3.386434,50.237331],[3.386316,50.237229],[3.385725,50.236505],[3.385525,50.236226],[3.385292,50.23602],[3.384806,50.235713],[3.383972,50.235236],[3.383067,50.234674],[3.381284,50.233524],[3.381129,50.233402],[3.380406,50.232917],[3.379373,50.232164],[3.378801,50.23172],[3.378234,50.231153],[3.377677,50.230728],[3.377478,50.230619],[3.37679,50.230312],[3.376494,50.230194],[3.376007,50.229953],[3.375429,50.229615],[3.374891,50.229236],[3.374318,50.2288],[3.37376,50.22831],[3.372544,50.227316],[3.372186,50.227042],[3.371734,50.226647],[3.370771,50.225899],[3.370529,50.225699],[3.370347,50.225505],[3.369843,50.225091],[3.36954,50.224806],[3.367275,50.226312],[3.366391,50.226904],[3.365277,50.226283],[3.365051,50.226409],[3.364416,50.227293],[3.364018,50.227203],[3.363081,50.228392],[3.362574,50.228364],[3.360626,50.229991],[3.360844,50.230061],[3.360921,50.231398],[3.360808,50.23157],[3.360759,50.232261],[3.360631,50.232762],[3.360393,50.233477],[3.360142,50.234435],[3.359594,50.235577],[3.359429,50.235988],[3.359221,50.236437],[3.358773,50.237773],[3.358151,50.237614],[3.357454,50.240352],[3.355856,50.241686],[3.354293,50.24022],[3.353815,50.240162],[3.353713,50.240178],[3.352498,50.240601],[3.352997,50.24096],[3.347048,50.24446],[3.347017,50.244508],[3.347001,50.244851],[3.3468,50.245806],[3.346734,50.246433],[3.346699,50.248305],[3.346773,50.248763],[3.346989,50.249336],[3.347111,50.249853],[3.347241,50.250279],[3.347441,50.251001],[3.34748,50.251288],[3.347612,50.251872],[3.347679,50.252915],[3.347734,50.253143],[3.347846,50.253351],[3.348254,50.253833],[3.348435,50.254079],[3.348647,50.254423],[3.349106,50.25512],[3.349365,50.255566],[3.34949,50.255998],[3.349552,50.256795],[3.349662,50.257111],[3.350086,50.257651],[3.350304,50.257887],[3.351536,50.259107],[3.351832,50.259483],[3.351921,50.259482],[3.352338,50.259683],[3.352441,50.259807],[3.352839,50.260165],[3.354015,50.261386],[3.354245,50.261786],[3.354456,50.262115],[3.354539,50.262328],[3.354785,50.262728],[3.354894,50.262839],[3.355356,50.263659],[3.355548,50.263903],[3.355948,50.264489],[3.35615,50.264752],[3.358595,50.263495],[3.360101,50.262728],[3.360511,50.262503],[3.361492,50.261803],[3.363862,50.263684],[3.364029,50.263591],[3.365239,50.264829],[3.365595,50.265451],[3.365897,50.265822],[3.36655,50.266977],[3.367032,50.266796],[3.367377,50.267217],[3.368539,50.267008],[3.369004,50.266953],[3.369461,50.266941],[3.370286,50.267038],[3.370888,50.267066]]]}"
7,59064,Bellaing,"50.366,3.426","{""type"":""Polygon"",""coordinates"":[[[3.421589,50.353894],[3.421698,50.354145],[3.421831,50.354344],[3.419312,50.355652],[3.419066,50.355788],[3.418825,50.355846],[3.418398,50.356038],[3.417302,50.35628],[3.416892,50.356402],[3.417044,50.356573],[3.416394,50.357305],[3.417079,50.357626],[3.417256,50.357694],[3.417589,50.357674],[3.417806,50.357691],[3.418249,50.3578],[3.417818,50.358432],[3.417593,50.358697],[3.416872,50.359234],[3.416403,50.359533],[3.416273,50.359753],[3.416148,50.360135],[3.415969,50.360403],[3.415786,50.360593],[3.415469,50.360818],[3.415193,50.361124],[3.414931,50.36115],[3.414409,50.361161],[3.41404,50.361116],[3.413964,50.361164],[3.413643,50.361511],[3.413126,50.362109],[3.412783,50.362538],[3.412329,50.362497],[3.412092,50.362983],[3.412043,50.363203],[3.412091,50.36343],[3.411885,50.36377],[3.411434,50.364331],[3.410954,50.364822],[3.410603,50.365011],[3.40983,50.365673],[3.408951,50.366383],[3.408843,50.366395],[3.40847,50.366244],[3.408255,50.366246],[3.407843,50.366668],[3.407996,50.366678],[3.409917,50.367213],[3.409715,50.367906],[3.409499,50.36882],[3.410595,50.369477],[3.411102,50.369137],[3.411948,50.36849],[3.41223,50.368218],[3.412465,50.368357],[3.413443,50.368836],[3.414742,50.369421],[3.413874,50.369971],[3.416195,50.371254],[3.41609,50.371331],[3.416941,50.372076],[3.418249,50.371483],[3.418326,50.371462],[3.418892,50.371843],[3.421095,50.373218],[3.421474,50.373238],[3.422966,50.374023],[3.423171,50.375893],[3.423258,50.376191],[3.42353,50.376838],[3.424028,50.3768],[3.425679,50.376616],[3.426206,50.376817],[3.426783,50.377086],[3.42719,50.37738],[3.427535,50.377511],[3.427755,50.377646],[3.427893,50.377796],[3.428112,50.377962],[3.42945,50.377668],[3.429663,50.377635],[3.429645,50.377522],[3.429853,50.377048],[3.429915,50.376833],[3.430028,50.375909],[3.430189,50.375351],[3.430275,50.375151],[3.430581,50.374605],[3.430654,50.37427],[3.43057,50.373441],[3.430487,50.372771],[3.430384,50.372147],[3.430324,50.371966],[3.429903,50.371026],[3.430451,50.371025],[3.439098,50.370908],[3.438848,50.370582],[3.438658,50.36988],[3.438399,50.368488],[3.440474,50.368338],[3.440786,50.368599],[3.440973,50.368489],[3.44146,50.368392],[3.441597,50.368326],[3.441663,50.368215],[3.441705,50.367665],[3.441762,50.36722],[3.441859,50.366898],[3.442029,50.366559],[3.442245,50.366273],[3.443032,50.36538],[3.443392,50.364986],[3.443598,50.364596],[3.443628,50.364419],[3.44359,50.363908],[3.443358,50.363215],[3.443109,50.362964],[3.442914,50.362854],[3.442492,50.362738],[3.442254,50.36265],[3.441474,50.36203],[3.441096,50.36174],[3.440875,50.361545],[3.440786,50.361205],[3.440239,50.361488],[3.439961,50.361655],[3.439591,50.361922],[3.439623,50.362039],[3.439363,50.362496],[3.439213,50.362684],[3.438643,50.363078],[3.43836,50.363231],[3.438043,50.363357],[3.437735,50.363425],[3.437423,50.363398],[3.437157,50.363432],[3.436921,50.363516],[3.436589,50.363722],[3.436553,50.36345],[3.436188,50.362001],[3.436173,50.361811],[3.436023,50.36166],[3.435765,50.36128],[3.434971,50.360188],[3.434605,50.359705],[3.431409,50.361256],[3.43041,50.361009],[3.429984,50.360377],[3.429976,50.360289],[3.429336,50.359744],[3.429588,50.359563],[3.430217,50.359756],[3.431333,50.358952],[3.431553,50.358908],[3.43144,50.358787],[3.431608,50.357954],[3.431608,50.357629],[3.431359,50.357051],[3.431234,50.356915],[3.430899,50.356732],[3.430424,50.356529],[3.430199,50.356453],[3.429873,50.356221],[3.429551,50.355881],[3.429359,50.355707],[3.428861,50.355412],[3.428537,50.355241],[3.428048,50.355037],[3.427695,50.354931],[3.426993,50.354692],[3.425001,50.353993],[3.424304,50.353671],[3.423986,50.353365],[3.423808,50.353316],[3.423303,50.353438],[3.422963,50.353553],[3.422517,50.353748],[3.422172,50.35384],[3.421878,50.353884],[3.421589,50.353894]]]}"
8,59079,Beuvrages,"50.389,3.504","{""type"":""Polygon"",""coordinates"":[[[3.511242,50.395042],[3.512041,50.394724],[3.513035,50.394276],[3.513767,50.393916],[3.513979,50.393905],[3.514103,50.393783],[3.514923,50.393387],[3.515505,50.393085],[3.516079,50.392584],[3.516066,50.392461],[3.515579,50.391774],[3.515489,50.391591],[3.515972,50.391493],[3.516339,50.391333],[3.51647,50.391128],[3.51687,50.39019],[3.516981,50.390014],[3.517421,50.389395],[3.517651,50.389117],[3.518099,50.388695],[3.518305,50.388608],[3.517862,50.388187],[3.517681,50.388039],[3.517549,50.38801],[3.517256,50.387567],[3.516631,50.386842],[3.516652,50.386725],[3.516231,50.386335],[3.516035,50.386115],[3.515982,50.385956],[3.516004,50.385625],[3.51607,50.385557],[3.515887,50.385167],[3.515595,50.384707],[3.515238,50.384375],[3.514922,50.384196],[3.514311,50.383891],[3.514113,50.383637],[3.514058,50.383487],[3.513968,50.38306],[3.51381,50.382611],[3.512876,50.381151],[3.512522,50.380735],[3.512278,50.380482],[3.511457,50.379496],[3.51165,50.37906],[3.512053,50.378226],[3.5121,50.378035],[3.512092,50.377535],[3.512038,50.377277],[3.5118,50.376785],[3.511534,50.376322],[3.511279,50.376001],[3.510782,50.376215],[3.510315,50.376378],[3.509517,50.376685],[3.508488,50.377054],[3.507737,50.377128],[3.507763,50.377415],[3.507339,50.377319],[3.507,50.377346],[3.506798,50.377109],[3.505431,50.377611],[3.504052,50.378078],[3.50393,50.378397],[3.502281,50.380286],[3.501981,50.380612],[3.501548,50.380516],[3.498837,50.381519],[3.497828,50.381892],[3.498006,50.382541],[3.497045,50.38284],[3.498196,50.384494],[3.497222,50.384912],[3.49674,50.38572],[3.496468,50.386134],[3.494656,50.386477],[3.494909,50.386821],[3.495255,50.387141],[3.494965,50.387478],[3.494839,50.387991],[3.49371,50.388355],[3.494052,50.388786],[3.493203,50.389041],[3.492656,50.389183],[3.4922,50.389365],[3.491871,50.389558],[3.491673,50.389738],[3.491025,50.390565],[3.490653,50.391077],[3.490528,50.391216],[3.490304,50.392061],[3.490696,50.393187],[3.490703,50.393622],[3.491367,50.394058],[3.491453,50.394135],[3.491774,50.394314],[3.492118,50.394765],[3.492194,50.395049],[3.492301,50.395193],[3.492442,50.395264],[3.494248,50.395819],[3.495142,50.396227],[3.495214,50.396275],[3.495632,50.396328],[3.496949,50.396196],[3.497208,50.396255],[3.497756,50.395725],[3.498234,50.395876],[3.499071,50.395762],[3.499204,50.395723],[3.499684,50.395498],[3.500571,50.395122],[3.500693,50.395053],[3.50102,50.394965],[3.50148,50.394919],[3.502095,50.394913],[3.50251,50.394982],[3.502873,50.39507],[3.50355,50.395204],[3.504088,50.395354],[3.503829,50.396869],[3.503671,50.397596],[3.503435,50.398411],[3.502947,50.399794],[3.502665,50.40077],[3.503196,50.400814],[3.504117,50.40092],[3.506135,50.401125],[3.50732,50.401274],[3.508314,50.40137],[3.508468,50.401326],[3.508725,50.400725],[3.508929,50.400209],[3.509419,50.398919],[3.509654,50.398419],[3.509814,50.398013],[3.509943,50.397607],[3.510834,50.395371],[3.510917,50.39523],[3.511242,50.395042]]]}"
9,59092,Bouchain,"50.279,3.316","{""type"":""Polygon"",""coordinates"":[[[3.29479,50.280418],[3.294532,50.280674],[3.294079,50.28132],[3.293928,50.281497],[3.293631,50.281733],[3.293009,50.282123],[3.301558,50.288931],[3.300594,50.289474],[3.301514,50.290375],[3.300873,50.290545],[3.299865,50.290837],[3.298406,50.291227],[3.294164,50.292526],[3.292432,50.293081],[3.291319,50.29343],[3.290664,50.29362],[3.289655,50.293952],[3.288894,50.294262],[3.288115,50.294674],[3.287588,50.295046],[3.286349,50.295815],[3.285567,50.296259],[3.28516,50.296424],[3.284561,50.296577],[3.284814,50.296705],[3.285429,50.296947],[3.285679,50.297022],[3.287062,50.297437],[3.288984,50.298127],[3.290002,50.298468],[3.291188,50.297824],[3.290897,50.297623],[3.291556,50.297218],[3.29193,50.297428],[3.292691,50.296952],[3.293012,50.297145],[3.294077,50.297853],[3.295302,50.297006],[3.295648,50.29721],[3.296547,50.296703],[3.297167,50.298415],[3.299809,50.298639],[3.29958,50.299152],[3.304315,50.300096],[3.304646,50.29941],[3.306463,50.2997],[3.308008,50.299552],[3.308479,50.298801],[3.3085,50.29872],[3.309553,50.299121],[3.311087,50.299388],[3.313386,50.299282],[3.315365,50.299436],[3.317445,50.299411],[3.318475,50.299173],[3.319429,50.298538],[3.322524,50.297671],[3.322976,50.298292],[3.323404,50.298829],[3.324016,50.299634],[3.328197,50.299291],[3.326608,50.296576],[3.32729,50.296311],[3.327862,50.297283],[3.329612,50.29679],[3.330829,50.297552],[3.331633,50.296956],[3.332901,50.296724],[3.333149,50.296925],[3.335056,50.298326],[3.32973,50.299179],[3.330212,50.300836],[3.330428,50.30164],[3.330463,50.301826],[3.330426,50.30192],[3.330622,50.301912],[3.332418,50.301982],[3.333374,50.302094],[3.333638,50.302136],[3.334386,50.30231],[3.334882,50.302525],[3.335323,50.302667],[3.335545,50.302711],[3.336046,50.302757],[3.33633,50.302856],[3.337906,50.303357],[3.337889,50.303498],[3.338051,50.303928],[3.338537,50.30422],[3.338111,50.30448],[3.338077,50.304631],[3.33866,50.305182],[3.338928,50.305012],[3.339635,50.30548],[3.33969,50.30599],[3.3398,50.305937],[3.340078,50.306219],[3.340702,50.306349],[3.343385,50.306941],[3.34421,50.306581],[3.344477,50.306531],[3.345728,50.306255],[3.347122,50.306822],[3.347611,50.306268],[3.348802,50.304528],[3.348971,50.304213],[3.349087,50.303913],[3.349305,50.303071],[3.349435,50.302755],[3.349687,50.302349],[3.349857,50.302142],[3.350292,50.301672],[3.349368,50.301215],[3.349737,50.300981],[3.34951,50.300443],[3.348885,50.300049],[3.348232,50.299657],[3.347863,50.29922],[3.347682,50.299077],[3.347147,50.298902],[3.34667,50.298583],[3.345968,50.298269],[3.345655,50.298101],[3.345461,50.298081],[3.342773,50.296787],[3.34239,50.296706],[3.342075,50.296575],[3.341743,50.296405],[3.341421,50.296189],[3.341186,50.29606],[3.340891,50.295793],[3.340476,50.295665],[3.339695,50.295301],[3.339426,50.295057],[3.339165,50.294664],[3.339106,50.294413],[3.338868,50.294034],[3.338763,50.293806],[3.33847,50.29356],[3.338041,50.293365],[3.337935,50.29327],[3.337791,50.293048],[3.335462,50.289363],[3.333947,50.286968],[3.33393,50.286588],[3.333158,50.286129],[3.333154,50.285798],[3.332948,50.28508],[3.333196,50.284951],[3.3342,50.284387],[3.334269,50.284337],[3.333281,50.283365],[3.332714,50.281947],[3.332009,50.281204],[3.330587,50.279611],[3.329929,50.278939],[3.331989,50.27799],[3.332064,50.277954],[3.331634,50.277485],[3.330908,50.277175],[3.326486,50.275419],[3.325292,50.275726],[3.324802,50.275732],[3.324793,50.275556],[3.324691,50.275051],[3.324496,50.274335],[3.324103,50.274251],[3.323724,50.274119],[3.323343,50.273919],[3.322337,50.273442],[3.321438,50.272889],[3.320664,50.272071],[3.321337,50.27171],[3.32058,50.270312],[3.318745,50.270069],[3.31804,50.269923],[3.317503,50.269432],[3.316335,50.269556],[3.315988,50.269729],[3.315556,50.269369],[3.314614,50.269935],[3.313559,50.269295],[3.312654,50.268847],[3.312263,50.268613],[3.311933,50.268453],[3.311582,50.268164],[3.311451,50.267921],[3.311346,50.267527],[3.311082,50.267243],[3.310756,50.267064],[3.310393,50.26695],[3.310269,50.266854],[3.309971,50.2667],[3.309369,50.266521],[3.308911,50.266332],[3.308598,50.266042],[3.308173,50.265719],[3.307924,50.265472],[3.30783,50.265257],[3.30787,50.265146],[3.308367,50.264875],[3.308549,50.264806],[3.30898,50.264405],[3.309197,50.264092],[3.309245,50.263845],[3.30905,50.263241],[3.309006,50.263037],[3.30881,50.262684],[3.308589,50.262399],[3.308277,50.262055],[3.308141,50.261635],[3.308038,50.261048],[3.307949,50.260896],[3.307683,50.260667],[3.307486,50.260353],[3.307154,50.259306],[3.307064,50.259102],[3.306792,50.258803],[3.306776,50.258684],[3.306653,50.25842],[3.306661,50.258127],[3.306571,50.257636],[3.306397,50.257197],[3.306325,50.25688],[3.306059,50.256002],[3.305977,50.255615],[3.305685,50.254833],[3.305663,50.254559],[3.305433,50.25459],[3.30531,50.254282],[3.304851,50.253536],[3.304389,50.253708],[3.304168,50.253837],[3.304033,50.253991],[3.303759,50.254529],[3.303621,50.254726],[3.303364,50.254926],[3.297732,50.25561],[3.292115,50.251802],[3.289471,50.250049],[3.289201,50.251077],[3.288902,50.252395],[3.2887,50.253059],[3.288062,50.253853],[3.287166,50.253978],[3.286083,50.253642],[3.286029,50.253209],[3.284933,50.253099],[3.282773,50.252283],[3.282615,50.252594],[3.282584,50.252797],[3.282643,50.253011],[3.283009,50.253237],[3.283232,50.253529],[3.283389,50.253693],[3.283519,50.253769],[3.283966,50.253921],[3.28412,50.254054],[3.284573,50.255316],[3.284614,50.255599],[3.285528,50.257151],[3.285687,50.257482],[3.285652,50.257637],[3.285475,50.25779],[3.285006,50.258299],[3.284613,50.259007],[3.284314,50.259688],[3.284275,50.259823],[3.284294,50.259994],[3.284549,50.26025],[3.284563,50.260581],[3.284194,50.261499],[3.284226,50.261669],[3.284724,50.261856],[3.284855,50.261973],[3.28524,50.262539],[3.285239,50.262948],[3.285106,50.263973],[3.285179,50.264274],[3.285597,50.264342],[3.286326,50.264494],[3.287846,50.264874],[3.287985,50.265014],[3.288001,50.265167],[3.287842,50.26571],[3.2876,50.266232],[3.287553,50.267135],[3.287677,50.267243],[3.288833,50.267636],[3.289048,50.267872],[3.289392,50.268593],[3.289511,50.268731],[3.289722,50.268873],[3.290169,50.269033],[3.290688,50.269278],[3.291131,50.269533],[3.291794,50.269892],[3.29202,50.26998],[3.292117,50.27009],[3.292095,50.270185],[3.2919,50.270532],[3.291748,50.270732],[3.291569,50.270907],[3.291292,50.271372],[3.291174,50.271684],[3.291192,50.271874],[3.291363,50.272266],[3.291486,50.273375],[3.291669,50.273548],[3.292141,50.273791],[3.293218,50.274368],[3.293827,50.274597],[3.294221,50.274773],[3.294634,50.275002],[3.29491,50.275298],[3.295107,50.27547],[3.295305,50.275561],[3.295783,50.275724],[3.296141,50.275884],[3.296288,50.275916],[3.296522,50.2762],[3.296979,50.276591],[3.297552,50.276827],[3.29782,50.276968],[3.298304,50.277327],[3.298874,50.277723],[3.299104,50.277797],[3.299334,50.277826],[3.300526,50.278025],[3.30046,50.278416],[3.29982,50.278404],[3.299778,50.278471],[3.29956,50.278533],[3.299144,50.278592],[3.298632,50.278745],[3.297773,50.278933],[3.297834,50.279544],[3.297353,50.279676],[3.296918,50.27984],[3.296302,50.279934],[3.295279,50.28019],[3.295036,50.280284],[3.29479,50.280418]]]}"
10,59112,Bruay-sur-l'Escaut,"50.397,3.538","{""type"":""Polygon"",""coordinates"":[[[3.518305,50.388608],[3.518099,50.388695],[3.517651,50.389117],[3.517421,50.389395],[3.516981,50.390014],[3.51687,50.39019],[3.51647,50.391128],[3.516339,50.391333],[3.515972,50.391493],[3.515489,50.391591],[3.515579,50.391774],[3.516066,50.392461],[3.516079,50.392584],[3.515505,50.393085],[3.514923,50.393387],[3.514103,50.393783],[3.513979,50.393905],[3.513767,50.393916],[3.513035,50.394276],[3.512041,50.394724],[3.511242,50.395042],[3.514155,50.398658],[3.515593,50.400454],[3.517398,50.39972],[3.517449,50.399782],[3.517329,50.399892],[3.517265,50.40011],[3.518238,50.401561],[3.518512,50.401985],[3.519254,50.401684],[3.519871,50.40136],[3.519801,50.401272],[3.520302,50.401073],[3.520866,50.400816],[3.521106,50.400683],[3.521271,50.400534],[3.521848,50.400172],[3.522393,50.399903],[3.522696,50.399869],[3.523045,50.399788],[3.523575,50.39972],[3.524044,50.399736],[3.524702,50.399879],[3.525097,50.399992],[3.525052,50.400033],[3.526484,50.40057],[3.526375,50.400628],[3.526481,50.400714],[3.526162,50.40093],[3.526102,50.401102],[3.526459,50.401401],[3.526941,50.401636],[3.527368,50.402109],[3.527337,50.402368],[3.527163,50.40275],[3.527238,50.402934],[3.527405,50.403024],[3.527578,50.402858],[3.5278,50.402927],[3.528281,50.402997],[3.52846,50.402963],[3.528877,50.403176],[3.529428,50.403529],[3.530074,50.404201],[3.530385,50.404915],[3.530521,50.405161],[3.530756,50.405278],[3.530943,50.4053],[3.531358,50.405262],[3.531803,50.405313],[3.532096,50.405439],[3.532746,50.405824],[3.533602,50.406206],[3.534244,50.406324],[3.534695,50.406388],[3.536031,50.40687],[3.5363,50.406889],[3.536606,50.406997],[3.537674,50.407428],[3.538159,50.407658],[3.538009,50.407826],[3.538133,50.407924],[3.539359,50.408369],[3.540076,50.408531],[3.540273,50.408555],[3.542224,50.409135],[3.542815,50.409328],[3.543818,50.409813],[3.544437,50.410048],[3.544824,50.410233],[3.545394,50.410459],[3.545788,50.410648],[3.546375,50.411036],[3.546899,50.411426],[3.547484,50.41183],[3.547831,50.412148],[3.547981,50.41236],[3.548481,50.413345],[3.548721,50.413572],[3.548967,50.413702],[3.549299,50.413803],[3.557173,50.410487],[3.557398,50.410386],[3.55772,50.410288],[3.55815,50.410195],[3.55856,50.410138],[3.561471,50.409401],[3.56225,50.409251],[3.562585,50.409214],[3.56334,50.409196],[3.56384,50.409219],[3.563929,50.409273],[3.564053,50.409453],[3.564322,50.40941],[3.564744,50.40938],[3.564918,50.409301],[3.565038,50.409173],[3.565153,50.408793],[3.565068,50.408664],[3.564817,50.408419],[3.564559,50.408205],[3.564331,50.407913],[3.564199,50.407537],[3.564204,50.407076],[3.564268,50.406717],[3.564358,50.406584],[3.564624,50.406502],[3.564774,50.406408],[3.565018,50.406143],[3.565114,50.405962],[3.565221,50.405591],[3.565172,50.405457],[3.564992,50.405232],[3.564627,50.405004],[3.564329,50.404955],[3.562477,50.406432],[3.560854,50.405713],[3.560234,50.405346],[3.559805,50.405011],[3.559642,50.404916],[3.559441,50.404856],[3.559254,50.404856],[3.559035,50.404766],[3.55859,50.404255],[3.558393,50.403987],[3.558227,50.403851],[3.557726,50.403497],[3.557606,50.403338],[3.557538,50.403086],[3.557749,50.402776],[3.557836,50.402556],[3.555148,50.401376],[3.554658,50.401007],[3.554457,50.400882],[3.551797,50.399547],[3.551554,50.399092],[3.550969,50.397344],[3.551331,50.395951],[3.551161,50.39582],[3.550045,50.395742],[3.549812,50.395602],[3.549936,50.394896],[3.54993,50.394709],[3.549757,50.394442],[3.548732,50.393377],[3.548684,50.39322],[3.548759,50.39303],[3.548977,50.392804],[3.549359,50.392561],[3.549559,50.392494],[3.549984,50.392472],[3.550583,50.392492],[3.550892,50.392351],[3.551185,50.392132],[3.551388,50.391808],[3.551266,50.3911],[3.551086,50.390598],[3.550832,50.390383],[3.549644,50.389829],[3.549401,50.389431],[3.54948,50.389233],[3.549642,50.389051],[3.549977,50.388974],[3.550999,50.389075],[3.551223,50.389],[3.551361,50.388897],[3.551502,50.388713],[3.551588,50.388516],[3.551585,50.38834],[3.551411,50.388194],[3.549798,50.388259],[3.549689,50.388212],[3.549605,50.388054],[3.549653,50.388006],[3.55106,50.386327],[3.551298,50.386239],[3.551649,50.386204],[3.551747,50.386084],[3.551731,50.385805],[3.551118,50.385446],[3.550624,50.385426],[3.549687,50.385923],[3.549394,50.385943],[3.549118,50.385904],[3.548856,50.385787],[3.548677,50.385619],[3.548697,50.385292],[3.548812,50.385108],[3.549383,50.384345],[3.549339,50.384237],[3.549188,50.38417],[3.548867,50.384092],[3.548204,50.383965],[3.548048,50.383824],[3.548361,50.383685],[3.549428,50.383154],[3.549575,50.382892],[3.549477,50.382735],[3.549166,50.382574],[3.548743,50.382171],[3.548079,50.381686],[3.54695,50.381234],[3.545638,50.380957],[3.545379,50.380881],[3.545104,50.380657],[3.544962,50.380486],[3.543361,50.380847],[3.543456,50.380252],[3.542809,50.379644],[3.542608,50.379716],[3.542038,50.379856],[3.540871,50.380122],[3.541383,50.387531],[3.537389,50.385684],[3.53322,50.38432],[3.532796,50.384019],[3.532445,50.383627],[3.532308,50.383747],[3.532375,50.384048],[3.532241,50.384589],[3.53204,50.38495],[3.531786,50.385236],[3.531387,50.385475],[3.531145,50.385541],[3.531118,50.38548],[3.530291,50.385225],[3.529948,50.38507],[3.529716,50.384895],[3.529494,50.384651],[3.529263,50.384331],[3.528971,50.384164],[3.528426,50.38398],[3.52782,50.383799],[3.527007,50.383627],[3.526471,50.383538],[3.52626,50.383522],[3.525329,50.383492],[3.525343,50.384001],[3.525379,50.384238],[3.525483,50.384572],[3.525836,50.385395],[3.526031,50.38603],[3.526067,50.386385],[3.526044,50.386679],[3.525973,50.386819],[3.525561,50.386756],[3.525134,50.386471],[3.524843,50.386325],[3.524701,50.386328],[3.524479,50.386403],[3.523526,50.386773],[3.52315,50.3869],[3.520516,50.387722],[3.51973,50.387949],[3.519529,50.388066],[3.518856,50.388264],[3.518377,50.388541],[3.518305,50.388608]]]}"
11,59114,Bruille-Saint-Amand,"50.464,3.507","{""type"":""Polygon"",""coordinates"":[[[3.509199,50.449522],[3.507855,50.450507],[3.506918,50.451181],[3.505799,50.452006],[3.505296,50.45236],[3.503553,50.453642],[3.502548,50.454314],[3.498876,50.457],[3.498672,50.457129],[3.49815,50.457542],[3.4962,50.458939],[3.495996,50.459094],[3.495206,50.459697],[3.494939,50.459858],[3.493639,50.460813],[3.493357,50.461005],[3.493003,50.46131],[3.492076,50.462332],[3.491816,50.462505],[3.491522,50.462651],[3.490787,50.46298],[3.490573,50.46309],[3.489814,50.463559],[3.489138,50.46404],[3.48876,50.464327],[3.487728,50.465085],[3.486777,50.465814],[3.485882,50.466433],[3.484015,50.467565],[3.483454,50.467932],[3.482978,50.468265],[3.48267,50.468507],[3.482487,50.468705],[3.48233,50.469007],[3.482009,50.469285],[3.480819,50.470182],[3.479545,50.471134],[3.479262,50.471371],[3.478897,50.471625],[3.478335,50.472057],[3.478503,50.47211],[3.479169,50.472254],[3.480253,50.472449],[3.480504,50.472517],[3.481093,50.472765],[3.481568,50.472997],[3.482305,50.473433],[3.482676,50.473638],[3.483056,50.473882],[3.483405,50.474242],[3.483479,50.474349],[3.483884,50.474734],[3.484431,50.475321],[3.484682,50.475662],[3.484688,50.475876],[3.484637,50.476068],[3.48464,50.476404],[3.484534,50.477054],[3.484473,50.477316],[3.484374,50.478123],[3.484342,50.478179],[3.484481,50.478296],[3.485772,50.479096],[3.486145,50.479294],[3.486376,50.479454],[3.486485,50.479576],[3.486901,50.480539],[3.487556,50.481946],[3.489175,50.482749],[3.490106,50.483788],[3.491183,50.484787],[3.491319,50.48494],[3.4925,50.48603],[3.493686,50.48599],[3.49543,50.486809],[3.495924,50.486843],[3.49631,50.486558],[3.496525,50.485872],[3.497159,50.485303],[3.497572,50.485116],[3.497773,50.484938],[3.497799,50.484655],[3.497849,50.48453],[3.495967,50.483635],[3.49752,50.482631],[3.497817,50.481629],[3.497611,50.481097],[3.497559,50.480841],[3.497587,50.480682],[3.497772,50.480472],[3.498187,50.480321],[3.498644,50.48026],[3.499199,50.480276],[3.500001,50.480367],[3.500481,50.480383],[3.501123,50.480303],[3.50146,50.480244],[3.50167,50.480143],[3.501852,50.479888],[3.502045,50.479435],[3.502214,50.478992],[3.502381,50.478344],[3.502798,50.477269],[3.508376,50.474052],[3.509395,50.473513],[3.509672,50.473403],[3.509878,50.473261],[3.510037,50.473024],[3.510086,50.472607],[3.510059,50.472389],[3.509884,50.471678],[3.509941,50.471402],[3.510181,50.471232],[3.510374,50.471196],[3.510889,50.471209],[3.511308,50.471172],[3.51169,50.471082],[3.512233,50.470865],[3.513048,50.470519],[3.513472,50.470386],[3.513646,50.470371],[3.514045,50.470411],[3.514519,50.470545],[3.51472,50.470567],[3.515074,50.470534],[3.516013,50.470227],[3.516704,50.469945],[3.517348,50.469585],[3.517759,50.469478],[3.518232,50.469512],[3.518835,50.469667],[3.519199,50.469809],[3.519664,50.470028],[3.520181,50.470223],[3.520868,50.470189],[3.523258,50.468607],[3.52545,50.468401],[3.526016,50.468338],[3.526791,50.468183],[3.527499,50.467981],[3.527866,50.467807],[3.528085,50.467629],[3.528277,50.46735],[3.528466,50.46685],[3.528721,50.465936],[3.528842,50.465845],[3.529777,50.464799],[3.529983,50.464629],[3.530305,50.464463],[3.530777,50.464324],[3.531136,50.464309],[3.531468,50.464347],[3.531994,50.464485],[3.532114,50.464542],[3.532831,50.464783],[3.533181,50.464771],[3.533443,50.464542],[3.534218,50.463353],[3.534514,50.462845],[3.535522,50.462176],[3.53474,50.46167],[3.534641,50.461648],[3.534389,50.461451],[3.533126,50.460544],[3.532612,50.460317],[3.532473,50.460197],[3.532331,50.459914],[3.531944,50.459639],[3.530909,50.458795],[3.530398,50.458352],[3.529818,50.457877],[3.529689,50.457718],[3.528545,50.456527],[3.528465,50.456372],[3.528051,50.456036],[3.527866,50.45586],[3.527648,50.45573],[3.527409,50.455487],[3.527109,50.455262],[3.526956,50.455074],[3.526644,50.454786],[3.52627,50.454401],[3.52613,50.454344],[3.52597,50.454021],[3.52571,50.453936],[3.525427,50.453775],[3.52532,50.453622],[3.525279,50.453304],[3.524897,50.453013],[3.524623,50.45274],[3.524343,50.452551],[3.524161,50.452325],[3.52397,50.452241],[3.523894,50.45207],[3.523488,50.451988],[3.523156,50.451848],[3.522549,50.451529],[3.521992,50.451031],[3.521582,50.450606],[3.521242,50.450225],[3.520926,50.449939],[3.520396,50.449536],[3.519912,50.44923],[3.519624,50.449024],[3.519284,50.448695],[3.518996,50.448521],[3.518717,50.448501],[3.518306,50.448326],[3.517841,50.448012],[3.51729,50.447773],[3.516997,50.447671],[3.516781,50.447546],[3.516493,50.447069],[3.516388,50.446782],[3.516312,50.446713],[3.516124,50.446668],[3.51604,50.446562],[3.516117,50.446318],[3.516073,50.446223],[3.515739,50.446087],[3.517822,50.445004],[3.518447,50.444708],[3.519841,50.444071],[3.520014,50.444004],[3.520327,50.443826],[3.521242,50.443364],[3.522308,50.442837],[3.523213,50.442306],[3.522735,50.44191],[3.521574,50.441052],[3.521251,50.44103],[3.521036,50.441157],[3.520811,50.441437],[3.520683,50.441555],[3.520345,50.441745],[3.519813,50.441957],[3.519497,50.442003],[3.519238,50.44225],[3.518729,50.4426],[3.517808,50.443291],[3.516706,50.444102],[3.515852,50.444704],[3.513857,50.446188],[3.513319,50.446574],[3.512747,50.446968],[3.510991,50.448249],[3.509199,50.449522]]]}"
12,59144,Château-l'Abbaye,"50.485,3.472","{""type"":""Polygon"",""coordinates"":[[[3.4925,50.48603],[3.491319,50.48494],[3.491183,50.484787],[3.490106,50.483788],[3.489175,50.482749],[3.487556,50.481946],[3.486901,50.480539],[3.486485,50.479576],[3.486376,50.479454],[3.486145,50.479294],[3.485772,50.479096],[3.484481,50.478296],[3.484342,50.478179],[3.484374,50.478123],[3.484473,50.477316],[3.484534,50.477054],[3.48464,50.476404],[3.484637,50.476068],[3.484688,50.475876],[3.484682,50.475662],[3.484431,50.475321],[3.483884,50.474734],[3.483479,50.474349],[3.483405,50.474242],[3.483056,50.473882],[3.482676,50.473638],[3.482305,50.473433],[3.481568,50.472997],[3.481093,50.472765],[3.480504,50.472517],[3.480253,50.472449],[3.479169,50.472254],[3.478503,50.47211],[3.478335,50.472057],[3.477963,50.472336],[3.47742,50.472781],[3.476655,50.473391],[3.476472,50.473523],[3.475221,50.473705],[3.474288,50.473972],[3.473982,50.474032],[3.473219,50.474275],[3.469033,50.475238],[3.468435,50.474926],[3.467984,50.474815],[3.467622,50.474696],[3.466915,50.474505],[3.466256,50.474369],[3.465361,50.474207],[3.465093,50.474589],[3.464954,50.474957],[3.464764,50.476315],[3.464547,50.477312],[3.464394,50.47772],[3.464382,50.477751],[3.462966,50.479433],[3.462875,50.479645],[3.462894,50.479927],[3.463011,50.480206],[3.463582,50.481046],[3.463778,50.481401],[3.463979,50.481604],[3.464153,50.481736],[3.464535,50.482305],[3.464975,50.482713],[3.465941,50.483395],[3.46599,50.483391],[3.466389,50.483573],[3.467912,50.485419],[3.4678,50.485873],[3.467578,50.486079],[3.467287,50.486252],[3.466621,50.486517],[3.4661,50.486786],[3.465961,50.486892],[3.465615,50.487248],[3.465325,50.487355],[3.464734,50.487376],[3.46407,50.487443],[3.463751,50.48756],[3.463492,50.487761],[3.462853,50.488144],[3.462,50.488692],[3.460967,50.489199],[3.460552,50.48948],[3.460286,50.489794],[3.460206,50.490017],[3.459879,50.490797],[3.459786,50.490958],[3.459656,50.491086],[3.459439,50.491185],[3.4586,50.491259],[3.456286,50.491529],[3.455952,50.491145],[3.455785,50.491034],[3.455429,50.490917],[3.455104,50.490893],[3.453356,50.490841],[3.452776,50.490867],[3.452603,50.49093],[3.452463,50.491035],[3.452561,50.491171],[3.452456,50.491428],[3.452315,50.491616],[3.452026,50.49193],[3.451751,50.492313],[3.451759,50.492448],[3.451868,50.492548],[3.452197,50.49258],[3.452948,50.492524],[3.453245,50.492744],[3.453722,50.492774],[3.454377,50.492173],[3.454655,50.492284],[3.455511,50.491843],[3.459405,50.49377],[3.460849,50.494568],[3.460844,50.494647],[3.461188,50.494871],[3.461251,50.494972],[3.461594,50.494944],[3.461932,50.495159],[3.4622,50.495388],[3.462419,50.495497],[3.462722,50.495606],[3.463449,50.495718],[3.463732,50.495798],[3.464717,50.496205],[3.464201,50.49677],[3.466553,50.497791],[3.4668,50.497923],[3.467336,50.498161],[3.467716,50.498048],[3.468217,50.49802],[3.469316,50.498044],[3.470078,50.498016],[3.470883,50.497817],[3.471269,50.497669],[3.471873,50.497698],[3.472062,50.497751],[3.472659,50.497817],[3.473699,50.497694],[3.475059,50.497426],[3.475712,50.497311],[3.476484,50.497216],[3.47716,50.497095],[3.477472,50.496959],[3.478732,50.495395],[3.480112,50.494982],[3.480853,50.494684],[3.481318,50.49461],[3.482409,50.49458],[3.482808,50.494535],[3.48333,50.494391],[3.483782,50.494462],[3.484201,50.494652],[3.484602,50.494865],[3.48479,50.494879],[3.484981,50.494789],[3.485087,50.494496],[3.48509,50.494238],[3.484997,50.493897],[3.484934,50.493554],[3.484974,50.493308],[3.485241,50.492968],[3.485623,50.492249],[3.485703,50.49188],[3.485803,50.491554],[3.485883,50.491122],[3.486152,50.490111],[3.4861,50.489965],[3.486833,50.489515],[3.488254,50.489805],[3.488589,50.489917],[3.488762,50.490084],[3.489011,50.490513],[3.489149,50.490797],[3.489387,50.490986],[3.48989,50.491185],[3.49048,50.491213],[3.490543,50.49109],[3.491024,50.490734],[3.491827,50.490244],[3.491971,50.490069],[3.491989,50.489881],[3.491891,50.489791],[3.491395,50.4895],[3.491259,50.489329],[3.491364,50.489065],[3.492056,50.488676],[3.492254,50.488499],[3.491664,50.486549],[3.4925,50.48603]]]}"
13,59153,Condé-sur-l'Escaut,"50.466,3.611","{""type"":""Polygon"",""coordinates"":[[[3.585406,50.490525],[3.585633,50.490536],[3.592396,50.491247],[3.593811,50.491384],[3.595899,50.492079],[3.596447,50.492278],[3.597103,50.492535],[3.598154,50.492999],[3.60051,50.49408],[3.601208,50.494435],[3.601866,50.494784],[3.602359,50.495026],[3.603059,50.495333],[3.603825,50.49563],[3.604098,50.495699],[3.604676,50.495896],[3.605076,50.496061],[3.605906,50.496355],[3.606702,50.496799],[3.60754,50.49723],[3.607618,50.497166],[3.608296,50.496747],[3.60862,50.496493],[3.615218,50.490415],[3.619182,50.486764],[3.62642,50.48312],[3.629341,50.481677],[3.632506,50.479952],[3.632159,50.479886],[3.63197,50.479935],[3.631574,50.479863],[3.631285,50.479853],[3.631099,50.479712],[3.630692,50.479569],[3.630482,50.479401],[3.630196,50.47922],[3.630505,50.478837],[3.6313,50.47795],[3.631266,50.477932],[3.631922,50.476859],[3.632145,50.476512],[3.632275,50.476411],[3.632276,50.476207],[3.632209,50.47575],[3.632717,50.475],[3.632987,50.474656],[3.633373,50.473944],[3.634268,50.472738],[3.634421,50.472385],[3.634595,50.472132],[3.634955,50.471464],[3.635129,50.471206],[3.636085,50.470429],[3.636407,50.470112],[3.636679,50.469794],[3.637715,50.468435],[3.638053,50.468117],[3.639098,50.467182],[3.640294,50.466178],[3.640495,50.465978],[3.641141,50.465439],[3.643422,50.46334],[3.642778,50.463039],[3.642291,50.462842],[3.642101,50.46264],[3.642108,50.462495],[3.642485,50.462129],[3.642905,50.461866],[3.642922,50.461732],[3.642768,50.461501],[3.642361,50.461384],[3.64188,50.461721],[3.641518,50.461937],[3.641116,50.462044],[3.640696,50.462084],[3.640503,50.461716],[3.640365,50.461062],[3.639871,50.460875],[3.63969,50.460858],[3.63877,50.460927],[3.638386,50.46092],[3.63773,50.46073],[3.637661,50.460536],[3.637661,50.460375],[3.638043,50.459892],[3.638052,50.459727],[3.637959,50.459605],[3.637416,50.459578],[3.637285,50.459602],[3.637035,50.459829],[3.636802,50.460166],[3.636681,50.460271],[3.63648,50.460299],[3.635844,50.45991],[3.63473,50.45925],[3.634523,50.459202],[3.634353,50.459217],[3.633795,50.459369],[3.633553,50.459379],[3.633306,50.459315],[3.632736,50.459033],[3.632205,50.458894],[3.631315,50.458714],[3.630763,50.458579],[3.630497,50.458531],[3.629803,50.458461],[3.629637,50.458409],[3.629126,50.458138],[3.62853,50.457775],[3.627826,50.457493],[3.627534,50.457342],[3.627361,50.457183],[3.627283,50.456939],[3.627305,50.456767],[3.627393,50.456606],[3.627851,50.456244],[3.62795,50.45591],[3.627924,50.455742],[3.627371,50.455646],[3.626919,50.455601],[3.626328,50.455641],[3.625828,50.455582],[3.625586,50.455442],[3.62559,50.455188],[3.625717,50.454982],[3.625976,50.454715],[3.626031,50.454593],[3.626022,50.454423],[3.62573,50.454354],[3.625502,50.454353],[3.624784,50.45443],[3.623859,50.454614],[3.623235,50.454333],[3.622911,50.453355],[3.622679,50.453241],[3.62217,50.453333],[3.621731,50.453342],[3.621079,50.453249],[3.620434,50.453084],[3.618847,50.452385],[3.617763,50.451931],[3.617112,50.451612],[3.616553,50.451315],[3.6163,50.451295],[3.615888,50.451344],[3.615175,50.451401],[3.61439,50.451256],[3.613992,50.451214],[3.612673,50.451195],[3.611971,50.451225],[3.611682,50.451115],[3.611638,50.45102],[3.611565,50.450524],[3.611506,50.45042],[3.611342,50.45044],[3.610391,50.450772],[3.610209,50.450823],[3.610049,50.450813],[3.605033,50.447997],[3.603395,50.44785],[3.603602,50.44682],[3.604102,50.446899],[3.605048,50.446966],[3.605708,50.447069],[3.605753,50.446661],[3.605835,50.446598],[3.605866,50.446188],[3.60703,50.445685],[3.607159,50.445548],[3.607529,50.445444],[3.607799,50.445467],[3.608323,50.445634],[3.609179,50.445952],[3.609345,50.446035],[3.610132,50.445381],[3.61069,50.445413],[3.611277,50.445419],[3.611649,50.445406],[3.612038,50.445362],[3.612457,50.445135],[3.613538,50.444451],[3.613287,50.444239],[3.613598,50.444079],[3.614317,50.443669],[3.614717,50.443354],[3.614556,50.443083],[3.614469,50.44287],[3.614958,50.442742],[3.615347,50.442503],[3.616714,50.442046],[3.617222,50.441836],[3.617752,50.441754],[3.618006,50.441684],[3.618325,50.441524],[3.618756,50.441418],[3.618972,50.44128],[3.618962,50.440571],[3.61942,50.4402],[3.620021,50.439671],[3.620128,50.439611],[3.62162,50.438988],[3.61951,50.438373],[3.618439,50.437972],[3.61868,50.437686],[3.61462,50.436428],[3.614542,50.436537],[3.612404,50.435892],[3.611259,50.435596],[3.609573,50.435077],[3.608735,50.435319],[3.607691,50.435687],[3.607269,50.435861],[3.606636,50.436097],[3.605644,50.436454],[3.605375,50.436523],[3.604193,50.436991],[3.603843,50.437109],[3.603748,50.437185],[3.602083,50.437911],[3.601836,50.437976],[3.600975,50.43839],[3.599992,50.43888],[3.599629,50.439089],[3.599353,50.439287],[3.599226,50.43952],[3.599142,50.439788],[3.599185,50.440092],[3.599058,50.44025],[3.598959,50.440499],[3.598821,50.440702],[3.598607,50.440892],[3.598554,50.441011],[3.59822,50.441198],[3.597729,50.441328],[3.597401,50.441476],[3.596992,50.44171],[3.596374,50.442001],[3.596031,50.442231],[3.595498,50.442831],[3.595287,50.442979],[3.594947,50.443112],[3.59479,50.443253],[3.594169,50.443501],[3.59397,50.443565],[3.592645,50.443836],[3.59241,50.443963],[3.592287,50.444242],[3.592139,50.444673],[3.591979,50.444518],[3.59124,50.444025],[3.59075,50.444191],[3.590472,50.44397],[3.590326,50.44404],[3.590211,50.44392],[3.590027,50.443822],[3.589418,50.443627],[3.58893,50.443515],[3.588226,50.444356],[3.587556,50.44456],[3.587112,50.444566],[3.586873,50.444607],[3.586547,50.444754],[3.586606,50.445205],[3.586342,50.445224],[3.58634,50.44538],[3.584983,50.445384],[3.584701,50.445053],[3.58456,50.445021],[3.582782,50.445438],[3.583686,50.447229],[3.582929,50.447409],[3.582576,50.447521],[3.583042,50.448179],[3.582448,50.448152],[3.581462,50.449063],[3.582655,50.4498],[3.581975,50.450093],[3.581521,50.450315],[3.579522,50.451174],[3.581354,50.452682],[3.581601,50.453083],[3.581198,50.453151],[3.581826,50.45421],[3.582114,50.454508],[3.583027,50.455835],[3.58362,50.456532],[3.583963,50.456813],[3.583033,50.457507],[3.582421,50.45795],[3.582173,50.458107],[3.581171,50.458651],[3.582679,50.459501],[3.581432,50.460146],[3.581293,50.460034],[3.580586,50.460352],[3.581609,50.461182],[3.580723,50.461621],[3.580453,50.461706],[3.580369,50.461785],[3.582725,50.46377],[3.582002,50.463973],[3.582038,50.464301],[3.582207,50.465246],[3.582532,50.465186],[3.583074,50.465211],[3.583613,50.46516],[3.583827,50.46518],[3.583722,50.465448],[3.58362,50.465965],[3.58359,50.46645],[3.583473,50.467515],[3.583384,50.467797],[3.583236,50.468069],[3.582791,50.468746],[3.582446,50.469178],[3.581866,50.469954],[3.581528,50.470447],[3.58117,50.471177],[3.580516,50.472056],[3.579802,50.473214],[3.579749,50.47333],[3.579492,50.474375],[3.579314,50.474959],[3.579254,50.475233],[3.579254,50.475435],[3.579464,50.475841],[3.579921,50.47649],[3.580158,50.47686],[3.580253,50.477066],[3.580329,50.47747],[3.580335,50.479222],[3.580326,50.479887],[3.580274,50.480157],[3.579611,50.481444],[3.579454,50.481561],[3.580206,50.482605],[3.580816,50.483441],[3.581086,50.483787],[3.581288,50.483973],[3.582821,50.485317],[3.58292,50.485412],[3.58294,50.485632],[3.582834,50.48626],[3.582855,50.486506],[3.582978,50.487073],[3.582716,50.488395],[3.584176,50.489882],[3.585406,50.490525]]]}"
14,59160,Crespin,"50.421,3.651","{""type"":""Polygon"",""coordinates"":[[[3.649446,50.401843],[3.649421,50.402284],[3.649437,50.402429],[3.649053,50.40275],[3.648573,50.403307],[3.648217,50.403686],[3.64803,50.403813],[3.64795,50.403931],[3.647815,50.404319],[3.647542,50.404644],[3.646753,50.405554],[3.646129,50.406286],[3.645299,50.407212],[3.644867,50.407707],[3.6447,50.407999],[3.644534,50.408031],[3.643945,50.408703],[3.643617,50.409092],[3.643562,50.409223],[3.642777,50.410095],[3.64244,50.410384],[3.642021,50.410869],[3.641418,50.411276],[3.641159,50.411511],[3.640822,50.411716],[3.64032,50.411898],[3.639792,50.412044],[3.639313,50.41215],[3.638574,50.412281],[3.638222,50.412226],[3.63816,50.412319],[3.637805,50.412689],[3.637729,50.412988],[3.637453,50.413265],[3.637428,50.413476],[3.637006,50.413887],[3.636341,50.414585],[3.63586,50.414709],[3.635326,50.414746],[3.634989,50.414714],[3.63462,50.414645],[3.633918,50.414454],[3.633542,50.414437],[3.633284,50.41437],[3.63307,50.414268],[3.632265,50.413942],[3.631995,50.413926],[3.631748,50.413999],[3.631101,50.414245],[3.630765,50.414479],[3.630685,50.414613],[3.630702,50.415127],[3.630665,50.415536],[3.631074,50.415581],[3.632189,50.415779],[3.633548,50.415978],[3.633631,50.416021],[3.633883,50.416588],[3.634805,50.417184],[3.634634,50.417307],[3.634119,50.417161],[3.633804,50.41691],[3.633631,50.416919],[3.633377,50.417019],[3.633131,50.416845],[3.632978,50.416791],[3.632605,50.416768],[3.632336,50.416907],[3.632238,50.417085],[3.632451,50.417268],[3.631798,50.417853],[3.631104,50.417636],[3.630866,50.417495],[3.630548,50.417414],[3.629863,50.417362],[3.629777,50.417388],[3.629069,50.417966],[3.630114,50.418454],[3.62943,50.419063],[3.629992,50.419607],[3.629654,50.419909],[3.630241,50.420163],[3.630444,50.420348],[3.630473,50.420541],[3.630269,50.420756],[3.630573,50.420986],[3.630706,50.42097],[3.630714,50.421248],[3.630774,50.421256],[3.630972,50.422284],[3.630771,50.422434],[3.630392,50.422466],[3.630311,50.422517],[3.630179,50.422903],[3.629988,50.423333],[3.629872,50.423496],[3.629659,50.423667],[3.629414,50.42378],[3.629186,50.423945],[3.629105,50.424071],[3.628707,50.424941],[3.628461,50.425332],[3.628286,50.425463],[3.628069,50.425551],[3.627688,50.425637],[3.627921,50.425742],[3.62822,50.426169],[3.627973,50.42628],[3.627975,50.426528],[3.628091,50.426696],[3.628399,50.426643],[3.628864,50.426511],[3.629584,50.426426],[3.629705,50.426117],[3.630278,50.4261],[3.6306,50.425986],[3.63136,50.425949],[3.630428,50.4298],[3.630479,50.42982],[3.630488,50.430042],[3.631278,50.430765],[3.631323,50.430871],[3.631322,50.43115],[3.631452,50.43121],[3.631409,50.43157],[3.631226,50.434129],[3.6312,50.434855],[3.631127,50.43574],[3.631042,50.435836],[3.630974,50.437131],[3.630887,50.437173],[3.630992,50.437239],[3.631238,50.437209],[3.631945,50.437199],[3.632176,50.437229],[3.632408,50.437301],[3.632939,50.437551],[3.63332,50.437816],[3.633875,50.438316],[3.634292,50.438773],[3.634644,50.439036],[3.635017,50.438731],[3.635332,50.43859],[3.63551,50.438556],[3.636246,50.438538],[3.63713,50.438285],[3.637573,50.4382],[3.637694,50.438367],[3.637831,50.438464],[3.63797,50.438492],[3.638406,50.43872],[3.638812,50.439128],[3.639083,50.439319],[3.63953,50.439321],[3.639864,50.439509],[3.640397,50.43966],[3.640743,50.439689],[3.640852,50.43975],[3.640933,50.439942],[3.641056,50.440052],[3.64126,50.440098],[3.641517,50.44026],[3.641634,50.440402],[3.641697,50.440623],[3.642079,50.440851],[3.64322,50.439912],[3.64353,50.439643],[3.643519,50.43953],[3.643413,50.439383],[3.643764,50.439264],[3.644308,50.438839],[3.644771,50.438538],[3.646283,50.437813],[3.647211,50.438429],[3.64792,50.438845],[3.648162,50.439015],[3.648098,50.43914],[3.648203,50.43925],[3.648398,50.439239],[3.649202,50.439435],[3.64973,50.439591],[3.650892,50.439981],[3.650997,50.439987],[3.651558,50.440119],[3.652058,50.44027],[3.652675,50.439745],[3.652777,50.439754],[3.653598,50.440136],[3.654184,50.440391],[3.654724,50.439887],[3.654943,50.43952],[3.655579,50.438887],[3.65582,50.43861],[3.655926,50.438535],[3.656268,50.438207],[3.656893,50.437558],[3.657306,50.437058],[3.657597,50.436682],[3.658044,50.436746],[3.658952,50.436839],[3.660027,50.436938],[3.661595,50.437026],[3.661595,50.436693],[3.661631,50.436248],[3.664421,50.436504],[3.665107,50.43736],[3.665244,50.437417],[3.665401,50.4374],[3.665733,50.436895],[3.665794,50.436754],[3.665879,50.435946],[3.665947,50.435768],[3.666263,50.435832],[3.666765,50.435974],[3.667162,50.436131],[3.668554,50.436755],[3.669765,50.437243],[3.668765,50.436837],[3.668795,50.436814],[3.669029,50.435392],[3.669064,50.435401],[3.669019,50.434642],[3.668874,50.434024],[3.668956,50.432231],[3.669066,50.430996],[3.669075,50.430721],[3.669363,50.430284],[3.669399,50.430139],[3.669436,50.429645],[3.669494,50.429212],[3.669507,50.428867],[3.669349,50.428051],[3.669274,50.427788],[3.669133,50.427436],[3.668964,50.427116],[3.668979,50.426852],[3.669138,50.42554],[3.669149,50.42517],[3.669099,50.424825],[3.668876,50.424068],[3.668876,50.423954],[3.668961,50.423577],[3.668933,50.423389],[3.668973,50.422993],[3.669058,50.422865],[3.669226,50.422822],[3.669566,50.422802],[3.670609,50.422632],[3.672302,50.422223],[3.672531,50.420147],[3.67149,50.419949],[3.670812,50.419853],[3.670259,50.419758],[3.670208,50.419337],[3.67048,50.41935],[3.670424,50.418145],[3.670286,50.418077],[3.670233,50.417718],[3.67018,50.417652],[3.670238,50.416999],[3.67031,50.416742],[3.670616,50.416304],[3.670828,50.416195],[3.671072,50.416128],[3.671601,50.415731],[3.671716,50.415525],[3.671287,50.415199],[3.67132,50.415115],[3.671772,50.414791],[3.67229,50.414509],[3.672266,50.414388],[3.672012,50.414204],[3.67198,50.414017],[3.671858,50.413923],[3.671503,50.413984],[3.671429,50.413887],[3.671726,50.413562],[3.671765,50.413392],[3.672211,50.412739],[3.672335,50.412609],[3.672535,50.41224],[3.672572,50.412092],[3.672487,50.411849],[3.672633,50.411691],[3.672961,50.411626],[3.673049,50.411543],[3.672943,50.411373],[3.672904,50.411178],[3.67295,50.411027],[3.67316,50.411015],[3.673318,50.410942],[3.673439,50.410764],[3.673448,50.410476],[3.67356,50.410141],[3.673654,50.410002],[3.673682,50.409656],[3.672852,50.409494],[3.672819,50.409462],[3.670724,50.408856],[3.670627,50.408897],[3.67018,50.408772],[3.669693,50.408658],[3.669898,50.408522],[3.670172,50.407504],[3.67037,50.406841],[3.670315,50.406539],[3.670529,50.406062],[3.670683,50.405795],[3.671069,50.405338],[3.671167,50.405189],[3.67135,50.4044],[3.671455,50.404283],[3.671677,50.403863],[3.671892,50.403733],[3.672187,50.403242],[3.670135,50.40293],[3.669869,50.40296],[3.668019,50.403207],[3.667983,50.403421],[3.666443,50.403531],[3.666157,50.40354],[3.666214,50.40339],[3.665866,50.403399],[3.665159,50.403473],[3.664993,50.403462],[3.66455,50.403312],[3.664212,50.403073],[3.66285,50.402703],[3.662942,50.403141],[3.662609,50.403343],[3.662328,50.403424],[3.662117,50.403432],[3.661873,50.403382],[3.661494,50.403173],[3.661144,50.403121],[3.660947,50.403131],[3.660748,50.403256],[3.660683,50.403465],[3.660421,50.403747],[3.660094,50.403626],[3.658742,50.403044],[3.657824,50.402842],[3.654476,50.401379],[3.653831,50.401465],[3.654706,50.402793],[3.653522,50.402701],[3.650437,50.402077],[3.649446,50.401843]]]}"
15,59166,Curgies,"50.325,3.608","{""type"":""Polygon"",""coordinates"":[[[3.606913,50.310416],[3.606027,50.310872],[3.605337,50.311067],[3.604836,50.311185],[3.604244,50.311265],[3.603757,50.311347],[3.603516,50.311503],[3.603393,50.311891],[3.603288,50.312126],[3.603041,50.312096],[3.601812,50.312287],[3.60142,50.312342],[3.600814,50.312399],[3.598345,50.312417],[3.598579,50.312745],[3.597648,50.312961],[3.597312,50.313079],[3.596904,50.31328],[3.595164,50.31391],[3.594708,50.31419],[3.594147,50.31448],[3.594768,50.315109],[3.593551,50.315296],[3.591564,50.317326],[3.590411,50.317655],[3.587765,50.318655],[3.586865,50.318888],[3.585231,50.318819],[3.585588,50.320233],[3.585894,50.320987],[3.586106,50.32147],[3.586444,50.322249],[3.586645,50.322606],[3.587401,50.323524],[3.587951,50.324103],[3.588283,50.324404],[3.588554,50.324618],[3.590092,50.325745],[3.589208,50.326449],[3.589993,50.329315],[3.591009,50.330972],[3.59105,50.331658],[3.593938,50.331284],[3.594161,50.33124],[3.594737,50.33145],[3.594927,50.331539],[3.59498,50.331758],[3.594976,50.332004],[3.594836,50.332243],[3.594776,50.332513],[3.594619,50.332768],[3.594334,50.333314],[3.594108,50.333702],[3.594332,50.333663],[3.59448,50.334062],[3.594539,50.334304],[3.594121,50.335782],[3.593934,50.336644],[3.594721,50.336779],[3.596572,50.336985],[3.597651,50.337116],[3.598472,50.337261],[3.599275,50.337424],[3.599831,50.337574],[3.600566,50.337814],[3.601247,50.338002],[3.601748,50.338124],[3.602313,50.338282],[3.603575,50.338696],[3.607358,50.337079],[3.60753,50.337339],[3.607958,50.338078],[3.609016,50.33997],[3.609254,50.33995],[3.609774,50.339871],[3.611229,50.33963],[3.611752,50.339565],[3.612641,50.339498],[3.613204,50.33944],[3.614789,50.339197],[3.615509,50.339076],[3.618508,50.338598],[3.617465,50.336663],[3.619233,50.336185],[3.618186,50.335681],[3.618389,50.333807],[3.619923,50.333846],[3.620024,50.333979],[3.622271,50.333264],[3.621029,50.332503],[3.622071,50.331467],[3.621709,50.330574],[3.623026,50.329776],[3.623596,50.329805],[3.624191,50.329858],[3.626152,50.329942],[3.625901,50.32918],[3.629703,50.328592],[3.628939,50.327296],[3.630797,50.326774],[3.630367,50.326132],[3.629799,50.326245],[3.629492,50.325789],[3.628355,50.325891],[3.626567,50.326367],[3.625471,50.326937],[3.625027,50.326132],[3.624121,50.326428],[3.623573,50.325345],[3.623743,50.324256],[3.623168,50.324334],[3.622545,50.323072],[3.621482,50.32328],[3.620652,50.322165],[3.61981,50.321705],[3.619718,50.317462],[3.620229,50.316053],[3.619847,50.31607],[3.617713,50.316088],[3.616086,50.315618],[3.615788,50.316116],[3.61438,50.316031],[3.613776,50.316028],[3.613749,50.31494],[3.613327,50.314944],[3.613456,50.314504],[3.613081,50.314488],[3.612872,50.314452],[3.612572,50.314349],[3.612141,50.314066],[3.611823,50.31391],[3.611362,50.31389],[3.611026,50.313789],[3.609337,50.31337],[3.608477,50.313143],[3.608139,50.313041],[3.607934,50.312951],[3.608767,50.311859],[3.60835,50.311542],[3.606913,50.310416]]]}"
16,59172,Denain,"50.329,3.392","{""type"":""Polygon"",""coordinates"":[[[3.422587,50.347023],[3.423472,50.34632],[3.424111,50.345868],[3.423485,50.345528],[3.42278,50.345129],[3.42172,50.344417],[3.420641,50.343535],[3.420446,50.343345],[3.420321,50.343167],[3.420178,50.342845],[3.419969,50.342475],[3.419736,50.342432],[3.418997,50.342212],[3.4187,50.342086],[3.418153,50.34161],[3.417562,50.341353],[3.416841,50.340931],[3.4154,50.340005],[3.414962,50.339814],[3.415212,50.338838],[3.415813,50.336621],[3.414889,50.336551],[3.414251,50.335478],[3.41352,50.334281],[3.41252,50.334497],[3.410554,50.334876],[3.41013,50.334559],[3.409925,50.333831],[3.40968,50.33285],[3.407795,50.332542],[3.407409,50.332491],[3.407589,50.331846],[3.409963,50.332092],[3.409936,50.331498],[3.410061,50.331183],[3.410253,50.329928],[3.410331,50.329861],[3.410428,50.32966],[3.411614,50.327786],[3.411905,50.32792],[3.412156,50.327942],[3.413069,50.327914],[3.414469,50.3279],[3.414609,50.327741],[3.41454,50.327032],[3.414538,50.326524],[3.415109,50.326423],[3.416126,50.326266],[3.416976,50.326094],[3.4172,50.326033],[3.417338,50.325951],[3.417524,50.325675],[3.417629,50.32518],[3.417791,50.324974],[3.418207,50.324766],[3.418591,50.324719],[3.41877,50.32465],[3.41923,50.324327],[3.419556,50.323967],[3.419626,50.323794],[3.419774,50.32357],[3.420207,50.32317],[3.417391,50.322988],[3.41109,50.322686],[3.408978,50.322587],[3.407816,50.322419],[3.40909,50.321409],[3.409237,50.321421],[3.409587,50.321369],[3.411424,50.320892],[3.411975,50.320778],[3.412791,50.320663],[3.413149,50.320638],[3.414537,50.320593],[3.414558,50.320236],[3.414542,50.318629],[3.414585,50.318235],[3.414546,50.31746],[3.4136,50.317149],[3.412671,50.316938],[3.412469,50.316954],[3.411723,50.316725],[3.411123,50.316708],[3.410873,50.316754],[3.410743,50.316873],[3.410703,50.317022],[3.408438,50.317015],[3.406389,50.316975],[3.405297,50.316847],[3.401107,50.316272],[3.398914,50.315951],[3.398315,50.315704],[3.39707,50.315131],[3.395432,50.314408],[3.39302,50.316902],[3.39261,50.316638],[3.39118,50.31566],[3.390604,50.315295],[3.387396,50.316996],[3.386752,50.317209],[3.386481,50.317185],[3.386172,50.31711],[3.386069,50.317043],[3.385861,50.316315],[3.385387,50.316053],[3.384286,50.316008],[3.38402,50.315939],[3.383728,50.315653],[3.383163,50.315465],[3.382447,50.315261],[3.382316,50.315261],[3.382035,50.31484],[3.382036,50.314687],[3.382484,50.314236],[3.382433,50.314081],[3.38232,50.313979],[3.381909,50.313737],[3.381654,50.313807],[3.381277,50.313984],[3.380848,50.314074],[3.380483,50.314008],[3.38023,50.313896],[3.379836,50.31411],[3.379779,50.314373],[3.379631,50.314666],[3.379273,50.315091],[3.379129,50.31533],[3.379062,50.315594],[3.37861,50.315356],[3.378215,50.315052],[3.377991,50.314838],[3.377849,50.314602],[3.377625,50.313017],[3.377555,50.312787],[3.377435,50.312718],[3.376683,50.31239],[3.376015,50.312117],[3.375289,50.311835],[3.373669,50.311127],[3.37315,50.310986],[3.372811,50.31095],[3.372554,50.310812],[3.372265,50.311564],[3.372358,50.311714],[3.37167,50.31254],[3.371348,50.312406],[3.36976,50.313831],[3.369756,50.313938],[3.368791,50.31481],[3.370258,50.315447],[3.369386,50.316081],[3.369214,50.31612],[3.368114,50.3173],[3.36635,50.316607],[3.365281,50.317839],[3.365174,50.317951],[3.365716,50.318155],[3.368213,50.318978],[3.367997,50.319353],[3.367508,50.320014],[3.367149,50.320551],[3.366868,50.320916],[3.366382,50.321644],[3.365866,50.322394],[3.365351,50.323118],[3.364945,50.323007],[3.36471,50.323249],[3.364165,50.324173],[3.364148,50.32431],[3.363798,50.324915],[3.363597,50.324963],[3.362997,50.325898],[3.362095,50.325736],[3.361746,50.325697],[3.361711,50.325888],[3.361596,50.326135],[3.364137,50.326857],[3.363764,50.327255],[3.364954,50.327776],[3.36542,50.32735],[3.364784,50.326759],[3.365294,50.326323],[3.36667,50.326897],[3.36623,50.327368],[3.366062,50.327589],[3.36466,50.328826],[3.36546,50.329207],[3.364128,50.330638],[3.362536,50.331017],[3.361618,50.330709],[3.36135,50.330966],[3.363442,50.332159],[3.362464,50.332754],[3.361888,50.332794],[3.361574,50.332836],[3.361195,50.333456],[3.361255,50.33452],[3.362308,50.334601],[3.363416,50.335379],[3.362115,50.335517],[3.360204,50.335693],[3.360385,50.336319],[3.360531,50.337442],[3.362894,50.337349],[3.362791,50.337074],[3.362865,50.337068],[3.364011,50.337166],[3.364698,50.337202],[3.364541,50.338507],[3.365535,50.338513],[3.366256,50.339214],[3.366725,50.339696],[3.367893,50.33921],[3.369156,50.340354],[3.36994,50.340352],[3.370228,50.34038],[3.370474,50.340447],[3.370625,50.3405],[3.372322,50.341299],[3.373038,50.341616],[3.374929,50.342172],[3.3747,50.343249],[3.374327,50.343833],[3.374152,50.344015],[3.373202,50.344781],[3.374712,50.345414],[3.3744,50.345734],[3.374985,50.345843],[3.375045,50.34602],[3.375144,50.346505],[3.375267,50.346493],[3.376413,50.346291],[3.376627,50.345907],[3.377347,50.345745],[3.377562,50.34528],[3.378796,50.345518],[3.378667,50.346012],[3.379515,50.346034],[3.379479,50.346677],[3.380744,50.346811],[3.380955,50.346863],[3.381996,50.346966],[3.382358,50.34699],[3.382855,50.347061],[3.383331,50.347159],[3.383838,50.346306],[3.385853,50.346652],[3.386177,50.346061],[3.386474,50.34567],[3.388512,50.346313],[3.38901,50.345633],[3.390366,50.346164],[3.391116,50.345423],[3.392487,50.343995],[3.39489,50.344712],[3.395827,50.343205],[3.397354,50.343579],[3.397937,50.343696],[3.399616,50.34426],[3.400386,50.344544],[3.401245,50.343661],[3.401358,50.343978],[3.401639,50.344055],[3.402753,50.344409],[3.403707,50.344702],[3.404139,50.344142],[3.404757,50.344237],[3.40522,50.343702],[3.405414,50.3435],[3.405701,50.343565],[3.406486,50.343841],[3.407691,50.344279],[3.409199,50.344634],[3.410711,50.344977],[3.410623,50.345973],[3.411199,50.345913],[3.411367,50.345484],[3.413692,50.345598],[3.413594,50.346296],[3.415524,50.346514],[3.415537,50.346222],[3.415487,50.346095],[3.417001,50.346487],[3.416846,50.346626],[3.417575,50.346828],[3.417919,50.346531],[3.418788,50.345702],[3.421374,50.346917],[3.422587,50.347023]]]}"
17,59179,Douchy-les-Mines,"50.300,3.389","{""type"":""Polygon"",""coordinates"":[[[3.4128,50.297006],[3.412811,50.296782],[3.412739,50.296165],[3.412663,50.295707],[3.412661,50.295365],[3.413093,50.295086],[3.413795,50.294428],[3.414285,50.294363],[3.414557,50.292249],[3.41501,50.291942],[3.414634,50.291411],[3.416458,50.290933],[3.416538,50.290503],[3.417101,50.289746],[3.417455,50.289147],[3.417693,50.288818],[3.417883,50.288614],[3.417667,50.28853],[3.41695,50.288143],[3.416216,50.287765],[3.415818,50.287643],[3.414747,50.287468],[3.413131,50.287118],[3.412108,50.287954],[3.411824,50.287492],[3.41145,50.286783],[3.411346,50.28676],[3.409328,50.286478],[3.408823,50.286379],[3.408014,50.286157],[3.407223,50.285864],[3.406653,50.285701],[3.406143,50.285612],[3.405871,50.285597],[3.404571,50.285675],[3.40429,50.28573],[3.401785,50.285844],[3.400451,50.285946],[3.399645,50.285995],[3.399479,50.285193],[3.398263,50.285256],[3.39822,50.284886],[3.398481,50.284459],[3.398738,50.2838],[3.396423,50.284032],[3.396457,50.284146],[3.395298,50.284602],[3.393979,50.284726],[3.394077,50.285447],[3.393716,50.285403],[3.393009,50.285388],[3.391578,50.28546],[3.391217,50.28547],[3.39105,50.285529],[3.390888,50.285761],[3.390909,50.286121],[3.390884,50.286264],[3.391065,50.286444],[3.391889,50.287638],[3.392226,50.288148],[3.392445,50.288583],[3.392519,50.289001],[3.392542,50.28969],[3.392621,50.290403],[3.392613,50.290624],[3.392537,50.291047],[3.392387,50.291526],[3.392194,50.291972],[3.392038,50.292246],[3.391772,50.292845],[3.3915,50.2935],[3.391396,50.293827],[3.391191,50.294343],[3.389896,50.293989],[3.3902,50.293656],[3.388741,50.293327],[3.388403,50.292917],[3.388357,50.292767],[3.387547,50.292902],[3.387312,50.293334],[3.386935,50.293239],[3.387382,50.292636],[3.387459,50.292476],[3.38752,50.292126],[3.38744,50.291442],[3.387453,50.291057],[3.387586,50.290203],[3.387404,50.29016],[3.386584,50.290119],[3.386491,50.289781],[3.384915,50.28987],[3.385088,50.289477],[3.381548,50.288496],[3.381489,50.288802],[3.381246,50.289048],[3.381031,50.289184],[3.379961,50.289795],[3.377848,50.291011],[3.376767,50.291593],[3.375932,50.292008],[3.374666,50.292615],[3.373476,50.291578],[3.373091,50.29122],[3.372685,50.290906],[3.372371,50.290634],[3.371713,50.289975],[3.371046,50.289237],[3.369919,50.287856],[3.36991,50.287822],[3.369449,50.287278],[3.368766,50.286608],[3.367944,50.285855],[3.367018,50.284968],[3.363395,50.28669],[3.365079,50.288467],[3.363976,50.288864],[3.36417,50.28913],[3.363684,50.289262],[3.363807,50.289398],[3.361964,50.290014],[3.362045,50.290112],[3.362445,50.290744],[3.362085,50.290866],[3.362317,50.291149],[3.361793,50.291328],[3.3624,50.291991],[3.363298,50.293023],[3.361817,50.293514],[3.360862,50.293785],[3.361062,50.29403],[3.359544,50.294349],[3.359777,50.294825],[3.360258,50.294773],[3.36062,50.295526],[3.3609,50.295456],[3.36108,50.295967],[3.361783,50.295794],[3.36213,50.296573],[3.362749,50.296443],[3.363591,50.296243],[3.364101,50.297537],[3.364287,50.297798],[3.362523,50.298393],[3.363106,50.299125],[3.363307,50.299406],[3.363564,50.299625],[3.363821,50.299884],[3.36413,50.300332],[3.364733,50.301131],[3.364765,50.301132],[3.366303,50.303194],[3.367219,50.304381],[3.367429,50.304314],[3.367242,50.303107],[3.368718,50.302907],[3.370767,50.305663],[3.372197,50.309818],[3.372353,50.31054],[3.372554,50.310812],[3.372811,50.31095],[3.37315,50.310986],[3.373669,50.311127],[3.375289,50.311835],[3.376015,50.312117],[3.376683,50.31239],[3.377435,50.312718],[3.377555,50.312787],[3.377625,50.313017],[3.377849,50.314602],[3.377991,50.314838],[3.378215,50.315052],[3.37861,50.315356],[3.379062,50.315594],[3.379129,50.31533],[3.379273,50.315091],[3.379631,50.314666],[3.379779,50.314373],[3.379836,50.31411],[3.38023,50.313896],[3.380483,50.314008],[3.380848,50.314074],[3.381277,50.313984],[3.381654,50.313807],[3.381909,50.313737],[3.38232,50.313979],[3.382433,50.314081],[3.382484,50.314236],[3.382036,50.314687],[3.382035,50.31484],[3.382316,50.315261],[3.382447,50.315261],[3.383163,50.315465],[3.383728,50.315653],[3.38402,50.315939],[3.384286,50.316008],[3.385387,50.316053],[3.385861,50.316315],[3.386069,50.317043],[3.386172,50.31711],[3.386481,50.317185],[3.386752,50.317209],[3.387396,50.316996],[3.390604,50.315295],[3.39118,50.31566],[3.39261,50.316638],[3.39302,50.316902],[3.395432,50.314408],[3.396122,50.313585],[3.396711,50.313796],[3.397505,50.313005],[3.397851,50.313052],[3.398255,50.312367],[3.399536,50.312223],[3.399371,50.311628],[3.400727,50.311585],[3.400595,50.31089],[3.401015,50.310886],[3.402357,50.310524],[3.402285,50.310045],[3.404311,50.309582],[3.404766,50.309804],[3.4103,50.307896],[3.408639,50.306295],[3.410532,50.305621],[3.410002,50.305309],[3.411744,50.302934],[3.413176,50.302378],[3.412856,50.30092],[3.413536,50.300914],[3.413409,50.298238],[3.412984,50.298241],[3.4128,50.297006]]]}"
18,59205,Escaudain,"50.333,3.339","{""type"":""Polygon"",""coordinates"":[[[3.311241,50.344363],[3.311673,50.34473],[3.311975,50.34503],[3.312231,50.345356],[3.312295,50.345485],[3.313357,50.345181],[3.313291,50.344867],[3.315317,50.344567],[3.315191,50.344234],[3.315882,50.343877],[3.31629,50.343414],[3.316077,50.343],[3.318062,50.342493],[3.318322,50.34298],[3.318813,50.343148],[3.319352,50.343002],[3.320487,50.342845],[3.32276,50.343123],[3.326739,50.34357],[3.326603,50.343084],[3.328862,50.343197],[3.32894,50.343451],[3.328081,50.343709],[3.328122,50.343939],[3.328239,50.345995],[3.328215,50.346491],[3.328262,50.347578],[3.331503,50.347754],[3.331887,50.347823],[3.332279,50.347823],[3.332614,50.347759],[3.33293,50.34773],[3.333672,50.347761],[3.334148,50.347793],[3.334492,50.34779],[3.335492,50.347745],[3.335099,50.34705],[3.340186,50.345804],[3.342105,50.345933],[3.342032,50.346104],[3.342158,50.346222],[3.342315,50.346931],[3.342354,50.346978],[3.34245,50.347376],[3.342314,50.347826],[3.342313,50.348588],[3.342343,50.348951],[3.342698,50.349757],[3.342875,50.350208],[3.343788,50.349991],[3.344835,50.350738],[3.345968,50.350287],[3.345724,50.350112],[3.345242,50.349719],[3.344773,50.349287],[3.344405,50.348919],[3.345354,50.348292],[3.347309,50.347777],[3.34758,50.348174],[3.350047,50.347521],[3.349827,50.347319],[3.349312,50.346698],[3.3516,50.346151],[3.351716,50.346337],[3.356256,50.345561],[3.356228,50.345182],[3.357664,50.344991],[3.357614,50.344243],[3.359238,50.344223],[3.359277,50.342943],[3.360108,50.342806],[3.360569,50.344215],[3.362902,50.343955],[3.366289,50.342452],[3.366772,50.342988],[3.363897,50.345541],[3.365173,50.347048],[3.367978,50.345721],[3.36923,50.345158],[3.368382,50.34427],[3.367751,50.343605],[3.371616,50.34188],[3.371543,50.341835],[3.370462,50.340984],[3.370474,50.340447],[3.370228,50.34038],[3.36994,50.340352],[3.369156,50.340354],[3.367893,50.33921],[3.366725,50.339696],[3.366256,50.339214],[3.365535,50.338513],[3.364541,50.338507],[3.364698,50.337202],[3.364011,50.337166],[3.362865,50.337068],[3.362791,50.337074],[3.362894,50.337349],[3.360531,50.337442],[3.360385,50.336319],[3.360204,50.335693],[3.362115,50.335517],[3.363416,50.335379],[3.362308,50.334601],[3.361255,50.33452],[3.361195,50.333456],[3.361574,50.332836],[3.361888,50.332794],[3.362464,50.332754],[3.363442,50.332159],[3.36135,50.330966],[3.361618,50.330709],[3.362536,50.331017],[3.364128,50.330638],[3.36546,50.329207],[3.36466,50.328826],[3.366062,50.327589],[3.36623,50.327368],[3.36667,50.326897],[3.365294,50.326323],[3.364784,50.326759],[3.36542,50.32735],[3.364954,50.327776],[3.363764,50.327255],[3.364137,50.326857],[3.361596,50.326135],[3.361711,50.325888],[3.361746,50.325697],[3.362095,50.325736],[3.362997,50.325898],[3.363597,50.324963],[3.363798,50.324915],[3.364148,50.32431],[3.364165,50.324173],[3.36471,50.323249],[3.364945,50.323007],[3.365351,50.323118],[3.365866,50.322394],[3.366382,50.321644],[3.366868,50.320916],[3.367149,50.320551],[3.367508,50.320014],[3.367997,50.319353],[3.368213,50.318978],[3.365716,50.318155],[3.365174,50.317951],[3.364366,50.317615],[3.36413,50.317533],[3.36369,50.317327],[3.363517,50.317281],[3.363177,50.317745],[3.362665,50.318495],[3.362447,50.318873],[3.359786,50.318523],[3.359549,50.319536],[3.355378,50.319247],[3.353854,50.319127],[3.35393,50.318894],[3.351667,50.318398],[3.351708,50.318249],[3.349825,50.317993],[3.349707,50.318196],[3.343344,50.315184],[3.343068,50.315878],[3.342712,50.316534],[3.342623,50.316956],[3.342602,50.317555],[3.341631,50.317697],[3.339089,50.318833],[3.338822,50.318889],[3.338532,50.319013],[3.338163,50.319214],[3.337672,50.319516],[3.336943,50.320022],[3.335715,50.320844],[3.335073,50.321328],[3.334711,50.321583],[3.334268,50.321855],[3.333571,50.322253],[3.332705,50.322699],[3.330997,50.323605],[3.330703,50.323752],[3.327669,50.324452],[3.327705,50.324751],[3.32607,50.324839],[3.326203,50.32527],[3.325105,50.325572],[3.325267,50.3258],[3.326466,50.326747],[3.325747,50.327216],[3.326431,50.327837],[3.324739,50.328195],[3.322893,50.327648],[3.321811,50.327088],[3.32255,50.32688],[3.321993,50.326204],[3.317438,50.328041],[3.31643,50.327226],[3.314735,50.328453],[3.316584,50.329107],[3.317134,50.330907],[3.315826,50.331142],[3.313836,50.33152],[3.312858,50.331685],[3.314194,50.333174],[3.313118,50.333556],[3.313501,50.334089],[3.313225,50.334147],[3.313463,50.334725],[3.312715,50.334964],[3.311291,50.335118],[3.309716,50.335374],[3.310165,50.336145],[3.309207,50.336395],[3.308151,50.337071],[3.306996,50.337637],[3.30628,50.337794],[3.306633,50.338213],[3.306082,50.338424],[3.306829,50.339799],[3.306491,50.339921],[3.307184,50.340407],[3.307659,50.340775],[3.308106,50.341198],[3.309163,50.342595],[3.309852,50.343331],[3.31053,50.343873],[3.311072,50.344231],[3.311241,50.344363]]]}"
19,59207,Escautpont,"50.424,3.551","{""type"":""Polygon"",""coordinates"":[[[3.521251,50.44103],[3.521574,50.441052],[3.522735,50.44191],[3.523213,50.442306],[3.524203,50.443113],[3.524991,50.443662],[3.525514,50.444053],[3.527766,50.443238],[3.529612,50.442562],[3.538685,50.43918],[3.547015,50.436218],[3.550325,50.434566],[3.551833,50.433885],[3.557609,50.431303],[3.558327,50.430788],[3.559033,50.430221],[3.559417,50.429946],[3.559947,50.429631],[3.560952,50.429115],[3.561934,50.428674],[3.562381,50.428454],[3.562395,50.428339],[3.562293,50.428212],[3.561768,50.42795],[3.562348,50.427626],[3.563912,50.426877],[3.565041,50.42631],[3.565207,50.426197],[3.565998,50.425799],[3.565614,50.425522],[3.566513,50.425303],[3.567116,50.424221],[3.567574,50.424204],[3.567805,50.424251],[3.568099,50.424398],[3.568293,50.424405],[3.568965,50.424059],[3.571729,50.423487],[3.572284,50.423348],[3.571965,50.422921],[3.571821,50.422768],[3.571843,50.422314],[3.571722,50.421843],[3.571652,50.421376],[3.571406,50.420469],[3.57121,50.420049],[3.57134,50.419905],[3.571356,50.419754],[3.571281,50.419281],[3.571211,50.418692],[3.571194,50.418416],[3.571126,50.417995],[3.57106,50.417726],[3.570912,50.417441],[3.570612,50.417129],[3.570375,50.416299],[3.570331,50.416089],[3.570141,50.415602],[3.569849,50.415221],[3.56949,50.415053],[3.569298,50.415],[3.568145,50.414377],[3.567892,50.413881],[3.567537,50.413286],[3.5682,50.413164],[3.570727,50.413292],[3.572438,50.413207],[3.572641,50.413156],[3.572985,50.412906],[3.573182,50.412835],[3.573322,50.41314],[3.576414,50.412389],[3.577758,50.412319],[3.581272,50.412122],[3.581098,50.411678],[3.580783,50.410679],[3.580717,50.410557],[3.58043,50.410295],[3.580255,50.410092],[3.578621,50.40874],[3.576407,50.406813],[3.573838,50.404869],[3.57239,50.404017],[3.56989,50.405312],[3.568251,50.40681],[3.565558,50.405503],[3.565545,50.405287],[3.564571,50.404763],[3.564329,50.404955],[3.564627,50.405004],[3.564992,50.405232],[3.565172,50.405457],[3.565221,50.405591],[3.565114,50.405962],[3.565018,50.406143],[3.564774,50.406408],[3.564624,50.406502],[3.564358,50.406584],[3.564268,50.406717],[3.564204,50.407076],[3.564199,50.407537],[3.564331,50.407913],[3.564559,50.408205],[3.564817,50.408419],[3.565068,50.408664],[3.565153,50.408793],[3.565038,50.409173],[3.564918,50.409301],[3.564744,50.40938],[3.564322,50.40941],[3.564053,50.409453],[3.563929,50.409273],[3.56384,50.409219],[3.56334,50.409196],[3.562585,50.409214],[3.56225,50.409251],[3.561471,50.409401],[3.55856,50.410138],[3.55815,50.410195],[3.55772,50.410288],[3.557398,50.410386],[3.557173,50.410487],[3.549299,50.413803],[3.549613,50.413817],[3.549841,50.413876],[3.550481,50.41409],[3.551002,50.414305],[3.551415,50.41477],[3.551916,50.415045],[3.553848,50.416172],[3.554674,50.416704],[3.55328,50.417709],[3.553079,50.417764],[3.552716,50.418123],[3.552422,50.418349],[3.551992,50.418603],[3.551722,50.418872],[3.551411,50.419109],[3.550753,50.419557],[3.549928,50.420135],[3.549509,50.420455],[3.548999,50.420801],[3.548032,50.421594],[3.547176,50.422326],[3.546207,50.423115],[3.544793,50.423999],[3.544105,50.424478],[3.543829,50.424637],[3.543011,50.425201],[3.542296,50.425759],[3.542065,50.425961],[3.541859,50.425845],[3.540688,50.426743],[3.539725,50.427473],[3.53868,50.428243],[3.535065,50.430936],[3.531,50.433829],[3.530444,50.434148],[3.529142,50.435145],[3.521251,50.44103]]]}"
20,59215,Estreux,"50.352,3.599","{""type"":""Polygon"",""coordinates"":[[[3.579053,50.352895],[3.58381,50.356233],[3.585609,50.35762],[3.586522,50.358333],[3.58753,50.359063],[3.588542,50.359824],[3.590629,50.361413],[3.592299,50.362601],[3.593985,50.363877],[3.594402,50.364207],[3.594721,50.3644],[3.59591,50.365074],[3.596574,50.365529],[3.598872,50.364371],[3.599231,50.36471],[3.601286,50.363576],[3.601937,50.363237],[3.603306,50.362469],[3.603599,50.362337],[3.604822,50.362177],[3.605172,50.36212],[3.605858,50.362035],[3.606358,50.361951],[3.608051,50.361687],[3.609706,50.361441],[3.612599,50.361037],[3.615916,50.362423],[3.618411,50.359397],[3.620087,50.35703],[3.6187,50.353463],[3.620676,50.35288],[3.62014,50.352102],[3.618211,50.350181],[3.617623,50.350324],[3.616733,50.350505],[3.616729,50.345565],[3.6157,50.345841],[3.615091,50.341412],[3.614789,50.339197],[3.613204,50.33944],[3.612641,50.339498],[3.611752,50.339565],[3.611229,50.33963],[3.609774,50.339871],[3.609254,50.33995],[3.609016,50.33997],[3.608487,50.340035],[3.608072,50.340065],[3.607767,50.340064],[3.607338,50.340031],[3.606367,50.339909],[3.605982,50.339896],[3.605441,50.342728],[3.603583,50.342316],[3.598915,50.342316],[3.596571,50.342499],[3.593368,50.342952],[3.590829,50.344781],[3.591173,50.345257],[3.589578,50.345788],[3.587783,50.346074],[3.588,50.346388],[3.588163,50.347625],[3.588057,50.3477],[3.586406,50.347733],[3.585649,50.348661],[3.577431,50.351725],[3.577824,50.351992],[3.578756,50.35257],[3.578872,50.352659],[3.579053,50.352895]]]}"
21,59221,Famars,"50.309,3.526","{""type"":""Polygon"",""coordinates"":[[[3.509955,50.321265],[3.512004,50.322335],[3.511601,50.32267],[3.511744,50.322664],[3.51312,50.323194],[3.512645,50.323558],[3.512488,50.323717],[3.512068,50.324003],[3.513738,50.325123],[3.513463,50.325554],[3.514994,50.326697],[3.518226,50.326181],[3.520942,50.325783],[3.520218,50.324744],[3.520132,50.324605],[3.522613,50.324415],[3.522782,50.32439],[3.525155,50.324224],[3.52512,50.323996],[3.524925,50.323355],[3.525389,50.323291],[3.527308,50.323106],[3.527309,50.322923],[3.528692,50.322781],[3.528627,50.322518],[3.52931,50.322298],[3.529475,50.32227],[3.52951,50.322522],[3.531025,50.322592],[3.531257,50.322153],[3.531425,50.321791],[3.53164,50.321505],[3.53204,50.321094],[3.532339,50.320821],[3.532722,50.320434],[3.532918,50.320192],[3.53334,50.319726],[3.533961,50.319175],[3.533449,50.318763],[3.532966,50.318482],[3.531894,50.317974],[3.532246,50.317719],[3.532794,50.317189],[3.532957,50.317067],[3.533495,50.316743],[3.533649,50.316619],[3.534025,50.316542],[3.534623,50.316328],[3.535062,50.316202],[3.535416,50.316073],[3.535895,50.315933],[3.536685,50.315758],[3.536958,50.315714],[3.537875,50.315501],[3.539133,50.315159],[3.539684,50.315037],[3.540261,50.314939],[3.540961,50.314872],[3.541469,50.314778],[3.541897,50.314654],[3.542113,50.314561],[3.542734,50.314349],[3.543016,50.314267],[3.54446,50.313965],[3.545276,50.313757],[3.546183,50.31355],[3.547441,50.313216],[3.547804,50.313093],[3.547731,50.312648],[3.547603,50.312027],[3.54797,50.311948],[3.547646,50.311423],[3.547547,50.311336],[3.547978,50.311291],[3.548391,50.311214],[3.548296,50.310733],[3.54784,50.310724],[3.547396,50.310772],[3.547268,50.310809],[3.546967,50.31078],[3.546505,50.310835],[3.546298,50.310888],[3.546127,50.311005],[3.545907,50.310874],[3.545689,50.310818],[3.545479,50.310956],[3.54491,50.310983],[3.543974,50.310932],[3.543958,50.310728],[3.543738,50.309585],[3.5436,50.309633],[3.543367,50.309586],[3.541986,50.309375],[3.541654,50.309628],[3.541539,50.309605],[3.541446,50.309315],[3.541263,50.30914],[3.54108,50.309079],[3.540915,50.309132],[3.540377,50.309796],[3.540201,50.309886],[3.539875,50.309841],[3.539676,50.309946],[3.539613,50.31012],[3.539589,50.310474],[3.539585,50.310918],[3.539462,50.311128],[3.539247,50.311218],[3.539255,50.311358],[3.539072,50.311511],[3.538696,50.311542],[3.538587,50.311597],[3.538577,50.311843],[3.538645,50.312024],[3.538534,50.312106],[3.538276,50.312214],[3.538077,50.312688],[3.538028,50.312912],[3.53788,50.312937],[3.537723,50.312892],[3.53752,50.312895],[3.537293,50.313137],[3.537202,50.313305],[3.537321,50.313431],[3.537237,50.313556],[3.536968,50.313752],[3.536842,50.31391],[3.536776,50.314222],[3.536554,50.314448],[3.536246,50.314633],[3.535924,50.314738],[3.535211,50.314757],[3.534881,50.314681],[3.534688,50.314665],[3.533728,50.314104],[3.533503,50.31395],[3.533262,50.31383],[3.532398,50.313106],[3.53133,50.312236],[3.531381,50.312168],[3.531931,50.311641],[3.531369,50.311161],[3.530115,50.310138],[3.527805,50.308177],[3.527648,50.308068],[3.528025,50.307834],[3.52851,50.307559],[3.529049,50.307203],[3.52971,50.306679],[3.522878,50.304655],[3.523234,50.303694],[3.523408,50.303126],[3.523502,50.302756],[3.523651,50.302306],[3.524693,50.299881],[3.524868,50.299442],[3.52496,50.299413],[3.524987,50.299277],[3.525175,50.298763],[3.526027,50.296597],[3.526297,50.295889],[3.522288,50.29629],[3.522182,50.295897],[3.521716,50.294337],[3.521402,50.291116],[3.51875,50.292813],[3.516434,50.292369],[3.516134,50.29303],[3.515588,50.294081],[3.515041,50.294968],[3.514915,50.295244],[3.514797,50.295705],[3.51471,50.295908],[3.514397,50.29634],[3.514137,50.296799],[3.513878,50.297503],[3.514396,50.297822],[3.515116,50.298341],[3.515277,50.298433],[3.515431,50.29843],[3.516277,50.299449],[3.516461,50.300073],[3.516612,50.300688],[3.516694,50.300928],[3.516989,50.301951],[3.517072,50.302288],[3.516325,50.302642],[3.51537,50.303046],[3.514045,50.303719],[3.511716,50.304882],[3.512655,50.305592],[3.513807,50.306513],[3.513409,50.306687],[3.512093,50.307229],[3.511722,50.307363],[3.511461,50.307397],[3.511174,50.307491],[3.510622,50.307762],[3.510395,50.307928],[3.509876,50.308354],[3.509569,50.30878],[3.509341,50.308957],[3.507515,50.311154],[3.506767,50.311046],[3.505221,50.312488],[3.505131,50.31247],[3.503849,50.31358],[3.505701,50.315513],[3.50479,50.315857],[3.505115,50.316952],[3.506395,50.317025],[3.506908,50.318809],[3.506531,50.319383],[3.506128,50.320074],[3.508354,50.320239],[3.509301,50.320682],[3.509955,50.321265]]]}"
22,59238,Flines-lès-Mortagne,"50.509,3.485","{""type"":""Polygon"",""coordinates"":[[[3.497849,50.48453],[3.497799,50.484655],[3.497773,50.484938],[3.497572,50.485116],[3.497159,50.485303],[3.496525,50.485872],[3.49631,50.486558],[3.495924,50.486843],[3.49543,50.486809],[3.493686,50.48599],[3.4925,50.48603],[3.491664,50.486549],[3.492254,50.488499],[3.492056,50.488676],[3.491364,50.489065],[3.491259,50.489329],[3.491395,50.4895],[3.491891,50.489791],[3.491989,50.489881],[3.491971,50.490069],[3.491827,50.490244],[3.491024,50.490734],[3.490543,50.49109],[3.49048,50.491213],[3.48989,50.491185],[3.489387,50.490986],[3.489149,50.490797],[3.489011,50.490513],[3.488762,50.490084],[3.488589,50.489917],[3.488254,50.489805],[3.486833,50.489515],[3.4861,50.489965],[3.486152,50.490111],[3.485883,50.491122],[3.485803,50.491554],[3.485703,50.49188],[3.485623,50.492249],[3.485241,50.492968],[3.484974,50.493308],[3.484934,50.493554],[3.484997,50.493897],[3.48509,50.494238],[3.485087,50.494496],[3.484981,50.494789],[3.48479,50.494879],[3.484602,50.494865],[3.484201,50.494652],[3.483782,50.494462],[3.48333,50.494391],[3.482808,50.494535],[3.482409,50.49458],[3.481318,50.49461],[3.480853,50.494684],[3.480112,50.494982],[3.478732,50.495395],[3.477472,50.496959],[3.47716,50.497095],[3.476484,50.497216],[3.475712,50.497311],[3.475059,50.497426],[3.473699,50.497694],[3.472659,50.497817],[3.472062,50.497751],[3.471873,50.497698],[3.471269,50.497669],[3.470883,50.497817],[3.470078,50.498016],[3.469316,50.498044],[3.468217,50.49802],[3.467716,50.498048],[3.467336,50.498161],[3.466968,50.498269],[3.466425,50.498487],[3.465791,50.498798],[3.465519,50.498955],[3.465089,50.499146],[3.464957,50.499173],[3.464254,50.499112],[3.463929,50.499141],[3.463029,50.499367],[3.462379,50.49956],[3.460844,50.500042],[3.460924,50.500583],[3.46113,50.501104],[3.46243,50.500784],[3.462736,50.501175],[3.462955,50.501408],[3.463075,50.501611],[3.462399,50.501742],[3.463025,50.502421],[3.462521,50.50257],[3.462043,50.502666],[3.462761,50.504031],[3.463304,50.504969],[3.460699,50.505688],[3.460701,50.505934],[3.458499,50.50666],[3.458649,50.507008],[3.455678,50.507364],[3.454846,50.507507],[3.454878,50.507682],[3.453707,50.507976],[3.45324,50.508017],[3.453142,50.508004],[3.452886,50.507869],[3.452662,50.507574],[3.452444,50.507486],[3.452136,50.507181],[3.451669,50.507303],[3.451564,50.507278],[3.451186,50.506977],[3.450204,50.507571],[3.450148,50.507708],[3.450262,50.507838],[3.45062,50.50835],[3.450754,50.508607],[3.450771,50.50877],[3.450986,50.50898],[3.451075,50.509332],[3.451291,50.509475],[3.451729,50.509825],[3.451931,50.510045],[3.452076,50.510506],[3.452025,50.511054],[3.451995,50.511093],[3.451609,50.51129],[3.451412,50.511322],[3.450795,50.511316],[3.450595,50.511299],[3.450561,50.511699],[3.450888,50.511723],[3.451429,50.511833],[3.451688,50.511951],[3.451828,50.512054],[3.451986,50.512248],[3.451975,50.512389],[3.451662,50.512841],[3.45269,50.513314],[3.452877,50.51352],[3.453039,50.513759],[3.45332,50.513937],[3.453379,50.514354],[3.453236,50.514611],[3.453692,50.514872],[3.454274,50.515228],[3.454355,50.515597],[3.454349,50.515761],[3.454256,50.516202],[3.454108,50.516663],[3.453919,50.516688],[3.453898,50.516963],[3.453755,50.517514],[3.45362,50.517629],[3.453608,50.517927],[3.453658,50.5184],[3.453868,50.518526],[3.454072,50.518756],[3.454049,50.518997],[3.453804,50.51921],[3.454666,50.519664],[3.455101,50.52003],[3.455291,50.520135],[3.455574,50.520356],[3.45604,50.520626],[3.456458,50.520889],[3.456732,50.521027],[3.457112,50.52126],[3.457332,50.521445],[3.457629,50.521808],[3.457705,50.521944],[3.457812,50.522365],[3.458031,50.522474],[3.458795,50.522704],[3.459177,50.522842],[3.459833,50.523042],[3.46018,50.523053],[3.460518,50.523269],[3.460989,50.523525],[3.461451,50.523721],[3.461834,50.523913],[3.462538,50.524352],[3.463049,50.524609],[3.463615,50.524993],[3.464112,50.525264],[3.464138,50.525336],[3.46397,50.525602],[3.464266,50.52581],[3.464916,50.526199],[3.465268,50.526464],[3.46553,50.526786],[3.465894,50.527031],[3.466812,50.527463],[3.467538,50.528421],[3.46778,50.528726],[3.468226,50.528965],[3.468382,50.529409],[3.468642,50.529529],[3.46904,50.52966],[3.469226,50.529784],[3.469371,50.529786],[3.470345,50.530364],[3.470501,50.530639],[3.470493,50.530784],[3.470612,50.530911],[3.470476,50.531177],[3.470201,50.531445],[3.469773,50.531818],[3.469684,50.532053],[3.470416,50.532607],[3.471911,50.532767],[3.473467,50.532681],[3.473754,50.532842],[3.473979,50.533122],[3.47407,50.533348],[3.474424,50.533672],[3.475469,50.533079],[3.47691,50.532554],[3.477805,50.532319],[3.478423,50.531877],[3.47886,50.531657],[3.479401,50.531525],[3.480034,50.531472],[3.480297,50.53143],[3.481219,50.531203],[3.481417,50.53112],[3.48172,50.530887],[3.48207,50.530512],[3.482397,50.530502],[3.482933,50.530638],[3.483836,50.530779],[3.484743,50.530649],[3.484945,50.530562],[3.485178,50.530378],[3.48531,50.530207],[3.485625,50.530058],[3.486439,50.529865],[3.486999,50.529661],[3.487493,50.529523],[3.488049,50.529523],[3.488713,50.529143],[3.489227,50.528883],[3.489961,50.52856],[3.490391,50.528956],[3.490687,50.528503],[3.491281,50.527649],[3.491381,50.527653],[3.491689,50.527888],[3.492266,50.528269],[3.492562,50.528445],[3.493331,50.528865],[3.493495,50.528933],[3.493962,50.529015],[3.494669,50.529255],[3.495166,50.529398],[3.496156,50.529538],[3.497087,50.529642],[3.49788,50.529704],[3.498026,50.529448],[3.498364,50.529083],[3.49846,50.528947],[3.498984,50.529091],[3.49907,50.529167],[3.499016,50.529318],[3.498642,50.529832],[3.499059,50.530025],[3.499227,50.530052],[3.501136,50.529721],[3.501789,50.529425],[3.501962,50.529375],[3.502248,50.529367],[3.50275,50.529472],[3.503119,50.529593],[3.503921,50.529714],[3.504116,50.52944],[3.504461,50.528861],[3.504928,50.52825],[3.506737,50.528563],[3.506929,50.527856],[3.508087,50.5281],[3.508465,50.528109],[3.508739,50.528043],[3.509251,50.527627],[3.509845,50.527204],[3.510275,50.526954],[3.510876,50.52652],[3.510849,50.526447],[3.511039,50.526213],[3.511268,50.526002],[3.511648,50.525743],[3.511996,50.525731],[3.512474,50.525807],[3.512592,50.525805],[3.512929,50.525712],[3.513333,50.525495],[3.51413,50.525345],[3.515137,50.525106],[3.515382,50.525106],[3.515786,50.52515],[3.516194,50.525087],[3.516763,50.524971],[3.517508,50.524845],[3.518355,50.524659],[3.518669,50.52427],[3.519804,50.523684],[3.520009,50.523616],[3.519845,50.523494],[3.519831,50.523354],[3.519717,50.523198],[3.519405,50.522961],[3.519193,50.522867],[3.519121,50.52276],[3.518489,50.522626],[3.518115,50.522248],[3.518154,50.522205],[3.517953,50.521975],[3.517801,50.521741],[3.517872,50.521582],[3.518113,50.521514],[3.517991,50.521317],[3.518083,50.521156],[3.518006,50.520954],[3.518156,50.520811],[3.518311,50.520799],[3.518373,50.520329],[3.518276,50.520123],[3.517998,50.520213],[3.517939,50.520171],[3.517983,50.519987],[3.518067,50.519887],[3.517884,50.519809],[3.51794,50.519645],[3.517776,50.519598],[3.517729,50.519466],[3.517818,50.519288],[3.517995,50.519248],[3.517904,50.519132],[3.517943,50.51896],[3.517759,50.51863],[3.51772,50.518463],[3.517857,50.518348],[3.517805,50.518259],[3.517645,50.518165],[3.517591,50.517994],[3.51732,50.517821],[3.517175,50.517799],[3.517049,50.517675],[3.516924,50.517463],[3.51678,50.517533],[3.516489,50.517443],[3.516708,50.517317],[3.51662,50.517233],[3.516598,50.516996],[3.516522,50.516897],[3.516682,50.516818],[3.516716,50.516647],[3.515575,50.515354],[3.515549,50.51529],[3.515736,50.515191],[3.516034,50.515131],[3.516254,50.514993],[3.516785,50.514778],[3.516819,50.51466],[3.516678,50.514523],[3.516745,50.514392],[3.51657,50.514295],[3.516577,50.514212],[3.51645,50.514037],[3.516501,50.513826],[3.516603,50.513739],[3.516465,50.5136],[3.516486,50.513483],[3.516328,50.513334],[3.516324,50.51317],[3.516188,50.512865],[3.515894,50.512757],[3.515635,50.512448],[3.515455,50.512306],[3.515214,50.512182],[3.515014,50.511991],[3.514765,50.511842],[3.514443,50.511768],[3.514333,50.511863],[3.514214,50.511806],[3.514069,50.511835],[3.513953,50.511737],[3.513946,50.511597],[3.513811,50.511545],[3.513774,50.511375],[3.513546,50.511374],[3.513476,50.51114],[3.513238,50.511115],[3.513043,50.510907],[3.512812,50.510852],[3.512747,50.510751],[3.512324,50.510656],[3.512271,50.510528],[3.51206,50.510382],[3.51219,50.510294],[3.511887,50.510249],[3.511804,50.51016],[3.511318,50.510238],[3.511269,50.510145],[3.511123,50.510078],[3.511114,50.509871],[3.510907,50.509823],[3.510948,50.509709],[3.510906,50.509578],[3.510599,50.509567],[3.510558,50.509444],[3.510251,50.509329],[3.510308,50.509238],[3.510015,50.509166],[3.509979,50.508989],[3.509793,50.508994],[3.509526,50.508878],[3.509604,50.508765],[3.509486,50.50866],[3.509494,50.508572],[3.509117,50.508486],[3.509021,50.508583],[3.508741,50.508446],[3.508832,50.508332],[3.50876,50.508254],[3.508418,50.508244],[3.50832,50.50815],[3.507623,50.508142],[3.507583,50.508238],[3.507434,50.508298],[3.507235,50.508098],[3.507406,50.507893],[3.50723,50.507827],[3.507205,50.507752],[3.506939,50.507587],[3.506867,50.507458],[3.506667,50.507487],[3.506419,50.50759],[3.506426,50.507698],[3.506225,50.507754],[3.506066,50.507581],[3.505958,50.507634],[3.505799,50.507611],[3.505533,50.507304],[3.505453,50.507365],[3.505279,50.507278],[3.50481,50.50739],[3.504757,50.507272],[3.504456,50.507285],[3.504251,50.507118],[3.503779,50.506932],[3.503338,50.50612],[3.503464,50.505944],[3.503747,50.505847],[3.503957,50.505819],[3.504137,50.505731],[3.503447,50.505286],[3.503179,50.505457],[3.502497,50.50514],[3.502935,50.504825],[3.502901,50.504788],[3.50168,50.50415],[3.502108,50.503912],[3.501504,50.503428],[3.501153,50.50361],[3.500002,50.502693],[3.499916,50.502604],[3.500069,50.502529],[3.499193,50.501671],[3.49908,50.501731],[3.498384,50.500956],[3.497387,50.499861],[3.497613,50.499663],[3.496303,50.498872],[3.496347,50.49872],[3.496865,50.497899],[3.497044,50.497667],[3.49767,50.496935],[3.498517,50.495747],[3.499332,50.494828],[3.499525,50.49455],[3.499203,50.494359],[3.49892,50.494139],[3.498742,50.494146],[3.498568,50.494074],[3.497749,50.493489],[3.497592,50.493294],[3.497548,50.493137],[3.497645,50.492913],[3.497896,50.492603],[3.498442,50.492066],[3.49852,50.491836],[3.498374,50.491068],[3.498397,50.490881],[3.498512,50.490729],[3.499097,50.490116],[3.499232,50.489917],[3.499142,50.489571],[3.499369,50.489176],[3.499028,50.489093],[3.499334,50.488476],[3.499415,50.487989],[3.499868,50.487915],[3.500417,50.48772],[3.500729,50.486703],[3.501017,50.48675],[3.501553,50.486938],[3.502009,50.486975],[3.50218,50.487009],[3.502575,50.486978],[3.502653,50.487018],[3.502614,50.487321],[3.502805,50.487488],[3.503098,50.487905],[3.503256,50.487984],[3.504118,50.488185],[3.504864,50.488475],[3.505291,50.488614],[3.505741,50.48881],[3.506111,50.488944],[3.506708,50.489118],[3.507161,50.489366],[3.507365,50.489314],[3.507336,50.489038],[3.507112,50.48887],[3.506835,50.487941],[3.505808,50.487604],[3.505754,50.487462],[3.506176,50.487457],[3.50608,50.487268],[3.50566,50.486912],[3.505817,50.486815],[3.505312,50.486466],[3.504895,50.486524],[3.505004,50.486285],[3.504912,50.486242],[3.504699,50.486307],[3.50457,50.486242],[3.504581,50.486078],[3.504028,50.485954],[3.504062,50.485806],[3.503428,50.485439],[3.503044,50.485316],[3.502644,50.485152],[3.502308,50.484987],[3.502058,50.484934],[3.501767,50.484821],[3.501446,50.484609],[3.501207,50.484388],[3.500637,50.484315],[3.50046,50.483992],[3.500033,50.483859],[3.498933,50.484188],[3.498457,50.484764],[3.497849,50.48453]]]}"
23,59253,Fresnes-sur-Escaut,"50.432,3.580","{""type"":""Polygon"",""coordinates"":[[[3.58043,50.410295],[3.580717,50.410557],[3.580783,50.410679],[3.581098,50.411678],[3.581272,50.412122],[3.577758,50.412319],[3.576414,50.412389],[3.573322,50.41314],[3.573182,50.412835],[3.572985,50.412906],[3.572641,50.413156],[3.572438,50.413207],[3.570727,50.413292],[3.5682,50.413164],[3.567537,50.413286],[3.567892,50.413881],[3.568145,50.414377],[3.569298,50.415],[3.56949,50.415053],[3.569849,50.415221],[3.570141,50.415602],[3.570331,50.416089],[3.570375,50.416299],[3.570612,50.417129],[3.570912,50.417441],[3.57106,50.417726],[3.571126,50.417995],[3.571194,50.418416],[3.571211,50.418692],[3.571281,50.419281],[3.571356,50.419754],[3.57134,50.419905],[3.57121,50.420049],[3.571406,50.420469],[3.571652,50.421376],[3.571722,50.421843],[3.571843,50.422314],[3.571821,50.422768],[3.571965,50.422921],[3.572284,50.423348],[3.571729,50.423487],[3.568965,50.424059],[3.568293,50.424405],[3.568099,50.424398],[3.567805,50.424251],[3.567574,50.424204],[3.567116,50.424221],[3.566513,50.425303],[3.565614,50.425522],[3.565998,50.425799],[3.565207,50.426197],[3.565041,50.42631],[3.563912,50.426877],[3.562348,50.427626],[3.561768,50.42795],[3.562293,50.428212],[3.562395,50.428339],[3.562381,50.428454],[3.561934,50.428674],[3.560952,50.429115],[3.559947,50.429631],[3.559417,50.429946],[3.559033,50.430221],[3.558327,50.430788],[3.557609,50.431303],[3.557377,50.431544],[3.557045,50.431783],[3.556955,50.43191],[3.556721,50.4321],[3.556365,50.432436],[3.556081,50.432674],[3.555898,50.432878],[3.555618,50.433139],[3.556892,50.433678],[3.556143,50.434052],[3.555901,50.434207],[3.555395,50.434408],[3.554571,50.434768],[3.554435,50.434859],[3.554298,50.435267],[3.553751,50.435403],[3.553553,50.435418],[3.553278,50.435305],[3.553073,50.435094],[3.552885,50.435079],[3.551962,50.435266],[3.551888,50.435357],[3.551867,50.435566],[3.551991,50.435989],[3.551944,50.436306],[3.55198,50.436384],[3.552225,50.436435],[3.552445,50.436518],[3.552635,50.436829],[3.552859,50.437585],[3.553088,50.437955],[3.553482,50.438509],[3.553595,50.438694],[3.553666,50.438915],[3.553612,50.439373],[3.553613,50.439537],[3.553352,50.439749],[3.552787,50.440131],[3.551438,50.440921],[3.551492,50.440982],[3.551877,50.441603],[3.55191,50.441781],[3.551831,50.441908],[3.55155,50.442114],[3.551308,50.442334],[3.552556,50.443152],[3.553091,50.443524],[3.553576,50.443902],[3.553734,50.44406],[3.554606,50.444993],[3.554833,50.445289],[3.554992,50.445566],[3.555186,50.445973],[3.555964,50.447822],[3.556028,50.44791],[3.55679,50.448295],[3.557627,50.448943],[3.558297,50.449404],[3.558364,50.449582],[3.558799,50.450439],[3.558881,50.45072],[3.558865,50.451033],[3.558947,50.451167],[3.554737,50.452809],[3.555318,50.453133],[3.556719,50.452654],[3.557367,50.45241],[3.5576,50.452209],[3.558173,50.451988],[3.558643,50.451852],[3.559319,50.451743],[3.562391,50.45414],[3.563557,50.454598],[3.563647,50.454624],[3.564251,50.454687],[3.564887,50.454716],[3.565847,50.454698],[3.566637,50.454637],[3.567348,50.45457],[3.568752,50.454389],[3.569175,50.454167],[3.569793,50.453725],[3.571066,50.452732],[3.571439,50.452512],[3.573151,50.451134],[3.574306,50.45026],[3.574718,50.449959],[3.576,50.448882],[3.576213,50.448681],[3.576222,50.448574],[3.576584,50.448283],[3.576891,50.448078],[3.577125,50.447974],[3.577778,50.44782],[3.57825,50.44803],[3.578558,50.448089],[3.579365,50.448177],[3.580737,50.448374],[3.580998,50.448315],[3.581139,50.448186],[3.581062,50.447962],[3.580793,50.447657],[3.580424,50.447304],[3.580146,50.447097],[3.579977,50.446903],[3.580003,50.44641],[3.580144,50.446078],[3.580464,50.445833],[3.580859,50.445695],[3.582782,50.445438],[3.58456,50.445021],[3.584701,50.445053],[3.584983,50.445384],[3.58634,50.44538],[3.586342,50.445224],[3.586606,50.445205],[3.586547,50.444754],[3.586873,50.444607],[3.587112,50.444566],[3.587556,50.44456],[3.588226,50.444356],[3.58893,50.443515],[3.589418,50.443627],[3.590027,50.443822],[3.590211,50.44392],[3.590326,50.44404],[3.590472,50.44397],[3.59075,50.444191],[3.59124,50.444025],[3.591979,50.444518],[3.592139,50.444673],[3.592287,50.444242],[3.59241,50.443963],[3.592645,50.443836],[3.59397,50.443565],[3.594169,50.443501],[3.59479,50.443253],[3.594947,50.443112],[3.595287,50.442979],[3.595498,50.442831],[3.596031,50.442231],[3.596374,50.442001],[3.596992,50.44171],[3.597401,50.441476],[3.597729,50.441328],[3.59822,50.441198],[3.598554,50.441011],[3.598607,50.440892],[3.598821,50.440702],[3.598959,50.440499],[3.599058,50.44025],[3.599185,50.440092],[3.599142,50.439788],[3.599226,50.43952],[3.599353,50.439287],[3.599629,50.439089],[3.599992,50.43888],[3.600975,50.43839],[3.601836,50.437976],[3.602083,50.437911],[3.603748,50.437185],[3.603843,50.437109],[3.604193,50.436991],[3.605375,50.436523],[3.605644,50.436454],[3.606636,50.436097],[3.607269,50.435861],[3.607691,50.435687],[3.608735,50.435319],[3.608612,50.435095],[3.6087,50.433886],[3.608581,50.433406],[3.608457,50.43323],[3.608121,50.432976],[3.607877,50.432711],[3.607744,50.432452],[3.60774,50.432071],[3.607859,50.431785],[3.60797,50.431302],[3.608046,50.430602],[3.606134,50.428581],[3.605771,50.428766],[3.605607,50.428775],[3.605481,50.428707],[3.605046,50.428325],[3.604169,50.427384],[3.603795,50.42697],[3.603442,50.426625],[3.602938,50.426179],[3.602706,50.425952],[3.602566,50.425754],[3.603363,50.425509],[3.603675,50.425451],[3.603802,50.42546],[3.603867,50.425266],[3.603383,50.42487],[3.602239,50.424055],[3.601649,50.423659],[3.601553,50.423553],[3.601649,50.423445],[3.602084,50.423317],[3.602192,50.423319],[3.602444,50.423168],[3.601714,50.422552],[3.601101,50.421969],[3.600579,50.421322],[3.600396,50.421053],[3.600115,50.420526],[3.59973,50.420048],[3.599691,50.419888],[3.60024,50.419624],[3.599425,50.418733],[3.599218,50.418526],[3.598999,50.418172],[3.598526,50.417687],[3.598378,50.417557],[3.597941,50.417546],[3.597742,50.417511],[3.597547,50.41742],[3.597145,50.417176],[3.596748,50.416963],[3.597034,50.416567],[3.595407,50.41521],[3.596249,50.415021],[3.597073,50.413872],[3.594715,50.413013],[3.590735,50.409551],[3.588853,50.409692],[3.585659,50.409915],[3.581536,50.410272],[3.580529,50.410314],[3.58043,50.410295]]]}"
24,59284,Hasnon,"50.413,3.387","{""type"":""Polygon"",""coordinates"":[[[3.347623,50.405866],[3.348016,50.40597],[3.348162,50.406065],[3.348452,50.406473],[3.349064,50.407061],[3.349678,50.407704],[3.349971,50.407943],[3.350435,50.408289],[3.350749,50.408499],[3.35126,50.408879],[3.351417,50.409058],[3.351434,50.40933],[3.351328,50.409454],[3.350884,50.409788],[3.350456,50.410219],[3.349956,50.411018],[3.349848,50.41116],[3.349615,50.411334],[3.349485,50.411381],[3.34864,50.411498],[3.348334,50.411608],[3.347696,50.41194],[3.347735,50.412061],[3.347473,50.412212],[3.346955,50.412732],[3.346292,50.41331],[3.345606,50.41373],[3.344971,50.414077],[3.344205,50.414714],[3.344065,50.415085],[3.344139,50.415248],[3.344288,50.415423],[3.344831,50.415867],[3.344994,50.416039],[3.345343,50.416326],[3.345614,50.416431],[3.347162,50.416843],[3.348165,50.417175],[3.348414,50.417208],[3.348738,50.417174],[3.348944,50.417093],[3.349243,50.416926],[3.349462,50.416838],[3.349943,50.4167],[3.350299,50.416645],[3.351128,50.416587],[3.351392,50.416594],[3.352277,50.416568],[3.35251,50.416517],[3.352768,50.416424],[3.35295,50.416199],[3.352886,50.415788],[3.352893,50.415668],[3.353049,50.415453],[3.353202,50.415383],[3.353679,50.415279],[3.35527,50.414865],[3.355714,50.414741],[3.356662,50.415396],[3.356993,50.415535],[3.357514,50.415627],[3.358243,50.415681],[3.358794,50.415803],[3.359333,50.415975],[3.359612,50.416081],[3.360122,50.416313],[3.360412,50.416489],[3.360634,50.416712],[3.360978,50.417124],[3.361332,50.417353],[3.361894,50.417508],[3.362495,50.417474],[3.363107,50.417521],[3.363314,50.417622],[3.363537,50.417898],[3.363537,50.418211],[3.363276,50.418655],[3.363255,50.418731],[3.363356,50.418902],[3.363659,50.419041],[3.363841,50.419067],[3.364941,50.419363],[3.365494,50.419669],[3.365645,50.41995],[3.365858,50.420503],[3.366307,50.420982],[3.366815,50.421772],[3.367118,50.422089],[3.367357,50.422194],[3.367649,50.422185],[3.368837,50.422003],[3.369333,50.422062],[3.370061,50.422256],[3.370548,50.422496],[3.370983,50.422804],[3.372485,50.423913],[3.3733,50.424474],[3.373765,50.424746],[3.37415,50.424939],[3.374934,50.425276],[3.3754,50.425402],[3.377073,50.425676],[3.379108,50.425986],[3.379541,50.426031],[3.381799,50.42619],[3.382354,50.426222],[3.38348,50.426317],[3.383991,50.426381],[3.385672,50.426646],[3.389141,50.427206],[3.391776,50.427617],[3.393179,50.427848],[3.394264,50.428035],[3.396025,50.428391],[3.396685,50.428501],[3.3977,50.428542],[3.40336,50.428385],[3.405396,50.42834],[3.405992,50.428319],[3.408078,50.428158],[3.408605,50.42816],[3.409013,50.428246],[3.409625,50.428521],[3.410539,50.428786],[3.411243,50.428397],[3.411422,50.428338],[3.411507,50.428174],[3.411711,50.428025],[3.411607,50.427578],[3.411493,50.427344],[3.41177,50.427225],[3.411969,50.427101],[3.412877,50.426333],[3.413135,50.426165],[3.413689,50.425907],[3.413858,50.425783],[3.414029,50.425566],[3.414311,50.425469],[3.41503,50.424865],[3.415339,50.424561],[3.415526,50.424413],[3.415744,50.424288],[3.416389,50.423598],[3.416839,50.423235],[3.41744,50.42286],[3.41755,50.422735],[3.417682,50.422449],[3.417666,50.422189],[3.417801,50.421825],[3.41792,50.42163],[3.417937,50.421131],[3.417999,50.420946],[3.418122,50.420857],[3.418464,50.420762],[3.419043,50.420772],[3.419395,50.420743],[3.419737,50.420648],[3.420178,50.420435],[3.420424,50.420277],[3.420574,50.41975],[3.421009,50.419356],[3.421614,50.41894],[3.422125,50.418716],[3.422307,50.418661],[3.422909,50.418565],[3.42318,50.418503],[3.42374,50.41822],[3.423931,50.41795],[3.424005,50.417744],[3.424032,50.417399],[3.424023,50.416952],[3.424055,50.416826],[3.424234,50.41655],[3.42451,50.416284],[3.424893,50.41606],[3.425428,50.415871],[3.426263,50.415499],[3.426523,50.415354],[3.426784,50.415052],[3.42697,50.414554],[3.427124,50.414349],[3.427531,50.414033],[3.427821,50.413769],[3.428038,50.413609],[3.428292,50.413263],[3.428465,50.412902],[3.428706,50.412572],[3.428921,50.412197],[3.429169,50.412015],[3.428502,50.411727],[3.428314,50.411664],[3.427574,50.411556],[3.427469,50.411515],[3.427226,50.411267],[3.42675,50.411148],[3.426528,50.411203],[3.426216,50.411332],[3.425817,50.411284],[3.425642,50.410887],[3.425165,50.409647],[3.425012,50.409305],[3.42499,50.409063],[3.424871,50.408547],[3.424606,50.408272],[3.424295,50.408045],[3.423533,50.407364],[3.423514,50.407259],[3.423906,50.406793],[3.424131,50.406453],[3.424136,50.406336],[3.423868,50.406193],[3.42316,50.406028],[3.422902,50.405661],[3.422525,50.40519],[3.422422,50.404667],[3.422179,50.404478],[3.421761,50.403882],[3.421409,50.403505],[3.421166,50.403162],[3.420928,50.402673],[3.418301,50.399068],[3.41635,50.397559],[3.415909,50.399941],[3.41584,50.400262],[3.415726,50.400602],[3.415623,50.400828],[3.415938,50.40224],[3.415958,50.402786],[3.415521,50.403359],[3.415318,50.403704],[3.415101,50.403957],[3.414875,50.404025],[3.414497,50.404064],[3.413773,50.40409],[3.413627,50.40415],[3.413242,50.404453],[3.412999,50.404484],[3.412733,50.404349],[3.412357,50.404212],[3.410774,50.404235],[3.410353,50.404322],[3.410169,50.404439],[3.409883,50.404711],[3.409105,50.405164],[3.408575,50.405377],[3.408158,50.405429],[3.407058,50.405786],[3.406775,50.405894],[3.406062,50.406114],[3.405757,50.406222],[3.40508,50.406645],[3.405134,50.406829],[3.405237,50.406917],[3.40331,50.408422],[3.403061,50.408339],[3.402739,50.408322],[3.40231,50.408372],[3.401813,50.408406],[3.401568,50.408376],[3.40135,50.408279],[3.400934,50.407996],[3.40067,50.407924],[3.400068,50.407879],[3.399743,50.407948],[3.399215,50.408127],[3.398455,50.408223],[3.398209,50.408291],[3.397768,50.408356],[3.397314,50.408446],[3.396472,50.408561],[3.395699,50.408547],[3.394634,50.408489],[3.394178,50.408454],[3.393529,50.408369],[3.393034,50.408195],[3.392509,50.408029],[3.391861,50.40768],[3.391713,50.407404],[3.391651,50.407156],[3.391416,50.406903],[3.391224,50.406647],[3.39088,50.406505],[3.390794,50.406409],[3.390864,50.406253],[3.390783,50.406098],[3.390561,50.405924],[3.390421,50.405752],[3.390318,50.405525],[3.390208,50.40507],[3.390169,50.404695],[3.390159,50.404305],[3.390077,50.403644],[3.389999,50.403308],[3.389772,50.402928],[3.389148,50.402425],[3.388546,50.402041],[3.388102,50.401821],[3.386065,50.401182],[3.38564,50.401035],[3.385047,50.400934],[3.384526,50.40091],[3.384215,50.400966],[3.383634,50.401009],[3.382233,50.400979],[3.381728,50.401099],[3.381341,50.4011],[3.380506,50.401016],[3.380079,50.401009],[3.378997,50.400961],[3.377808,50.400863],[3.377954,50.400667],[3.378504,50.400257],[3.378918,50.399981],[3.378993,50.399885],[3.378756,50.399386],[3.378388,50.39869],[3.378224,50.398262],[3.378225,50.398016],[3.378329,50.397685],[3.378277,50.397628],[3.37759,50.397671],[3.37743,50.397633],[3.37663,50.397612],[3.375952,50.39762],[3.375364,50.397613],[3.37483,50.397649],[3.374366,50.397725],[3.373942,50.397775],[3.372805,50.397812],[3.372593,50.397734],[3.372342,50.397723],[3.371555,50.397797],[3.371075,50.397881],[3.370696,50.397929],[3.370197,50.398071],[3.369691,50.398181],[3.369094,50.398406],[3.368644,50.398547],[3.368484,50.398652],[3.368388,50.398772],[3.367809,50.399317],[3.367419,50.399266],[3.36656,50.39924],[3.366038,50.39918],[3.365501,50.399142],[3.365029,50.399078],[3.364696,50.399053],[3.363942,50.398948],[3.363655,50.398885],[3.363426,50.398784],[3.363132,50.398781],[3.362756,50.398705],[3.362507,50.398624],[3.361963,50.398392],[3.36178,50.398292],[3.361397,50.398475],[3.360532,50.39853],[3.360305,50.399352],[3.359376,50.400442],[3.358985,50.400889],[3.358616,50.401336],[3.354767,50.400955],[3.353312,50.400796],[3.35054,50.400453],[3.350431,50.400428],[3.349785,50.40037],[3.349739,50.400469],[3.349781,50.400999],[3.349735,50.401311],[3.34978,50.401462],[3.34968,50.40186],[3.349631,50.402484],[3.349639,50.402787],[3.349713,50.402915],[3.349912,50.403132],[3.350278,50.403643],[3.350676,50.40409],[3.350847,50.404253],[3.350958,50.404475],[3.35106,50.404581],[3.351034,50.404699],[3.350604,50.404932],[3.349953,50.405376],[3.349445,50.405678],[3.349241,50.405557],[3.348414,50.405599],[3.347981,50.405606],[3.347608,50.405505],[3.347623,50.405866]]]}"
25,59285,Haspres,"50.264,3.412","{""type"":""Polygon"",""coordinates"":[[[3.436119,50.258754],[3.435461,50.258587],[3.434694,50.258495],[3.43344,50.258402],[3.432129,50.258282],[3.432685,50.25776],[3.430053,50.256588],[3.430905,50.255822],[3.427608,50.254311],[3.4267,50.2537],[3.426643,50.253647],[3.427041,50.25352],[3.427235,50.253431],[3.425932,50.252296],[3.423772,50.251263],[3.423496,50.25104],[3.42334,50.250816],[3.42311,50.250856],[3.422997,50.251031],[3.421934,50.250043],[3.422779,50.249771],[3.423284,50.249546],[3.421684,50.2486],[3.420489,50.247526],[3.420082,50.247361],[3.418852,50.246219],[3.418406,50.246469],[3.417678,50.246828],[3.41666,50.246122],[3.416306,50.246335],[3.416009,50.246569],[3.415007,50.245886],[3.415661,50.245497],[3.414824,50.245022],[3.414962,50.244906],[3.414604,50.244674],[3.414697,50.244587],[3.414527,50.24447],[3.41305,50.243621],[3.412627,50.243339],[3.410236,50.244465],[3.409612,50.242737],[3.40898,50.241848],[3.408666,50.241431],[3.408301,50.240901],[3.408083,50.240473],[3.408005,50.240363],[3.407719,50.239823],[3.407661,50.239862],[3.403492,50.242054],[3.403178,50.241793],[3.401255,50.240151],[3.3975,50.242179],[3.395119,50.243477],[3.39503,50.243546],[3.395269,50.243688],[3.395571,50.24383],[3.395877,50.24393],[3.396533,50.244179],[3.397091,50.24444],[3.398132,50.244852],[3.398333,50.245027],[3.397572,50.245296],[3.396629,50.245603],[3.395692,50.24593],[3.395055,50.246222],[3.393489,50.246861],[3.392175,50.247412],[3.392539,50.24778],[3.394481,50.249916],[3.391377,50.251241],[3.391797,50.251701],[3.391047,50.251993],[3.390041,50.252602],[3.391004,50.253818],[3.391468,50.255153],[3.390793,50.255389],[3.391843,50.25547],[3.390969,50.256169],[3.392188,50.256629],[3.390529,50.257253],[3.389548,50.257612],[3.387106,50.258143],[3.388027,50.25927],[3.390793,50.261344],[3.39052,50.261381],[3.389317,50.261577],[3.390295,50.263663],[3.386974,50.264502],[3.387653,50.265964],[3.388268,50.267259],[3.388432,50.267581],[3.388931,50.268824],[3.389303,50.269727],[3.38943,50.270119],[3.389654,50.270992],[3.395655,50.271066],[3.395438,50.271303],[3.394913,50.272044],[3.394905,50.272211],[3.394961,50.272391],[3.394935,50.272559],[3.394998,50.272819],[3.394996,50.273305],[3.394963,50.273924],[3.394983,50.274288],[3.39722,50.27415],[3.399532,50.274522],[3.39986,50.274663],[3.400415,50.274856],[3.401418,50.275291],[3.401625,50.275364],[3.400266,50.276291],[3.398831,50.278134],[3.398724,50.278167],[3.39846,50.278348],[3.398255,50.278743],[3.39814,50.278873],[3.397377,50.279597],[3.397237,50.279688],[3.396713,50.279844],[3.396828,50.280397],[3.396191,50.280431],[3.395816,50.280576],[3.395548,50.28085],[3.395509,50.281],[3.395575,50.281476],[3.39553,50.281579],[3.394582,50.28203],[3.394884,50.282098],[3.396041,50.282285],[3.396117,50.282666],[3.396193,50.283204],[3.396423,50.284032],[3.398738,50.2838],[3.398481,50.284459],[3.39822,50.284886],[3.398263,50.285256],[3.399479,50.285193],[3.399645,50.285995],[3.400451,50.285946],[3.401785,50.285844],[3.40429,50.28573],[3.404571,50.285675],[3.405871,50.285597],[3.406143,50.285612],[3.406653,50.285701],[3.407223,50.285864],[3.408014,50.286157],[3.408823,50.286379],[3.409328,50.286478],[3.411346,50.28676],[3.41145,50.286783],[3.411824,50.287492],[3.412108,50.287954],[3.413131,50.287118],[3.414747,50.287468],[3.415818,50.287643],[3.416216,50.287765],[3.41695,50.288143],[3.417667,50.28853],[3.417883,50.288614],[3.418564,50.287733],[3.418784,50.287504],[3.419197,50.286961],[3.419468,50.286555],[3.419653,50.28621],[3.422608,50.285826],[3.422892,50.286078],[3.423193,50.286037],[3.422716,50.285445],[3.425043,50.285103],[3.425542,50.284778],[3.425759,50.284594],[3.425905,50.284404],[3.425941,50.283762],[3.42599,50.283551],[3.426244,50.283697],[3.427718,50.28467],[3.427939,50.28483],[3.428229,50.283956],[3.427204,50.283251],[3.427213,50.283211],[3.426797,50.282629],[3.426663,50.282537],[3.426655,50.282431],[3.426531,50.282164],[3.426424,50.282012],[3.426341,50.281796],[3.426581,50.281173],[3.4268,50.280913],[3.427419,50.281286],[3.428491,50.280697],[3.429242,50.281055],[3.429876,50.280955],[3.43022,50.280818],[3.430392,50.280584],[3.43039,50.280357],[3.430331,50.280102],[3.43052,50.279566],[3.435173,50.278305],[3.43532,50.278205],[3.435744,50.277918],[3.437042,50.276923],[3.437105,50.276867],[3.436878,50.276647],[3.436128,50.276637],[3.434593,50.275913],[3.43385,50.275396],[3.433348,50.274834],[3.432214,50.273643],[3.431539,50.27266],[3.431855,50.272489],[3.431455,50.27198],[3.431292,50.271798],[3.430411,50.271148],[3.430246,50.271004],[3.429569,50.270217],[3.429203,50.269853],[3.429007,50.269692],[3.428367,50.269213],[3.432128,50.266693],[3.430551,50.265041],[3.428338,50.264887],[3.428519,50.263458],[3.432234,50.263697],[3.432658,50.263721],[3.433885,50.262245],[3.433315,50.262156],[3.433339,50.262115],[3.436119,50.258754]]]}"
26,59288,Haulchin,"50.311,3.422","{""type"":""Polygon"",""coordinates"":[[[3.422565,50.323461],[3.424835,50.323589],[3.425565,50.323672],[3.426182,50.323666],[3.426463,50.3237],[3.42809,50.323686],[3.429043,50.323695],[3.429881,50.323508],[3.430185,50.323397],[3.430606,50.323376],[3.431361,50.323279],[3.432174,50.323272],[3.432537,50.323197],[3.432831,50.323505],[3.43322,50.32352],[3.43395,50.32383],[3.434452,50.324083],[3.43661,50.325005],[3.436744,50.324757],[3.437206,50.32405],[3.437413,50.323829],[3.437819,50.3233],[3.438152,50.322968],[3.438184,50.32288],[3.438443,50.322265],[3.438264,50.322132],[3.437813,50.321553],[3.437443,50.321315],[3.437541,50.321268],[3.438647,50.320576],[3.44,50.319576],[3.44091,50.318798],[3.4413,50.318806],[3.441577,50.318841],[3.441708,50.318907],[3.44215,50.319026],[3.442709,50.3192],[3.443446,50.31936],[3.444297,50.319509],[3.444742,50.3195],[3.445109,50.31953],[3.445608,50.319471],[3.446034,50.319307],[3.446224,50.319137],[3.445873,50.318175],[3.446127,50.317141],[3.446145,50.317005],[3.44606,50.316802],[3.445897,50.316616],[3.445813,50.31644],[3.44582,50.316285],[3.445983,50.31616],[3.446263,50.316023],[3.446558,50.315748],[3.446749,50.315701],[3.447107,50.315759],[3.44743,50.315744],[3.447626,50.315668],[3.447853,50.315507],[3.448097,50.315203],[3.448116,50.314181],[3.447856,50.314041],[3.44756,50.313777],[3.446289,50.312684],[3.445099,50.31313],[3.442194,50.311366],[3.442762,50.310214],[3.440849,50.310032],[3.440754,50.309917],[3.439921,50.308789],[3.438654,50.308968],[3.438359,50.308756],[3.437417,50.309241],[3.436997,50.309098],[3.436588,50.309393],[3.435787,50.309914],[3.435319,50.310177],[3.433819,50.310923],[3.432695,50.311416],[3.432348,50.311092],[3.431261,50.310263],[3.429967,50.309322],[3.429763,50.30922],[3.4238,50.304533],[3.422973,50.304861],[3.422126,50.30416],[3.422225,50.303865],[3.421093,50.303081],[3.419661,50.303433],[3.417017,50.300301],[3.41657,50.300385],[3.416578,50.300107],[3.41638,50.298943],[3.416275,50.297847],[3.416263,50.297437],[3.416287,50.297262],[3.416419,50.296936],[3.4128,50.297006],[3.412984,50.298241],[3.413409,50.298238],[3.413536,50.300914],[3.412856,50.30092],[3.413176,50.302378],[3.411744,50.302934],[3.410002,50.305309],[3.410532,50.305621],[3.408639,50.306295],[3.4103,50.307896],[3.404766,50.309804],[3.404311,50.309582],[3.402285,50.310045],[3.402357,50.310524],[3.401015,50.310886],[3.400595,50.31089],[3.400727,50.311585],[3.399371,50.311628],[3.399536,50.312223],[3.398255,50.312367],[3.397851,50.313052],[3.397505,50.313005],[3.396711,50.313796],[3.396122,50.313585],[3.395432,50.314408],[3.39707,50.315131],[3.398315,50.315704],[3.398914,50.315951],[3.401107,50.316272],[3.405297,50.316847],[3.406389,50.316975],[3.408438,50.317015],[3.410703,50.317022],[3.410743,50.316873],[3.410873,50.316754],[3.411123,50.316708],[3.411723,50.316725],[3.412469,50.316954],[3.412671,50.316938],[3.4136,50.317149],[3.414546,50.31746],[3.414585,50.318235],[3.414542,50.318629],[3.414558,50.320236],[3.414537,50.320593],[3.413149,50.320638],[3.412791,50.320663],[3.411975,50.320778],[3.411424,50.320892],[3.409587,50.321369],[3.409237,50.321421],[3.40909,50.321409],[3.407816,50.322419],[3.408978,50.322587],[3.41109,50.322686],[3.417391,50.322988],[3.420207,50.32317],[3.421629,50.323262],[3.422565,50.323461]]]}"
27,59292,Haveluy,"50.356,3.402","{""type"":""Polygon"",""coordinates"":[[[3.382358,50.34699],[3.381729,50.348133],[3.379659,50.347864],[3.379253,50.348343],[3.379313,50.349429],[3.379637,50.349419],[3.380081,50.351716],[3.381779,50.35176],[3.382018,50.353275],[3.381512,50.353306],[3.381596,50.35427],[3.382148,50.354263],[3.383829,50.354308],[3.384479,50.354314],[3.384918,50.354301],[3.386173,50.354222],[3.38804,50.354057],[3.388096,50.354218],[3.388342,50.354688],[3.388552,50.355655],[3.388765,50.356406],[3.389354,50.357835],[3.393473,50.358745],[3.393453,50.35917],[3.393641,50.359218],[3.395194,50.359797],[3.396104,50.360096],[3.396033,50.360303],[3.396597,50.360496],[3.396857,50.360154],[3.398361,50.360435],[3.397961,50.360829],[3.399082,50.361155],[3.399649,50.361208],[3.399394,50.361579],[3.399729,50.361679],[3.39984,50.361754],[3.400747,50.361978],[3.400935,50.361401],[3.401616,50.361562],[3.401407,50.362145],[3.403307,50.362695],[3.40301,50.363099],[3.403216,50.363309],[3.404288,50.364085],[3.405354,50.364765],[3.405049,50.365102],[3.406179,50.365511],[3.406413,50.365991],[3.406555,50.366134],[3.40682,50.366331],[3.406908,50.366454],[3.405418,50.367179],[3.405216,50.367922],[3.406409,50.368282],[3.406908,50.367762],[3.408538,50.368377],[3.409499,50.36882],[3.409715,50.367906],[3.409917,50.367213],[3.407996,50.366678],[3.407843,50.366668],[3.408255,50.366246],[3.40847,50.366244],[3.408843,50.366395],[3.408951,50.366383],[3.40983,50.365673],[3.410603,50.365011],[3.410954,50.364822],[3.411434,50.364331],[3.411885,50.36377],[3.412091,50.36343],[3.412043,50.363203],[3.412092,50.362983],[3.412329,50.362497],[3.412783,50.362538],[3.413126,50.362109],[3.413643,50.361511],[3.413964,50.361164],[3.41404,50.361116],[3.414409,50.361161],[3.414931,50.36115],[3.415193,50.361124],[3.415469,50.360818],[3.415786,50.360593],[3.415969,50.360403],[3.416148,50.360135],[3.416273,50.359753],[3.416403,50.359533],[3.416872,50.359234],[3.417593,50.358697],[3.417818,50.358432],[3.418249,50.3578],[3.417806,50.357691],[3.417589,50.357674],[3.417256,50.357694],[3.417079,50.357626],[3.416394,50.357305],[3.417044,50.356573],[3.416892,50.356402],[3.417302,50.35628],[3.418398,50.356038],[3.418825,50.355846],[3.419066,50.355788],[3.419312,50.355652],[3.421831,50.354344],[3.421698,50.354145],[3.421589,50.353894],[3.421394,50.35372],[3.42064,50.35339],[3.419561,50.352707],[3.41884,50.352516],[3.417934,50.352047],[3.417649,50.351842],[3.418129,50.351752],[3.41916,50.351509],[3.419815,50.351291],[3.420202,50.351236],[3.420604,50.351234],[3.420838,50.351209],[3.42123,50.351081],[3.422181,50.350845],[3.423811,50.350405],[3.423931,50.350248],[3.424035,50.349017],[3.423993,50.348946],[3.422908,50.349004],[3.423543,50.348251],[3.423881,50.347588],[3.424004,50.347385],[3.422587,50.347023],[3.421374,50.346917],[3.418788,50.345702],[3.417919,50.346531],[3.417575,50.346828],[3.416846,50.346626],[3.417001,50.346487],[3.415487,50.346095],[3.415537,50.346222],[3.415524,50.346514],[3.413594,50.346296],[3.413692,50.345598],[3.411367,50.345484],[3.411199,50.345913],[3.410623,50.345973],[3.410711,50.344977],[3.409199,50.344634],[3.407691,50.344279],[3.406486,50.343841],[3.405701,50.343565],[3.405414,50.3435],[3.40522,50.343702],[3.404757,50.344237],[3.404139,50.344142],[3.403707,50.344702],[3.402753,50.344409],[3.401639,50.344055],[3.401358,50.343978],[3.401245,50.343661],[3.400386,50.344544],[3.399616,50.34426],[3.397937,50.343696],[3.397354,50.343579],[3.395827,50.343205],[3.39489,50.344712],[3.392487,50.343995],[3.391116,50.345423],[3.390366,50.346164],[3.38901,50.345633],[3.388512,50.346313],[3.386474,50.34567],[3.386177,50.346061],[3.385853,50.346652],[3.383838,50.346306],[3.383331,50.347159],[3.382855,50.347061],[3.382358,50.34699]]]}"
28,59301,Hergnies,"50.479,3.528","{""type"":""Polygon"",""coordinates"":[[[3.538906,50.461313],[3.537793,50.461002],[3.537521,50.461193],[3.536316,50.46137],[3.535522,50.462176],[3.534514,50.462845],[3.534218,50.463353],[3.533443,50.464542],[3.533181,50.464771],[3.532831,50.464783],[3.532114,50.464542],[3.531994,50.464485],[3.531468,50.464347],[3.531136,50.464309],[3.530777,50.464324],[3.530305,50.464463],[3.529983,50.464629],[3.529777,50.464799],[3.528842,50.465845],[3.528721,50.465936],[3.528466,50.46685],[3.528277,50.46735],[3.528085,50.467629],[3.527866,50.467807],[3.527499,50.467981],[3.526791,50.468183],[3.526016,50.468338],[3.52545,50.468401],[3.523258,50.468607],[3.520868,50.470189],[3.520181,50.470223],[3.519664,50.470028],[3.519199,50.469809],[3.518835,50.469667],[3.518232,50.469512],[3.517759,50.469478],[3.517348,50.469585],[3.516704,50.469945],[3.516013,50.470227],[3.515074,50.470534],[3.51472,50.470567],[3.514519,50.470545],[3.514045,50.470411],[3.513646,50.470371],[3.513472,50.470386],[3.513048,50.470519],[3.512233,50.470865],[3.51169,50.471082],[3.511308,50.471172],[3.510889,50.471209],[3.510374,50.471196],[3.510181,50.471232],[3.509941,50.471402],[3.509884,50.471678],[3.510059,50.472389],[3.510086,50.472607],[3.510037,50.473024],[3.509878,50.473261],[3.509672,50.473403],[3.509395,50.473513],[3.508376,50.474052],[3.502798,50.477269],[3.502381,50.478344],[3.502214,50.478992],[3.502045,50.479435],[3.501852,50.479888],[3.50167,50.480143],[3.50146,50.480244],[3.501123,50.480303],[3.500481,50.480383],[3.500001,50.480367],[3.499199,50.480276],[3.498644,50.48026],[3.498187,50.480321],[3.497772,50.480472],[3.497587,50.480682],[3.497559,50.480841],[3.497611,50.481097],[3.497817,50.481629],[3.49752,50.482631],[3.495967,50.483635],[3.497849,50.48453],[3.498457,50.484764],[3.498933,50.484188],[3.500033,50.483859],[3.50046,50.483992],[3.500637,50.484315],[3.501207,50.484388],[3.501446,50.484609],[3.501767,50.484821],[3.502058,50.484934],[3.502308,50.484987],[3.502644,50.485152],[3.503044,50.485316],[3.503428,50.485439],[3.504062,50.485806],[3.504028,50.485954],[3.504581,50.486078],[3.50457,50.486242],[3.504699,50.486307],[3.504912,50.486242],[3.505004,50.486285],[3.504895,50.486524],[3.505312,50.486466],[3.505817,50.486815],[3.50566,50.486912],[3.50608,50.487268],[3.506176,50.487457],[3.505754,50.487462],[3.505808,50.487604],[3.506835,50.487941],[3.507112,50.48887],[3.507336,50.489038],[3.507365,50.489314],[3.507659,50.489452],[3.50787,50.489424],[3.508095,50.48928],[3.508267,50.489255],[3.508815,50.489364],[3.508878,50.489463],[3.508861,50.48959],[3.508955,50.489707],[3.509332,50.489824],[3.509342,50.48995],[3.508875,50.49024],[3.509041,50.490373],[3.509635,50.490238],[3.509828,50.49017],[3.510001,50.490193],[3.509963,50.490467],[3.510162,50.490533],[3.51048,50.4905],[3.510616,50.490634],[3.510761,50.49092],[3.510877,50.490936],[3.51105,50.490785],[3.511184,50.490797],[3.511281,50.490914],[3.51158,50.49092],[3.511833,50.49101],[3.511985,50.491014],[3.512263,50.490891],[3.512426,50.490933],[3.512608,50.491129],[3.512771,50.491172],[3.513077,50.491124],[3.51319,50.491193],[3.513117,50.491342],[3.513187,50.491402],[3.513499,50.491268],[3.513917,50.491266],[3.514179,50.491128],[3.514275,50.491112],[3.514567,50.491183],[3.514874,50.491176],[3.515085,50.491133],[3.515209,50.491158],[3.515232,50.491362],[3.515441,50.491393],[3.515736,50.491351],[3.515885,50.491509],[3.516281,50.491698],[3.516128,50.491967],[3.516275,50.492057],[3.516765,50.491934],[3.516865,50.491998],[3.516806,50.492113],[3.516874,50.492179],[3.517158,50.49215],[3.517498,50.492191],[3.517542,50.492272],[3.517424,50.492559],[3.517612,50.492635],[3.517872,50.492525],[3.517971,50.492546],[3.518101,50.492763],[3.518404,50.492921],[3.5185,50.493195],[3.518997,50.493336],[3.519086,50.493436],[3.51895,50.493544],[3.518983,50.493758],[3.519165,50.493834],[3.519759,50.493749],[3.520082,50.493895],[3.520084,50.493954],[3.519875,50.494088],[3.519764,50.494241],[3.51976,50.494392],[3.519843,50.494466],[3.520576,50.494441],[3.520751,50.494413],[3.520873,50.494491],[3.520956,50.494651],[3.521132,50.494651],[3.521341,50.494525],[3.521535,50.494355],[3.52174,50.494448],[3.522113,50.494742],[3.522584,50.494864],[3.523008,50.495084],[3.522771,50.495108],[3.522719,50.49517],[3.522816,50.495373],[3.522961,50.495389],[3.523336,50.495032],[3.523555,50.495106],[3.523461,50.495287],[3.523439,50.495456],[3.523649,50.495407],[3.523993,50.495476],[3.52415,50.495439],[3.524197,50.49514],[3.524495,50.49513],[3.524387,50.495307],[3.524593,50.495321],[3.52501,50.495097],[3.525215,50.495059],[3.525393,50.49514],[3.525483,50.495253],[3.52564,50.495273],[3.525752,50.49522],[3.52582,50.495063],[3.525991,50.495027],[3.526282,50.495277],[3.526397,50.495243],[3.526489,50.495101],[3.526675,50.495214],[3.527054,50.495312],[3.527152,50.495296],[3.527005,50.495097],[3.527276,50.495049],[3.527553,50.495117],[3.527786,50.495055],[3.52795,50.495169],[3.528079,50.495169],[3.528213,50.494999],[3.528427,50.494923],[3.528564,50.495049],[3.528762,50.495142],[3.529003,50.49505],[3.52911,50.495105],[3.529003,50.49522],[3.529159,50.495332],[3.528999,50.495466],[3.529026,50.495552],[3.529183,50.495618],[3.529548,50.495521],[3.530162,50.495688],[3.53035,50.495822],[3.530521,50.495834],[3.530949,50.495688],[3.531078,50.49586],[3.531205,50.495858],[3.531305,50.495687],[3.531487,50.495646],[3.531693,50.495695],[3.531719,50.495791],[3.531936,50.495877],[3.532027,50.496025],[3.532155,50.496016],[3.532215,50.495859],[3.532297,50.495822],[3.532524,50.495891],[3.532642,50.496],[3.532753,50.495972],[3.532849,50.495794],[3.533428,50.495715],[3.533644,50.495886],[3.534023,50.49581],[3.534275,50.495837],[3.534327,50.495547],[3.534452,50.495462],[3.53469,50.495611],[3.534793,50.495582],[3.534919,50.495362],[3.535188,50.495282],[3.535367,50.49527],[3.535532,50.495314],[3.535812,50.495321],[3.536075,50.495193],[3.536801,50.495051],[3.53706,50.495152],[3.537387,50.495104],[3.537638,50.495109],[3.537735,50.49507],[3.537873,50.49485],[3.538097,50.49464],[3.538418,50.494477],[3.538723,50.494452],[3.538937,50.494337],[3.539299,50.494379],[3.539407,50.494494],[3.539302,50.494681],[3.539591,50.494714],[3.539762,50.494773],[3.539935,50.494774],[3.540233,50.494851],[3.540771,50.494925],[3.541362,50.495207],[3.541372,50.495271],[3.541026,50.49537],[3.540994,50.495485],[3.541208,50.495538],[3.541422,50.495528],[3.541584,50.495438],[3.541748,50.4952],[3.541895,50.495129],[3.54205,50.495177],[3.541978,50.495388],[3.542178,50.495417],[3.542577,50.495646],[3.542571,50.49585],[3.542696,50.495923],[3.542971,50.495958],[3.543141,50.49607],[3.543011,50.496172],[3.542979,50.496333],[3.543321,50.496468],[3.543627,50.496653],[3.543971,50.496709],[3.543997,50.496772],[3.543853,50.496988],[3.543977,50.497053],[3.544392,50.497055],[3.544619,50.497206],[3.544803,50.497181],[3.5449,50.496875],[3.545074,50.496692],[3.545284,50.496729],[3.545156,50.496853],[3.545168,50.49692],[3.545455,50.497028],[3.545604,50.497023],[3.545626,50.49689],[3.546063,50.49679],[3.546239,50.496838],[3.546301,50.496954],[3.546416,50.497013],[3.546625,50.497013],[3.546823,50.497308],[3.546918,50.497399],[3.546822,50.497599],[3.546867,50.497662],[3.547205,50.497744],[3.547364,50.497754],[3.547541,50.497649],[3.547751,50.497762],[3.547838,50.497924],[3.547999,50.49795],[3.548283,50.497897],[3.548443,50.497714],[3.548707,50.497533],[3.549102,50.49753],[3.54929,50.497619],[3.549746,50.497728],[3.549855,50.497616],[3.550018,50.497541],[3.550175,50.49761],[3.550195,50.497729],[3.550291,50.497769],[3.550729,50.497673],[3.551072,50.497787],[3.551176,50.497758],[3.551235,50.4976],[3.551354,50.497547],[3.551689,50.497937],[3.551843,50.497833],[3.55199,50.497817],[3.552136,50.497938],[3.552113,50.498134],[3.552176,50.49822],[3.552382,50.498133],[3.55258,50.49822],[3.552753,50.498426],[3.553016,50.498339],[3.552986,50.498238],[3.552827,50.498151],[3.552828,50.498083],[3.553102,50.498061],[3.553405,50.498265],[3.55359,50.498275],[3.553576,50.498179],[3.553338,50.498056],[3.553615,50.498028],[3.553745,50.497982],[3.553761,50.49785],[3.553976,50.497847],[3.554227,50.497714],[3.554335,50.497735],[3.554455,50.49791],[3.554711,50.497843],[3.554791,50.497931],[3.555158,50.498076],[3.555735,50.498099],[3.555687,50.497784],[3.555997,50.497873],[3.556381,50.497819],[3.556514,50.497881],[3.55664,50.498056],[3.556809,50.498127],[3.557134,50.498102],[3.557244,50.498136],[3.55719,50.498282],[3.556982,50.498446],[3.557015,50.498502],[3.557263,50.498563],[3.557437,50.498539],[3.557577,50.498582],[3.557819,50.498737],[3.558074,50.498732],[3.558435,50.498511],[3.558508,50.498395],[3.558765,50.498378],[3.558807,50.498325],[3.558665,50.498161],[3.558981,50.498045],[3.559474,50.498162],[3.55962,50.498138],[3.559475,50.498015],[3.559565,50.497977],[3.559313,50.49761],[3.559259,50.497447],[3.559419,50.496022],[3.559467,50.495867],[3.559106,50.495882],[3.558747,50.495855],[3.557354,50.495826],[3.553157,50.495279],[3.550946,50.495004],[3.550244,50.494888],[3.550526,50.494434],[3.550639,50.49418],[3.551198,50.492543],[3.551758,50.490793],[3.552296,50.490526],[3.553297,50.489994],[3.553603,50.48977],[3.554084,50.489332],[3.554682,50.488696],[3.554916,50.488384],[3.555503,50.487512],[3.556165,50.486278],[3.556328,50.486034],[3.5569,50.485358],[3.557986,50.484302],[3.558303,50.484049],[3.55815,50.483959],[3.55724,50.483353],[3.556855,50.483133],[3.556432,50.482965],[3.554853,50.482376],[3.554103,50.482143],[3.553445,50.482025],[3.552471,50.481871],[3.55185,50.481723],[3.55154,50.481633],[3.551164,50.481482],[3.550341,50.4811],[3.549957,50.480948],[3.54925,50.480764],[3.548837,50.480692],[3.548586,50.480621],[3.548228,50.479057],[3.548081,50.478686],[3.54792,50.478137],[3.547898,50.477952],[3.547883,50.477396],[3.547992,50.476859],[3.548128,50.476592],[3.548385,50.476255],[3.548967,50.475441],[3.549182,50.475187],[3.549539,50.474864],[3.550005,50.474556],[3.550312,50.474423],[3.551242,50.474189],[3.55182,50.473966],[3.552195,50.473782],[3.552448,50.473569],[3.552685,50.473431],[3.552586,50.473263],[3.552605,50.472903],[3.552563,50.472706],[3.55262,50.472484],[3.552622,50.472282],[3.552508,50.471889],[3.552186,50.471546],[3.552035,50.471211],[3.552054,50.470992],[3.552215,50.470549],[3.552393,50.470301],[3.552618,50.470107],[3.552572,50.469945],[3.552562,50.469036],[3.552508,50.468837],[3.552116,50.467984],[3.551896,50.467663],[3.551686,50.467513],[3.550998,50.467195],[3.550436,50.466968],[3.549516,50.466613],[3.549424,50.466555],[3.548688,50.466225],[3.547525,50.466371],[3.545883,50.465754],[3.546752,50.465254],[3.543893,50.463008],[3.550496,50.460489],[3.550194,50.460184],[3.549128,50.45947],[3.548859,50.459319],[3.548162,50.458992],[3.54729,50.458603],[3.546975,50.458489],[3.546161,50.458579],[3.545868,50.45852],[3.545482,50.458579],[3.544224,50.4589],[3.543519,50.459051],[3.543207,50.459133],[3.542638,50.459326],[3.542271,50.459484],[3.54105,50.460059],[3.540284,50.46041],[3.539249,50.460957],[3.539147,50.46114],[3.538906,50.461313]]]}"
29,59313,Hordain,"50.261,3.329","{""type"":""Polygon"",""coordinates"":[[[3.304723,50.249923],[3.306105,50.251988],[3.306331,50.252453],[3.306336,50.252613],[3.306266,50.252832],[3.306125,50.253016],[3.305823,50.253202],[3.305409,50.253396],[3.304851,50.253536],[3.30531,50.254282],[3.305433,50.25459],[3.305663,50.254559],[3.305685,50.254833],[3.305977,50.255615],[3.306059,50.256002],[3.306325,50.25688],[3.306397,50.257197],[3.306571,50.257636],[3.306661,50.258127],[3.306653,50.25842],[3.306776,50.258684],[3.306792,50.258803],[3.307064,50.259102],[3.307154,50.259306],[3.307486,50.260353],[3.307683,50.260667],[3.307949,50.260896],[3.308038,50.261048],[3.308141,50.261635],[3.308277,50.262055],[3.308589,50.262399],[3.30881,50.262684],[3.309006,50.263037],[3.30905,50.263241],[3.309245,50.263845],[3.309197,50.264092],[3.30898,50.264405],[3.308549,50.264806],[3.308367,50.264875],[3.30787,50.265146],[3.30783,50.265257],[3.307924,50.265472],[3.308173,50.265719],[3.308598,50.266042],[3.308911,50.266332],[3.309369,50.266521],[3.309971,50.2667],[3.310269,50.266854],[3.310393,50.26695],[3.310756,50.267064],[3.311082,50.267243],[3.311346,50.267527],[3.311451,50.267921],[3.311582,50.268164],[3.311933,50.268453],[3.312263,50.268613],[3.312654,50.268847],[3.313559,50.269295],[3.314614,50.269935],[3.315556,50.269369],[3.315988,50.269729],[3.316335,50.269556],[3.317503,50.269432],[3.31804,50.269923],[3.318745,50.270069],[3.32058,50.270312],[3.321337,50.27171],[3.320664,50.272071],[3.321438,50.272889],[3.322337,50.273442],[3.323343,50.273919],[3.323724,50.274119],[3.324103,50.274251],[3.324496,50.274335],[3.324523,50.273706],[3.324317,50.27148],[3.32619,50.270665],[3.325992,50.270199],[3.327388,50.269821],[3.330739,50.269143],[3.329742,50.268126],[3.33183,50.267484],[3.33218,50.267142],[3.332094,50.266891],[3.334881,50.266411],[3.337271,50.26624],[3.339468,50.266207],[3.339541,50.26536],[3.339945,50.264096],[3.344786,50.264119],[3.345181,50.263245],[3.347154,50.263154],[3.347848,50.264072],[3.349727,50.26316],[3.349412,50.262893],[3.349917,50.262486],[3.352148,50.262174],[3.35408,50.261804],[3.354245,50.261786],[3.354015,50.261386],[3.352839,50.260165],[3.352441,50.259807],[3.352338,50.259683],[3.351921,50.259482],[3.351832,50.259483],[3.351536,50.259107],[3.350304,50.257887],[3.350086,50.257651],[3.349662,50.257111],[3.349552,50.256795],[3.34949,50.255998],[3.349365,50.255566],[3.349106,50.25512],[3.348647,50.254423],[3.348435,50.254079],[3.348254,50.253833],[3.347846,50.253351],[3.347734,50.253143],[3.347679,50.252915],[3.347612,50.251872],[3.34748,50.251288],[3.347441,50.251001],[3.347241,50.250279],[3.346667,50.25053],[3.345007,50.251277],[3.344349,50.251561],[3.343047,50.252179],[3.342829,50.252306],[3.341554,50.252974],[3.341147,50.25321],[3.340683,50.253447],[3.340208,50.253727],[3.339221,50.254242],[3.338315,50.254743],[3.337689,50.255063],[3.337277,50.255253],[3.336715,50.25442],[3.333471,50.255442],[3.333415,50.255448],[3.332241,50.255829],[3.331376,50.256092],[3.330495,50.254359],[3.330172,50.253774],[3.329787,50.252715],[3.328776,50.252372],[3.327676,50.252254],[3.326243,50.251682],[3.326179,50.251696],[3.32558,50.251538],[3.325376,50.251416],[3.32531,50.251067],[3.324947,50.251036],[3.324679,50.250953],[3.324289,50.250547],[3.324087,50.250303],[3.323946,50.250198],[3.323742,50.250141],[3.323138,50.250069],[3.322634,50.249987],[3.322515,50.249949],[3.322307,50.249786],[3.320484,50.2497],[3.320116,50.2497],[3.319716,50.249762],[3.31866,50.249777],[3.318501,50.249449],[3.31836,50.249412],[3.315289,50.249056],[3.313242,50.248562],[3.312631,50.248477],[3.31183,50.248326],[3.310948,50.248195],[3.310535,50.248118],[3.31005,50.248052],[3.308888,50.247839],[3.307983,50.24765],[3.307633,50.247624],[3.307213,50.247618],[3.306783,50.247666],[3.306493,50.248045],[3.306129,50.248463],[3.306112,50.248522],[3.305515,50.249298],[3.305196,50.249762],[3.305055,50.24983],[3.304723,50.249923]]]}"
30,59297,Hélesmes,"50.374,3.358","{""type"":""Polygon"",""coordinates"":[[[3.342875,50.350208],[3.343066,50.35092],[3.343351,50.351901],[3.34354,50.352452],[3.34394,50.353272],[3.344143,50.353582],[3.344472,50.354155],[3.345181,50.354872],[3.345412,50.355153],[3.345577,50.35544],[3.346169,50.35634],[3.346794,50.357114],[3.347201,50.357961],[3.34752,50.358428],[3.347816,50.35879],[3.348234,50.359061],[3.348348,50.359096],[3.348289,50.359205],[3.348628,50.359796],[3.348846,50.360084],[3.349291,50.360344],[3.349704,50.360519],[3.34991,50.360647],[3.350058,50.360808],[3.35023,50.361127],[3.350251,50.361317],[3.350222,50.361558],[3.350012,50.362388],[3.349754,50.363084],[3.349573,50.363171],[3.3491,50.363776],[3.348854,50.364037],[3.348256,50.364597],[3.348012,50.364882],[3.347785,50.36535],[3.347772,50.365684],[3.347986,50.366155],[3.348015,50.366335],[3.347978,50.366459],[3.347748,50.366767],[3.347588,50.367134],[3.347512,50.367503],[3.347565,50.367857],[3.347745,50.368297],[3.347785,50.36846],[3.347741,50.368558],[3.347399,50.368803],[3.346828,50.369105],[3.346195,50.369279],[3.346102,50.369365],[3.346072,50.370391],[3.346025,50.371309],[3.346528,50.371581],[3.347261,50.37189],[3.347519,50.372044],[3.347806,50.372268],[3.347973,50.372492],[3.348435,50.373324],[3.348617,50.373585],[3.34876,50.373855],[3.348792,50.37399],[3.348782,50.374554],[3.348936,50.374681],[3.349099,50.37473],[3.350267,50.374943],[3.351292,50.375178],[3.35175,50.375244],[3.35194,50.375243],[3.354198,50.374948],[3.354008,50.37557],[3.353892,50.376041],[3.353597,50.377163],[3.353508,50.377613],[3.353263,50.378552],[3.353189,50.378899],[3.352534,50.381378],[3.352312,50.382337],[3.352344,50.382444],[3.352831,50.382641],[3.35348,50.38285],[3.353721,50.383031],[3.353864,50.383204],[3.354106,50.383678],[3.354185,50.383982],[3.354141,50.384105],[3.353959,50.384371],[3.353953,50.384718],[3.354027,50.384977],[3.354153,50.385201],[3.354432,50.385352],[3.35519,50.385431],[3.355319,50.385482],[3.355378,50.385584],[3.355491,50.385973],[3.355745,50.387287],[3.355464,50.387342],[3.353887,50.388029],[3.353348,50.388987],[3.353192,50.389132],[3.353455,50.389394],[3.353743,50.389633],[3.354509,50.390214],[3.355006,50.390509],[3.355563,50.390789],[3.356228,50.391063],[3.356299,50.391665],[3.355816,50.391838],[3.355435,50.391927],[3.355229,50.391951],[3.354928,50.391935],[3.354168,50.391848],[3.353478,50.391686],[3.353,50.392754],[3.353004,50.392883],[3.353155,50.393601],[3.353205,50.393727],[3.353781,50.394807],[3.353955,50.395172],[3.35394,50.395512],[3.35374,50.396534],[3.353706,50.396594],[3.35254,50.397506],[3.351736,50.398155],[3.351342,50.398457],[3.349411,50.399599],[3.348406,50.400185],[3.347944,50.400477],[3.347359,50.400779],[3.347346,50.400921],[3.347461,50.401702],[3.347576,50.402252],[3.347637,50.402996],[3.347596,50.404172],[3.347614,50.405179],[3.347608,50.405505],[3.347981,50.405606],[3.348414,50.405599],[3.349241,50.405557],[3.349445,50.405678],[3.349953,50.405376],[3.350604,50.404932],[3.351034,50.404699],[3.35106,50.404581],[3.350958,50.404475],[3.350847,50.404253],[3.350676,50.40409],[3.350278,50.403643],[3.349912,50.403132],[3.349713,50.402915],[3.349639,50.402787],[3.349631,50.402484],[3.34968,50.40186],[3.34978,50.401462],[3.349735,50.401311],[3.349781,50.400999],[3.349739,50.400469],[3.349785,50.40037],[3.350431,50.400428],[3.35054,50.400453],[3.353312,50.400796],[3.354767,50.400955],[3.358616,50.401336],[3.358985,50.400889],[3.359376,50.400442],[3.360305,50.399352],[3.360532,50.39853],[3.361397,50.398475],[3.36178,50.398292],[3.361446,50.397983],[3.36121,50.39765],[3.361101,50.397568],[3.360562,50.39662],[3.35977,50.395464],[3.359386,50.394866],[3.359123,50.394559],[3.359384,50.394329],[3.359779,50.394405],[3.360369,50.394427],[3.361297,50.394554],[3.361907,50.394591],[3.362357,50.394659],[3.363786,50.394772],[3.365001,50.394905],[3.367097,50.395192],[3.368052,50.395299],[3.368735,50.395365],[3.369102,50.395382],[3.369347,50.395359],[3.369498,50.395252],[3.36956,50.395094],[3.369598,50.394851],[3.369689,50.394613],[3.369834,50.394333],[3.369998,50.394079],[3.369948,50.393472],[3.36988,50.393294],[3.369674,50.393029],[3.369363,50.392676],[3.369204,50.392241],[3.369164,50.391666],[3.369199,50.391061],[3.369348,50.390485],[3.369514,50.390268],[3.369443,50.390227],[3.369295,50.389993],[3.369054,50.389834],[3.368753,50.389766],[3.368399,50.389755],[3.368176,50.389789],[3.367961,50.389757],[3.36729,50.389555],[3.366587,50.389312],[3.366464,50.389211],[3.365967,50.38902],[3.365445,50.38884],[3.365025,50.388712],[3.36474,50.388651],[3.36446,50.388422],[3.364265,50.388038],[3.364183,50.387807],[3.364162,50.387576],[3.364209,50.387437],[3.364347,50.387294],[3.364805,50.387126],[3.364976,50.386883],[3.365057,50.386668],[3.365057,50.386417],[3.365961,50.385487],[3.366252,50.385069],[3.366246,50.384854],[3.365094,50.384255],[3.363966,50.383905],[3.363845,50.383129],[3.3638,50.38298],[3.36363,50.382772],[3.362963,50.382178],[3.361991,50.381339],[3.360756,50.381741],[3.360015,50.38154],[3.357931,50.381682],[3.356704,50.381969],[3.356267,50.38205],[3.356325,50.381819],[3.356277,50.3817],[3.358089,50.381425],[3.358118,50.381414],[3.358174,50.381001],[3.360145,50.380707],[3.360406,50.380653],[3.36052,50.380548],[3.360675,50.380174],[3.362052,50.379475],[3.362407,50.378421],[3.362309,50.378114],[3.362184,50.377853],[3.362068,50.377693],[3.361595,50.377178],[3.361588,50.375225],[3.361564,50.374378],[3.361522,50.374076],[3.361707,50.373774],[3.361691,50.373655],[3.361394,50.373336],[3.361071,50.372846],[3.36108,50.372824],[3.362331,50.37185],[3.361816,50.371158],[3.362916,50.370824],[3.363023,50.370762],[3.363081,50.370583],[3.36557,50.370296],[3.365469,50.37004],[3.364941,50.368813],[3.36408,50.366783],[3.365847,50.366403],[3.36622,50.366644],[3.367068,50.366454],[3.370805,50.365745],[3.370795,50.365282],[3.370393,50.365186],[3.369778,50.365001],[3.368441,50.364502],[3.366995,50.363948],[3.366359,50.363712],[3.368396,50.361962],[3.369192,50.361237],[3.370636,50.361407],[3.370762,50.360825],[3.371884,50.359243],[3.371487,50.359048],[3.372437,50.358029],[3.371115,50.357117],[3.373095,50.356129],[3.372267,50.355212],[3.372788,50.355079],[3.373081,50.355027],[3.372214,50.354057],[3.372201,50.35401],[3.371494,50.353265],[3.368117,50.35063],[3.368979,50.350188],[3.370476,50.349431],[3.370788,50.35006],[3.371946,50.350097],[3.371886,50.348025],[3.373949,50.347884],[3.373956,50.346196],[3.373552,50.346271],[3.368701,50.344016],[3.368382,50.34427],[3.36923,50.345158],[3.367978,50.345721],[3.365173,50.347048],[3.363897,50.345541],[3.366772,50.342988],[3.366289,50.342452],[3.362902,50.343955],[3.360569,50.344215],[3.360108,50.342806],[3.359277,50.342943],[3.359238,50.344223],[3.357614,50.344243],[3.357664,50.344991],[3.356228,50.345182],[3.356256,50.345561],[3.351716,50.346337],[3.3516,50.346151],[3.349312,50.346698],[3.349827,50.347319],[3.350047,50.347521],[3.34758,50.348174],[3.347309,50.347777],[3.345354,50.348292],[3.344405,50.348919],[3.344773,50.349287],[3.345242,50.349719],[3.345724,50.350112],[3.345968,50.350287],[3.344835,50.350738],[3.343788,50.349991],[3.342875,50.350208]]]}"
31,59302,Hérin,"50.359,3.449","{""type"":""Polygon"",""coordinates"":[[[3.434631,50.340003],[3.432501,50.339516],[3.432338,50.339913],[3.431548,50.341597],[3.431225,50.34252],[3.435676,50.34299],[3.435709,50.343794],[3.435298,50.343883],[3.43544,50.34435],[3.435295,50.344452],[3.436162,50.346373],[3.438157,50.345959],[3.438717,50.348697],[3.441076,50.351347],[3.442521,50.350981],[3.443575,50.352208],[3.444139,50.352375],[3.444214,50.352588],[3.444037,50.352628],[3.443729,50.352828],[3.443438,50.353628],[3.44376,50.353674],[3.443355,50.354513],[3.443939,50.35455],[3.444615,50.354532],[3.446393,50.355033],[3.44701,50.355871],[3.445839,50.356759],[3.444916,50.358143],[3.445439,50.358151],[3.445533,50.358386],[3.446643,50.358816],[3.446481,50.359036],[3.446188,50.359532],[3.445609,50.360589],[3.445356,50.36118],[3.444688,50.362352],[3.443744,50.362384],[3.442492,50.362738],[3.442914,50.362854],[3.443109,50.362964],[3.443358,50.363215],[3.44359,50.363908],[3.443628,50.364419],[3.443598,50.364596],[3.443392,50.364986],[3.443032,50.36538],[3.442245,50.366273],[3.442029,50.366559],[3.441859,50.366898],[3.441762,50.36722],[3.441705,50.367665],[3.441663,50.368215],[3.441597,50.368326],[3.44146,50.368392],[3.440973,50.368489],[3.440786,50.368599],[3.440474,50.368338],[3.438399,50.368488],[3.438658,50.36988],[3.438848,50.370582],[3.439098,50.370908],[3.430451,50.371025],[3.429903,50.371026],[3.430324,50.371966],[3.430384,50.372147],[3.430487,50.372771],[3.43057,50.373441],[3.430654,50.37427],[3.430581,50.374605],[3.430275,50.375151],[3.430189,50.375351],[3.430028,50.375909],[3.429915,50.376833],[3.429853,50.377048],[3.429645,50.377522],[3.429663,50.377635],[3.429798,50.37776],[3.429968,50.377844],[3.43093,50.378159],[3.431118,50.37827],[3.431183,50.3785],[3.431019,50.378941],[3.431007,50.379102],[3.432306,50.378999],[3.432475,50.378962],[3.43277,50.37888],[3.43358,50.378601],[3.434486,50.378342],[3.435091,50.37815],[3.435462,50.378067],[3.436315,50.377959],[3.436636,50.377888],[3.43698,50.377732],[3.438198,50.377056],[3.438495,50.376924],[3.438833,50.376741],[3.439164,50.376659],[3.439687,50.376628],[3.439936,50.376584],[3.440144,50.376508],[3.440593,50.376064],[3.440714,50.375749],[3.441368,50.37557],[3.441681,50.375528],[3.443009,50.375424],[3.4436,50.375352],[3.443922,50.375341],[3.444626,50.375353],[3.44514,50.375282],[3.446011,50.37518],[3.446402,50.375075],[3.446518,50.375007],[3.446908,50.374699],[3.447183,50.374538],[3.447728,50.374383],[3.448232,50.374177],[3.448606,50.373951],[3.449045,50.373589],[3.44736,50.372433],[3.447101,50.372232],[3.447413,50.371961],[3.449832,50.369637],[3.449754,50.369624],[3.447575,50.368942],[3.448653,50.367888],[3.449379,50.367153],[3.450362,50.366356],[3.450747,50.36609],[3.452431,50.365017],[3.452732,50.364872],[3.453334,50.36445],[3.453607,50.364222],[3.45408,50.363694],[3.454802,50.363028],[3.45512,50.362718],[3.455237,50.362773],[3.455554,50.362628],[3.456167,50.362285],[3.457028,50.36177],[3.457576,50.361541],[3.458086,50.361379],[3.459155,50.360948],[3.459725,50.360791],[3.460022,50.360751],[3.460357,50.360618],[3.460987,50.360296],[3.462038,50.359828],[3.462473,50.359664],[3.463452,50.359447],[3.464591,50.359261],[3.464906,50.359172],[3.46504,50.359087],[3.465369,50.358718],[3.465664,50.358482],[3.466169,50.358216],[3.466755,50.358025],[3.467113,50.357965],[3.468206,50.357856],[3.467101,50.356032],[3.466822,50.355437],[3.46668,50.355269],[3.466612,50.355073],[3.46625,50.354456],[3.465998,50.354086],[3.46578,50.353723],[3.465511,50.352996],[3.465556,50.353],[3.465157,50.352035],[3.46505,50.351933],[3.464732,50.351513],[3.463562,50.350077],[3.463197,50.349603],[3.461368,50.348488],[3.460905,50.348284],[3.460724,50.348255],[3.459209,50.347529],[3.457973,50.346841],[3.458733,50.346578],[3.459795,50.346228],[3.459272,50.345374],[3.458728,50.344502],[3.456684,50.344865],[3.456372,50.345801],[3.455363,50.345559],[3.45526,50.345754],[3.454693,50.345951],[3.453212,50.34577],[3.452012,50.344664],[3.451544,50.343987],[3.451677,50.343939],[3.451247,50.343005],[3.450668,50.341843],[3.449839,50.34107],[3.449256,50.340384],[3.447721,50.340675],[3.447626,50.340424],[3.447086,50.340518],[3.447418,50.341487],[3.447728,50.342082],[3.447952,50.342457],[3.448169,50.342944],[3.448338,50.343108],[3.448816,50.343875],[3.449101,50.344223],[3.44936,50.344597],[3.449564,50.345015],[3.449652,50.345255],[3.449814,50.345545],[3.449329,50.34575],[3.446032,50.347126],[3.44511,50.347324],[3.444043,50.346869],[3.442697,50.346555],[3.441447,50.346514],[3.439929,50.344007],[3.440159,50.343932],[3.440058,50.343817],[3.439409,50.342711],[3.439145,50.342381],[3.439909,50.342],[3.440084,50.341983],[3.441288,50.341416],[3.441044,50.340721],[3.441142,50.340373],[3.439382,50.340266],[3.439313,50.340569],[3.439239,50.340754],[3.437681,50.340326],[3.437613,50.340618],[3.437574,50.34097],[3.437416,50.34151],[3.43402,50.340652],[3.434631,50.340003]]]}"
32,59564,La Sentinelle,"50.350,3.477","{""type"":""Polygon"",""coordinates"":[[[3.456684,50.344865],[3.458728,50.344502],[3.459272,50.345374],[3.459795,50.346228],[3.458733,50.346578],[3.457973,50.346841],[3.459209,50.347529],[3.460724,50.348255],[3.460905,50.348284],[3.461368,50.348488],[3.463197,50.349603],[3.463562,50.350077],[3.464732,50.351513],[3.46505,50.351933],[3.465157,50.352035],[3.465556,50.353],[3.465511,50.352996],[3.46578,50.353723],[3.465998,50.354086],[3.46625,50.354456],[3.466612,50.355073],[3.46668,50.355269],[3.466822,50.355437],[3.467101,50.356032],[3.468206,50.357856],[3.468889,50.359166],[3.469269,50.36039],[3.468269,50.361175],[3.468635,50.361339],[3.47015,50.361947],[3.471122,50.362358],[3.472042,50.362725],[3.47327,50.363244],[3.473442,50.363295],[3.474409,50.363085],[3.475362,50.362727],[3.476016,50.362532],[3.476743,50.362335],[3.477075,50.362265],[3.476339,50.360658],[3.476194,50.360392],[3.476809,50.360334],[3.477642,50.360203],[3.478113,50.360145],[3.478374,50.35882],[3.477905,50.35773],[3.47761,50.356561],[3.480111,50.356185],[3.480142,50.356173],[3.479997,50.355549],[3.479882,50.354972],[3.481331,50.354575],[3.482241,50.354373],[3.482642,50.354318],[3.482893,50.354444],[3.484886,50.352999],[3.485121,50.35306],[3.48623,50.352248],[3.486473,50.351997],[3.486836,50.351689],[3.488461,50.352114],[3.489857,50.351368],[3.489217,50.35103],[3.49041,50.350252],[3.491953,50.348661],[3.492988,50.347922],[3.493455,50.347605],[3.494247,50.346981],[3.495044,50.346395],[3.4955,50.346097],[3.496605,50.345513],[3.496363,50.345152],[3.495652,50.345305],[3.493442,50.343045],[3.489877,50.342121],[3.489074,50.341746],[3.488438,50.342017],[3.487323,50.341017],[3.487005,50.340764],[3.486574,50.340317],[3.486043,50.339275],[3.485903,50.338857],[3.485875,50.338401],[3.485899,50.338128],[3.486095,50.33767],[3.486086,50.337444],[3.485984,50.337323],[3.485697,50.33714],[3.48542,50.337039],[3.485245,50.337319],[3.485025,50.337572],[3.484775,50.337788],[3.484436,50.338011],[3.484228,50.338115],[3.483373,50.338474],[3.482885,50.338755],[3.482462,50.339136],[3.482077,50.339842],[3.481657,50.340443],[3.481462,50.340818],[3.481346,50.340956],[3.481036,50.341415],[3.48067,50.342057],[3.479942,50.342779],[3.479833,50.342999],[3.479536,50.343492],[3.479204,50.34399],[3.47912,50.344081],[3.47831,50.344542],[3.476343,50.34358],[3.476257,50.34355],[3.474754,50.342835],[3.47282,50.341926],[3.472683,50.341888],[3.47196,50.341555],[3.470625,50.340922],[3.467279,50.339315],[3.466886,50.339115],[3.464412,50.337935],[3.463764,50.337662],[3.46309,50.337336],[3.463937,50.339866],[3.463521,50.339793],[3.463478,50.340434],[3.463154,50.340491],[3.463504,50.34174],[3.463001,50.341956],[3.462233,50.341426],[3.46187,50.341206],[3.461429,50.340989],[3.460542,50.340638],[3.46011,50.340447],[3.459539,50.340305],[3.458473,50.340089],[3.457523,50.33991],[3.457343,50.341165],[3.4575,50.341187],[3.457483,50.34261],[3.458056,50.342627],[3.458147,50.343396],[3.457026,50.344014],[3.456953,50.344264],[3.456684,50.344865]]]}"
33,59335,Lecelles,"50.477,3.396","{""type"":""Polygon"",""coordinates"":[[[3.359378,50.472125],[3.359119,50.472314],[3.358982,50.47253],[3.358596,50.472964],[3.358266,50.473276],[3.357688,50.473876],[3.357224,50.47466],[3.356947,50.475081],[3.356761,50.475411],[3.356415,50.476119],[3.355792,50.476707],[3.355437,50.477006],[3.355325,50.477092],[3.355713,50.47744],[3.356488,50.478171],[3.356459,50.478287],[3.356452,50.478661],[3.356422,50.478822],[3.356692,50.478859],[3.356853,50.478641],[3.357087,50.478134],[3.357213,50.477955],[3.357359,50.477917],[3.357573,50.477948],[3.358388,50.478148],[3.358678,50.478145],[3.358991,50.478091],[3.359232,50.478101],[3.360014,50.478303],[3.360643,50.478376],[3.361421,50.478553],[3.361969,50.478664],[3.362826,50.478879],[3.363133,50.47898],[3.364033,50.479344],[3.364375,50.479568],[3.364623,50.47977],[3.365008,50.480036],[3.365444,50.48053],[3.365573,50.480778],[3.365502,50.480912],[3.365587,50.481028],[3.365747,50.48136],[3.36589,50.481508],[3.366157,50.481554],[3.366301,50.48162],[3.366596,50.481589],[3.366674,50.481629],[3.367025,50.482315],[3.367398,50.48293],[3.367543,50.483244],[3.367609,50.483534],[3.367622,50.48376],[3.367588,50.484011],[3.367392,50.484135],[3.367423,50.484228],[3.36773,50.484724],[3.368273,50.485515],[3.368417,50.485704],[3.36854,50.48579],[3.369091,50.4859],[3.36971,50.486052],[3.37009,50.486131],[3.370267,50.48614],[3.371341,50.486137],[3.371587,50.486115],[3.372116,50.486112],[3.37301,50.485963],[3.373182,50.48609],[3.373354,50.486058],[3.373844,50.485821],[3.374131,50.48564],[3.374377,50.485724],[3.374819,50.485952],[3.375319,50.486289],[3.375791,50.486388],[3.37605,50.48636],[3.37635,50.486144],[3.376534,50.486145],[3.376981,50.486238],[3.377442,50.486266],[3.378403,50.48649],[3.378493,50.486482],[3.378783,50.48629],[3.37906,50.486189],[3.379387,50.48616],[3.380162,50.485858],[3.380314,50.485851],[3.380779,50.485998],[3.381064,50.486118],[3.381484,50.486194],[3.381857,50.485988],[3.381958,50.486041],[3.382175,50.48627],[3.382404,50.486441],[3.383036,50.486819],[3.383208,50.486992],[3.383312,50.487343],[3.383356,50.487618],[3.383165,50.487991],[3.382928,50.48817],[3.3831,50.488202],[3.383312,50.488347],[3.383611,50.488813],[3.383295,50.488969],[3.382547,50.489223],[3.382303,50.489374],[3.382077,50.489463],[3.381444,50.48962],[3.381113,50.489765],[3.380908,50.489884],[3.380654,50.489975],[3.380185,50.490043],[3.378664,50.49023],[3.378486,50.490293],[3.377936,50.4906],[3.377549,50.490686],[3.37742,50.49077],[3.377304,50.490921],[3.377056,50.491094],[3.377082,50.491163],[3.377054,50.491527],[3.377093,50.491816],[3.377082,50.492107],[3.377952,50.492139],[3.378203,50.492174],[3.378456,50.492169],[3.37905,50.492037],[3.380537,50.492867],[3.380809,50.492983],[3.381129,50.493083],[3.381813,50.49323],[3.382524,50.493351],[3.382826,50.49343],[3.383221,50.493495],[3.383947,50.493581],[3.384861,50.493631],[3.385067,50.493657],[3.385378,50.493742],[3.385954,50.493981],[3.386388,50.494182],[3.386517,50.49427],[3.386839,50.494717],[3.38722,50.495003],[3.387546,50.49511],[3.388877,50.495422],[3.388856,50.495578],[3.388902,50.496006],[3.388996,50.496133],[3.39005,50.497188],[3.390487,50.497635],[3.390674,50.497784],[3.391224,50.498111],[3.392025,50.498516],[3.392398,50.497843],[3.392607,50.497708],[3.392819,50.497691],[3.393347,50.497732],[3.39357,50.49772],[3.393722,50.497654],[3.395213,50.496791],[3.395535,50.496558],[3.39602,50.496114],[3.396985,50.496773],[3.397182,50.496851],[3.397782,50.497436],[3.39777,50.497524],[3.397432,50.497717],[3.396908,50.497925],[3.397068,50.498119],[3.397349,50.498399],[3.397438,50.498419],[3.398146,50.498437],[3.399165,50.498586],[3.399565,50.498655],[3.400882,50.498957],[3.401354,50.498383],[3.402385,50.498698],[3.405675,50.498962],[3.405875,50.498477],[3.406461,50.498733],[3.407377,50.498029],[3.408108,50.497386],[3.409257,50.497619],[3.409528,50.497322],[3.410111,50.496793],[3.408857,50.49639],[3.409852,50.494815],[3.411327,50.495028],[3.411473,50.494619],[3.412558,50.494884],[3.412647,50.494576],[3.412447,50.494047],[3.412749,50.493412],[3.413196,50.492704],[3.413415,50.492408],[3.413264,50.492149],[3.413051,50.492021],[3.412776,50.491927],[3.412171,50.491775],[3.410824,50.491334],[3.410653,50.491287],[3.410344,50.491305],[3.409947,50.491416],[3.409714,50.491403],[3.409126,50.49119],[3.407732,50.490702],[3.406842,50.490437],[3.40627,50.490217],[3.406175,50.490121],[3.406043,50.489845],[3.405931,50.489706],[3.404948,50.488884],[3.404457,50.488506],[3.404132,50.488318],[3.403987,50.488121],[3.403939,50.487827],[3.403935,50.487531],[3.403861,50.487364],[3.403672,50.487306],[3.40316,50.48731],[3.402958,50.487223],[3.402744,50.486999],[3.402548,50.486845],[3.402726,50.486778],[3.403403,50.486467],[3.404139,50.486112],[3.404265,50.486016],[3.404387,50.485826],[3.404448,50.485516],[3.404541,50.485374],[3.404674,50.485297],[3.404968,50.485199],[3.405619,50.485027],[3.407444,50.484703],[3.408601,50.484394],[3.409553,50.484156],[3.410637,50.483929],[3.411362,50.483813],[3.412694,50.483656],[3.414606,50.483455],[3.415573,50.483332],[3.417147,50.483123],[3.420358,50.482669],[3.420859,50.482661],[3.421808,50.482814],[3.421978,50.48282],[3.422423,50.482777],[3.424588,50.482464],[3.42508,50.482407],[3.425281,50.48292],[3.42548,50.483316],[3.425572,50.483432],[3.42583,50.483636],[3.426234,50.483749],[3.427069,50.483869],[3.42742,50.483929],[3.427863,50.483964],[3.42858,50.483938],[3.428987,50.483938],[3.429387,50.483994],[3.42963,50.484085],[3.430134,50.484365],[3.430514,50.484501],[3.43125,50.484731],[3.431541,50.484853],[3.432111,50.485188],[3.43255,50.484858],[3.432821,50.484464],[3.433011,50.484277],[3.433089,50.48407],[3.433144,50.48374],[3.433087,50.483613],[3.433368,50.483293],[3.433695,50.483028],[3.433496,50.482889],[3.432574,50.482414],[3.431979,50.482087],[3.431324,50.481649],[3.430798,50.481835],[3.430464,50.481935],[3.428848,50.482281],[3.428539,50.481554],[3.428222,50.481034],[3.428078,50.48065],[3.428076,50.480386],[3.428108,50.480109],[3.428173,50.479921],[3.428305,50.479726],[3.428629,50.479398],[3.428828,50.479287],[3.429042,50.479216],[3.429374,50.479517],[3.429679,50.479765],[3.429838,50.479821],[3.430059,50.479816],[3.430608,50.479681],[3.430797,50.479552],[3.431038,50.479596],[3.431424,50.4795],[3.432017,50.479326],[3.432117,50.479271],[3.433116,50.479147],[3.433855,50.479092],[3.434379,50.47886],[3.435318,50.478546],[3.435289,50.478293],[3.434481,50.47741],[3.436099,50.476537],[3.435767,50.476261],[3.435588,50.476086],[3.43562,50.475943],[3.435832,50.475854],[3.436333,50.475744],[3.436307,50.47567],[3.435779,50.475216],[3.435546,50.475053],[3.435138,50.474829],[3.435111,50.474766],[3.435446,50.474508],[3.435888,50.474232],[3.436217,50.47399],[3.436394,50.473813],[3.436751,50.473525],[3.436138,50.473167],[3.436037,50.473057],[3.435503,50.472671],[3.435323,50.472627],[3.434475,50.4728],[3.434311,50.472752],[3.434009,50.472395],[3.433849,50.472142],[3.433716,50.472077],[3.433376,50.472065],[3.433327,50.471959],[3.433124,50.471233],[3.433025,50.470564],[3.432927,50.470101],[3.432914,50.469905],[3.433507,50.470056],[3.433866,50.470057],[3.434114,50.469986],[3.434333,50.469831],[3.43459,50.469506],[3.434788,50.468968],[3.435143,50.468529],[3.435522,50.467988],[3.435638,50.467928],[3.436255,50.467317],[3.436551,50.466952],[3.436679,50.466741],[3.437375,50.465906],[3.436183,50.464757],[3.436109,50.464618],[3.436125,50.464074],[3.436056,50.463707],[3.435966,50.463492],[3.435687,50.462716],[3.435674,50.462462],[3.43561,50.462403],[3.435369,50.461962],[3.435229,50.461854],[3.434797,50.461706],[3.434358,50.461579],[3.43179,50.460794],[3.431261,50.460619],[3.429577,50.460096],[3.428353,50.4597],[3.42712,50.459363],[3.426576,50.459244],[3.426314,50.459156],[3.425485,50.458917],[3.42514,50.459162],[3.425039,50.459403],[3.42522,50.459647],[3.424883,50.460078],[3.424719,50.46009],[3.424307,50.459783],[3.423987,50.45958],[3.423489,50.459342],[3.423123,50.45913],[3.423044,50.459129],[3.422716,50.459266],[3.422279,50.459394],[3.421855,50.459554],[3.421417,50.459751],[3.420376,50.460032],[3.420133,50.459621],[3.419497,50.458863],[3.419865,50.458644],[3.421359,50.45789],[3.421818,50.457613],[3.422027,50.457413],[3.422302,50.457102],[3.423026,50.456571],[3.423301,50.456352],[3.42425,50.45553],[3.422309,50.45476],[3.420437,50.454327],[3.420314,50.4546],[3.420247,50.454668],[3.419773,50.454997],[3.419465,50.455059],[3.418797,50.455302],[3.41823,50.455493],[3.417946,50.455614],[3.417717,50.455669],[3.417457,50.455616],[3.417158,50.455616],[3.41649,50.455702],[3.416237,50.455775],[3.416053,50.455978],[3.416064,50.456071],[3.415917,50.456177],[3.415504,50.456686],[3.414814,50.457492],[3.41469,50.457715],[3.414411,50.458058],[3.414051,50.45832],[3.413772,50.458489],[3.413304,50.458831],[3.413479,50.458878],[3.413339,50.459048],[3.41256,50.459696],[3.411727,50.460303],[3.411283,50.460572],[3.411146,50.460677],[3.410502,50.461085],[3.410263,50.461449],[3.409949,50.461843],[3.409329,50.461638],[3.409074,50.461424],[3.408806,50.461092],[3.408571,50.461002],[3.407832,50.460627],[3.407607,50.46049],[3.406966,50.460171],[3.405895,50.459412],[3.405476,50.459181],[3.405057,50.458849],[3.404833,50.458701],[3.404604,50.458506],[3.404578,50.458384],[3.404371,50.458248],[3.404096,50.458118],[3.403534,50.45792],[3.403179,50.457846],[3.402706,50.457798],[3.402474,50.457797],[3.402034,50.457837],[3.401417,50.457935],[3.400211,50.458061],[3.399848,50.458107],[3.399558,50.45817],[3.399179,50.45819],[3.3982,50.458616],[3.397759,50.458728],[3.397614,50.458855],[3.397337,50.45892],[3.396715,50.459002],[3.396335,50.458962],[3.396123,50.458814],[3.395928,50.458727],[3.395333,50.458296],[3.394904,50.45794],[3.394679,50.457879],[3.39429,50.457824],[3.393918,50.457727],[3.393527,50.457707],[3.39254,50.45757],[3.392142,50.457557],[3.39187,50.457584],[3.391655,50.457651],[3.391153,50.457872],[3.390839,50.457984],[3.390435,50.458084],[3.389476,50.458408],[3.38917,50.458496],[3.38859,50.458604],[3.388264,50.458633],[3.388078,50.458614],[3.387719,50.458497],[3.3875,50.458391],[3.386788,50.45796],[3.386247,50.457683],[3.38596,50.457632],[3.384859,50.457259],[3.384128,50.45704],[3.383844,50.456869],[3.38345,50.456548],[3.383225,50.456306],[3.383025,50.455907],[3.381771,50.454876],[3.381429,50.454631],[3.381158,50.454331],[3.381047,50.454167],[3.380722,50.45432],[3.379976,50.454704],[3.379902,50.454773],[3.380084,50.455196],[3.380037,50.455382],[3.379658,50.455491],[3.378754,50.45578],[3.379171,50.455977],[3.379255,50.456068],[3.379349,50.456443],[3.379321,50.45675],[3.379355,50.457044],[3.379437,50.457401],[3.379451,50.457573],[3.37921,50.457885],[3.378975,50.458095],[3.378761,50.458235],[3.378684,50.458329],[3.378645,50.45854],[3.378547,50.458736],[3.378485,50.459324],[3.378294,50.459863],[3.376806,50.459872],[3.376261,50.459844],[3.375662,50.45979],[3.3753,50.459743],[3.375224,50.459897],[3.375067,50.460077],[3.374947,50.460074],[3.374464,50.459961],[3.374272,50.459947],[3.374152,50.460002],[3.374136,50.460095],[3.37419,50.460552],[3.374194,50.460792],[3.374101,50.461145],[3.374701,50.461218],[3.375152,50.461219],[3.376275,50.461125],[3.376793,50.462625],[3.376576,50.462636],[3.376512,50.462696],[3.376433,50.463],[3.376318,50.463305],[3.37612,50.463716],[3.375832,50.464167],[3.3757,50.464287],[3.375668,50.464393],[3.375053,50.465091],[3.374596,50.465039],[3.373904,50.465066],[3.373689,50.465098],[3.373412,50.465519],[3.373294,50.465894],[3.373216,50.46598],[3.372935,50.465982],[3.372544,50.466975],[3.372415,50.467391],[3.372405,50.467512],[3.371819,50.46739],[3.371618,50.467652],[3.371116,50.468354],[3.370718,50.468777],[3.369821,50.469605],[3.36955,50.469928],[3.369236,50.470342],[3.368808,50.470874],[3.368485,50.471335],[3.368066,50.471811],[3.367803,50.472184],[3.367426,50.472674],[3.367041,50.472979],[3.366633,50.473181],[3.366021,50.472752],[3.365371,50.472322],[3.36522,50.47248],[3.3646,50.472915],[3.36366,50.473597],[3.363562,50.473657],[3.36204,50.472873],[3.361946,50.47308],[3.361303,50.472911],[3.360588,50.472684],[3.359378,50.472125]]]}"
34,59348,Lieu-Saint-Amand,"50.272,3.348","{""type"":""Polygon"",""coordinates"":[[[3.324496,50.274335],[3.324691,50.275051],[3.324793,50.275556],[3.324802,50.275732],[3.325292,50.275726],[3.326486,50.275419],[3.330908,50.277175],[3.331634,50.277485],[3.332064,50.277954],[3.331989,50.27799],[3.332725,50.278927],[3.333265,50.279587],[3.334707,50.281527],[3.335142,50.282431],[3.338756,50.281048],[3.337985,50.280314],[3.340282,50.279626],[3.340926,50.280171],[3.341586,50.279951],[3.341876,50.280136],[3.342879,50.279695],[3.343539,50.2795],[3.343704,50.279498],[3.344209,50.280184],[3.344757,50.279719],[3.345799,50.280267],[3.346348,50.280482],[3.347685,50.28083],[3.349643,50.281833],[3.353106,50.279419],[3.354209,50.28009],[3.354674,50.279845],[3.354544,50.2797],[3.354542,50.279593],[3.354989,50.279424],[3.355662,50.280668],[3.356653,50.279959],[3.359584,50.278301],[3.359749,50.278383],[3.360652,50.278775],[3.361634,50.279239],[3.362097,50.27953],[3.362956,50.280102],[3.363129,50.280243],[3.363452,50.280593],[3.363751,50.280994],[3.363993,50.281397],[3.364546,50.28251],[3.364774,50.282799],[3.369788,50.27995],[3.368716,50.279282],[3.365352,50.277048],[3.367287,50.275912],[3.369568,50.27457],[3.367296,50.272927],[3.368909,50.272153],[3.369874,50.271363],[3.371311,50.269827],[3.371683,50.268141],[3.370888,50.267066],[3.370286,50.267038],[3.369461,50.266941],[3.369004,50.266953],[3.368539,50.267008],[3.367377,50.267217],[3.367032,50.266796],[3.36655,50.266977],[3.365897,50.265822],[3.365595,50.265451],[3.365239,50.264829],[3.364029,50.263591],[3.363862,50.263684],[3.361492,50.261803],[3.360511,50.262503],[3.360101,50.262728],[3.358595,50.263495],[3.35615,50.264752],[3.355948,50.264489],[3.355548,50.263903],[3.355356,50.263659],[3.354894,50.262839],[3.354785,50.262728],[3.354539,50.262328],[3.354456,50.262115],[3.354245,50.261786],[3.35408,50.261804],[3.352148,50.262174],[3.349917,50.262486],[3.349412,50.262893],[3.349727,50.26316],[3.347848,50.264072],[3.347154,50.263154],[3.345181,50.263245],[3.344786,50.264119],[3.339945,50.264096],[3.339541,50.26536],[3.339468,50.266207],[3.337271,50.26624],[3.334881,50.266411],[3.332094,50.266891],[3.33218,50.267142],[3.33183,50.267484],[3.329742,50.268126],[3.330739,50.269143],[3.327388,50.269821],[3.325992,50.270199],[3.32619,50.270665],[3.324317,50.27148],[3.324523,50.273706],[3.324496,50.274335]]]}"
35,59361,Lourches,"50.311,3.358","{""type"":""Polygon"",""coordinates"":[[[3.343344,50.315184],[3.349707,50.318196],[3.349825,50.317993],[3.351708,50.318249],[3.351667,50.318398],[3.35393,50.318894],[3.353854,50.319127],[3.355378,50.319247],[3.359549,50.319536],[3.359786,50.318523],[3.362447,50.318873],[3.362665,50.318495],[3.363177,50.317745],[3.363517,50.317281],[3.36369,50.317327],[3.36413,50.317533],[3.364366,50.317615],[3.365174,50.317951],[3.365281,50.317839],[3.36635,50.316607],[3.368114,50.3173],[3.369214,50.31612],[3.369386,50.316081],[3.370258,50.315447],[3.368791,50.31481],[3.369756,50.313938],[3.36976,50.313831],[3.371348,50.312406],[3.37167,50.31254],[3.372358,50.311714],[3.372265,50.311564],[3.372554,50.310812],[3.372353,50.31054],[3.372197,50.309818],[3.370767,50.305663],[3.368718,50.302907],[3.367242,50.303107],[3.367429,50.304314],[3.368348,50.305944],[3.36801,50.30595],[3.367338,50.306027],[3.366983,50.306105],[3.366324,50.306197],[3.365849,50.306232],[3.365509,50.306278],[3.364946,50.306398],[3.36438,50.306423],[3.363621,50.306277],[3.362714,50.306051],[3.361599,50.305749],[3.359843,50.305228],[3.359449,50.305083],[3.359034,50.304906],[3.359012,50.304946],[3.357913,50.305726],[3.356217,50.304768],[3.355067,50.304493],[3.354296,50.304332],[3.352647,50.303708],[3.351881,50.30293],[3.351775,50.302402],[3.350292,50.301672],[3.349857,50.302142],[3.349687,50.302349],[3.349435,50.302755],[3.349305,50.303071],[3.349087,50.303913],[3.348971,50.304213],[3.348802,50.304528],[3.347611,50.306268],[3.347122,50.306822],[3.346858,50.307174],[3.346825,50.307273],[3.346782,50.307781],[3.346789,50.308022],[3.346894,50.308626],[3.346847,50.308928],[3.344836,50.312481],[3.344731,50.312461],[3.344494,50.31278],[3.344203,50.313261],[3.343929,50.31376],[3.343344,50.315184]]]}"
36,59369,Maing,"50.304,3.489","{""type"":""Polygon"",""coordinates"":[[[3.461341,50.29522],[3.462692,50.301234],[3.463048,50.30128],[3.463683,50.304052],[3.463994,50.304083],[3.465638,50.304291],[3.466314,50.30788],[3.465236,50.307812],[3.464773,50.307801],[3.46489,50.308339],[3.464405,50.308953],[3.464212,50.309161],[3.463743,50.309299],[3.463532,50.30945],[3.463532,50.309593],[3.463615,50.309701],[3.463898,50.309928],[3.464079,50.310254],[3.464196,50.310922],[3.464263,50.311668],[3.464991,50.312725],[3.465034,50.312858],[3.465,50.313035],[3.46465,50.3135],[3.46461,50.31369],[3.465269,50.31376],[3.472356,50.314191],[3.472905,50.314437],[3.479193,50.317377],[3.487697,50.321465],[3.492866,50.324818],[3.49441,50.324067],[3.495053,50.323747],[3.495357,50.323568],[3.495689,50.323316],[3.495837,50.323157],[3.497434,50.322763],[3.497615,50.323278],[3.497363,50.323345],[3.497349,50.323744],[3.49695,50.323937],[3.496879,50.324175],[3.496946,50.324255],[3.497703,50.323924],[3.497807,50.323981],[3.49843,50.323858],[3.498805,50.323769],[3.499455,50.323642],[3.500065,50.323508],[3.500232,50.323498],[3.500511,50.324715],[3.500523,50.325025],[3.500713,50.325222],[3.5014,50.325079],[3.50188,50.325697],[3.504267,50.324984],[3.504246,50.324279],[3.504659,50.32457],[3.505361,50.324406],[3.505868,50.324253],[3.506453,50.324116],[3.506755,50.324007],[3.507152,50.323913],[3.508008,50.323746],[3.509001,50.323666],[3.508978,50.323539],[3.508326,50.322901],[3.507948,50.322571],[3.509955,50.321265],[3.509301,50.320682],[3.508354,50.320239],[3.506128,50.320074],[3.506531,50.319383],[3.506908,50.318809],[3.506395,50.317025],[3.505115,50.316952],[3.50479,50.315857],[3.505701,50.315513],[3.503849,50.31358],[3.505131,50.31247],[3.505221,50.312488],[3.506767,50.311046],[3.507515,50.311154],[3.509341,50.308957],[3.509569,50.30878],[3.509876,50.308354],[3.510395,50.307928],[3.510622,50.307762],[3.511174,50.307491],[3.511461,50.307397],[3.511722,50.307363],[3.512093,50.307229],[3.513409,50.306687],[3.513807,50.306513],[3.512655,50.305592],[3.511716,50.304882],[3.514045,50.303719],[3.51537,50.303046],[3.516325,50.302642],[3.517072,50.302288],[3.516989,50.301951],[3.516694,50.300928],[3.516612,50.300688],[3.516461,50.300073],[3.516277,50.299449],[3.515431,50.29843],[3.515277,50.298433],[3.515116,50.298341],[3.514396,50.297822],[3.513878,50.297503],[3.513321,50.29715],[3.513065,50.296936],[3.512735,50.296501],[3.512616,50.29626],[3.512562,50.29583],[3.512556,50.295506],[3.512517,50.29511],[3.512455,50.294874],[3.512279,50.294496],[3.512135,50.294274],[3.512082,50.294126],[3.511795,50.293805],[3.511662,50.293056],[3.510382,50.292737],[3.510507,50.291838],[3.509865,50.291765],[3.509691,50.291389],[3.509741,50.291282],[3.508504,50.291],[3.496382,50.293201],[3.492921,50.289539],[3.494152,50.289624],[3.496269,50.284183],[3.494628,50.283747],[3.494292,50.284483],[3.493742,50.28584],[3.493308,50.286726],[3.493142,50.28696],[3.489426,50.284125],[3.49028,50.283552],[3.48861,50.282434],[3.48426,50.286271],[3.484078,50.285968],[3.483754,50.285517],[3.483396,50.285107],[3.483,50.284786],[3.482132,50.284526],[3.47973,50.28576],[3.477358,50.286972],[3.474776,50.284907],[3.468477,50.287982],[3.471137,50.290135],[3.46867,50.291388],[3.467701,50.291872],[3.464571,50.293463],[3.462912,50.294316],[3.46169,50.294925],[3.461978,50.295167],[3.461341,50.29522]]]}"
37,59383,Marly,"50.346,3.548","{""type"":""Polygon"",""coordinates"":[[[3.579053,50.352895],[3.578872,50.352659],[3.578756,50.35257],[3.577824,50.351992],[3.577431,50.351725],[3.57705,50.351402],[3.576724,50.351028],[3.576378,50.350684],[3.576186,50.350586],[3.573967,50.348908],[3.572573,50.347877],[3.572126,50.347602],[3.57177,50.347318],[3.571471,50.347048],[3.569855,50.34586],[3.569552,50.34561],[3.5693,50.345455],[3.568809,50.345082],[3.567603,50.344235],[3.566627,50.343452],[3.564414,50.34174],[3.564219,50.341608],[3.565267,50.341146],[3.566632,50.340569],[3.566462,50.340428],[3.566193,50.340024],[3.565981,50.339966],[3.565546,50.339748],[3.565288,50.33956],[3.565208,50.339451],[3.564508,50.33835],[3.563887,50.337224],[3.563459,50.334988],[3.563038,50.334458],[3.557425,50.332586],[3.557811,50.332004],[3.558064,50.331523],[3.558507,50.330551],[3.550282,50.331123],[3.546992,50.331699],[3.546215,50.331861],[3.545683,50.331173],[3.541284,50.331689],[3.54005,50.331847],[3.537058,50.332467],[3.537409,50.332899],[3.537721,50.333204],[3.535325,50.334235],[3.532862,50.334915],[3.531911,50.335198],[3.530848,50.335488],[3.529924,50.335671],[3.527433,50.336281],[3.525926,50.33648],[3.525867,50.336481],[3.524287,50.336689],[3.517413,50.338731],[3.516315,50.339044],[3.516624,50.339595],[3.518104,50.341658],[3.5182,50.341635],[3.5185,50.342088],[3.518744,50.34242],[3.519258,50.343166],[3.519695,50.343185],[3.519794,50.343152],[3.521796,50.342828],[3.522379,50.342769],[3.525015,50.342206],[3.525988,50.342039],[3.529525,50.341169],[3.529744,50.341661],[3.529846,50.341938],[3.530192,50.342483],[3.530517,50.342875],[3.530873,50.343359],[3.53111,50.343773],[3.531521,50.344565],[3.531729,50.344818],[3.532335,50.34539],[3.532655,50.345669],[3.53308,50.34608],[3.533564,50.346602],[3.533792,50.346888],[3.534093,50.347329],[3.534268,50.347637],[3.534675,50.348278],[3.534881,50.348736],[3.535331,50.349892],[3.535673,50.350718],[3.535844,50.350948],[3.536474,50.351466],[3.536352,50.351595],[3.536271,50.351861],[3.536283,50.352084],[3.536372,50.352343],[3.536493,50.352501],[3.536792,50.353133],[3.536898,50.353422],[3.537008,50.354154],[3.537212,50.354711],[3.537397,50.355151],[3.537523,50.355336],[3.537786,50.355542],[3.538784,50.356101],[3.539189,50.356356],[3.53953,50.35661],[3.539869,50.356914],[3.540336,50.357381],[3.540514,50.357603],[3.540857,50.358327],[3.540964,50.358618],[3.541051,50.359341],[3.541057,50.359632],[3.541002,50.360111],[3.540991,50.360517],[3.54104,50.361041],[3.541089,50.361276],[3.541247,50.361783],[3.54142,50.36214],[3.541664,50.362176],[3.542239,50.362208],[3.54432,50.362308],[3.54454,50.362179],[3.545307,50.361811],[3.545558,50.361739],[3.546295,50.361425],[3.546684,50.361243],[3.546909,50.361166],[3.548937,50.360341],[3.555798,50.358489],[3.555987,50.358715],[3.55671,50.358504],[3.558734,50.357889],[3.560672,50.357654],[3.562209,50.357939],[3.562806,50.357976],[3.563289,50.357961],[3.563991,50.357855],[3.564283,50.357784],[3.56501,50.357658],[3.565599,50.357612],[3.566323,50.357634],[3.566993,50.357484],[3.567798,50.357215],[3.568417,50.356962],[3.568815,50.356828],[3.569074,50.357044],[3.569654,50.356771],[3.569981,50.356581],[3.57012,50.356459],[3.570259,50.356181],[3.570313,50.356005],[3.570296,50.355859],[3.570786,50.355369],[3.57121,50.35515],[3.571603,50.354922],[3.572448,50.35435],[3.572901,50.354131],[3.573084,50.354093],[3.573535,50.353864],[3.573588,50.353749],[3.573808,50.353624],[3.575073,50.353285],[3.575453,50.35316],[3.575743,50.353114],[3.577026,50.353144],[3.577643,50.353081],[3.578119,50.353002],[3.579053,50.352895]]]}"
38,59387,Marquette-en-Ostrevant,"50.293,3.274","{""type"":""Polygon"",""coordinates"":[[[3.285679,50.297022],[3.285429,50.296947],[3.284814,50.296705],[3.284561,50.296577],[3.28516,50.296424],[3.285567,50.296259],[3.286349,50.295815],[3.287588,50.295046],[3.288115,50.294674],[3.288894,50.294262],[3.289655,50.293952],[3.290664,50.29362],[3.291319,50.29343],[3.292432,50.293081],[3.294164,50.292526],[3.298406,50.291227],[3.299865,50.290837],[3.300873,50.290545],[3.301514,50.290375],[3.300594,50.289474],[3.301558,50.288931],[3.293009,50.282123],[3.293631,50.281733],[3.293928,50.281497],[3.294079,50.28132],[3.294532,50.280674],[3.29479,50.280418],[3.294172,50.280076],[3.293704,50.280354],[3.291733,50.28117],[3.291501,50.281277],[3.29115,50.281478],[3.29069,50.281889],[3.290126,50.282468],[3.289263,50.283307],[3.288584,50.284028],[3.288275,50.284256],[3.287947,50.284428],[3.287281,50.284943],[3.286687,50.285365],[3.286435,50.285415],[3.285572,50.285423],[3.284524,50.285466],[3.283907,50.285442],[3.283519,50.285455],[3.280115,50.285446],[3.280037,50.285329],[3.280004,50.284967],[3.279882,50.284921],[3.276483,50.282973],[3.277041,50.282668],[3.275769,50.281242],[3.274166,50.281816],[3.273197,50.280554],[3.272444,50.279536],[3.271434,50.278024],[3.269427,50.278098],[3.26829,50.278147],[3.263769,50.27834],[3.25974,50.278529],[3.259989,50.278861],[3.260172,50.279168],[3.253423,50.27921],[3.25283,50.279909],[3.252666,50.279946],[3.252139,50.279709],[3.252136,50.280249],[3.252406,50.284614],[3.252688,50.284601],[3.252869,50.284627],[3.253164,50.284741],[3.253065,50.286106],[3.254032,50.28611],[3.254856,50.29224],[3.254213,50.292041],[3.252903,50.29155],[3.252017,50.291245],[3.251146,50.293917],[3.251456,50.293987],[3.250866,50.294298],[3.251393,50.295426],[3.249703,50.29572],[3.250047,50.296407],[3.247572,50.296725],[3.247312,50.298855],[3.249699,50.300074],[3.256216,50.303273],[3.257174,50.303726],[3.256863,50.304621],[3.257018,50.305366],[3.257132,50.305404],[3.257398,50.30562],[3.257426,50.305944],[3.257512,50.306002],[3.257431,50.306604],[3.257554,50.306978],[3.257998,50.307827],[3.25924,50.308012],[3.259461,50.308033],[3.261056,50.308098],[3.262328,50.308135],[3.26259,50.308156],[3.264326,50.308452],[3.265239,50.308551],[3.265595,50.30849],[3.266482,50.308201],[3.267045,50.308066],[3.268173,50.307891],[3.268489,50.307855],[3.267292,50.305544],[3.269599,50.304835],[3.270361,50.304569],[3.27085,50.304435],[3.272144,50.304129],[3.272372,50.304066],[3.272584,50.303945],[3.272907,50.304826],[3.273199,50.305821],[3.275038,50.306812],[3.27618,50.306411],[3.27526,50.304914],[3.275803,50.304725],[3.275641,50.304392],[3.276173,50.304203],[3.277768,50.305719],[3.27956,50.304752],[3.277899,50.303262],[3.279926,50.302241],[3.281387,50.301051],[3.281854,50.300463],[3.282125,50.300563],[3.282963,50.299877],[3.282215,50.299463],[3.282624,50.299051],[3.284686,50.297817],[3.285679,50.297022]]]}"
39,59391,Mastaing,"50.308,3.301","{""type"":""Polygon"",""coordinates"":[[[3.280764,50.314577],[3.281556,50.314455],[3.282169,50.314495],[3.283494,50.313581],[3.28436,50.3145],[3.283799,50.314957],[3.284944,50.315791],[3.286244,50.315018],[3.288084,50.31384],[3.289281,50.314631],[3.287424,50.315778],[3.289012,50.316766],[3.290507,50.315653],[3.291931,50.316545],[3.292271,50.316293],[3.293452,50.316831],[3.29506,50.317622],[3.295471,50.317334],[3.296313,50.318159],[3.297272,50.317689],[3.298185,50.318345],[3.298706,50.31812],[3.299481,50.318871],[3.300833,50.318269],[3.301392,50.318453],[3.302472,50.317349],[3.301414,50.31701],[3.302005,50.316392],[3.302734,50.315695],[3.304304,50.316426],[3.306436,50.314688],[3.307632,50.31517],[3.309003,50.316001],[3.311553,50.314618],[3.310081,50.313789],[3.31096,50.31341],[3.313744,50.311931],[3.314305,50.312182],[3.315241,50.312558],[3.318357,50.309807],[3.317597,50.309485],[3.321247,50.306256],[3.319874,50.306075],[3.320921,50.302862],[3.321757,50.302963],[3.322127,50.302952],[3.322768,50.302781],[3.323395,50.302673],[3.324058,50.302647],[3.324564,50.302608],[3.325402,50.302502],[3.326129,50.302446],[3.326202,50.302546],[3.326542,50.302572],[3.327196,50.302574],[3.329408,50.302554],[3.329779,50.302574],[3.329727,50.302387],[3.329745,50.302108],[3.329783,50.302014],[3.329968,50.301941],[3.330426,50.30192],[3.330463,50.301826],[3.330428,50.30164],[3.330212,50.300836],[3.32973,50.299179],[3.335056,50.298326],[3.333149,50.296925],[3.332901,50.296724],[3.331633,50.296956],[3.330829,50.297552],[3.329612,50.29679],[3.327862,50.297283],[3.32729,50.296311],[3.326608,50.296576],[3.328197,50.299291],[3.324016,50.299634],[3.323404,50.298829],[3.322976,50.298292],[3.322524,50.297671],[3.319429,50.298538],[3.318475,50.299173],[3.317445,50.299411],[3.315365,50.299436],[3.313386,50.299282],[3.311087,50.299388],[3.309553,50.299121],[3.3085,50.29872],[3.308479,50.298801],[3.308008,50.299552],[3.306463,50.2997],[3.304646,50.29941],[3.304315,50.300096],[3.29958,50.299152],[3.299809,50.298639],[3.297167,50.298415],[3.296547,50.296703],[3.295648,50.29721],[3.295302,50.297006],[3.294077,50.297853],[3.293012,50.297145],[3.292691,50.296952],[3.29193,50.297428],[3.291556,50.297218],[3.290897,50.297623],[3.291188,50.297824],[3.290002,50.298468],[3.288984,50.298127],[3.287062,50.297437],[3.285679,50.297022],[3.284686,50.297817],[3.282624,50.299051],[3.282215,50.299463],[3.282963,50.299877],[3.282125,50.300563],[3.281854,50.300463],[3.281387,50.301051],[3.279926,50.302241],[3.277899,50.303262],[3.27956,50.304752],[3.277768,50.305719],[3.276173,50.304203],[3.275641,50.304392],[3.275803,50.304725],[3.27526,50.304914],[3.27618,50.306411],[3.275038,50.306812],[3.273199,50.305821],[3.272907,50.304826],[3.272584,50.303945],[3.272372,50.304066],[3.272144,50.304129],[3.27085,50.304435],[3.270361,50.304569],[3.269599,50.304835],[3.267292,50.305544],[3.268489,50.307855],[3.268964,50.307799],[3.269383,50.307787],[3.27026,50.30781],[3.270707,50.307759],[3.271062,50.30768],[3.271848,50.307455],[3.272055,50.307422],[3.273096,50.307306],[3.273596,50.307218],[3.273856,50.30836],[3.273931,50.30853],[3.27491,50.310358],[3.27177,50.312288],[3.273063,50.3132],[3.272211,50.3145],[3.272166,50.314531],[3.273738,50.315624],[3.275029,50.316722],[3.274843,50.316818],[3.276051,50.317028],[3.278293,50.31598],[3.277678,50.314805],[3.277972,50.314694],[3.278369,50.314585],[3.279156,50.314309],[3.279872,50.314481],[3.280672,50.314588],[3.280764,50.314577]]]}"
40,59393,Maulde,"50.496,3.424","{""type"":""Polygon"",""coordinates"":[[[3.443181,50.495928],[3.443115,50.495829],[3.442635,50.49528],[3.442245,50.494918],[3.440885,50.493601],[3.438792,50.492417],[3.43792,50.492075],[3.437127,50.492346],[3.436091,50.492594],[3.435389,50.492665],[3.435503,50.491832],[3.435497,50.491615],[3.435423,50.491359],[3.434836,50.490085],[3.43463,50.489694],[3.434237,50.489127],[3.434075,50.488866],[3.433904,50.488467],[3.433566,50.487209],[3.433283,50.486595],[3.432931,50.485968],[3.432726,50.485667],[3.432547,50.4855],[3.432111,50.485188],[3.431541,50.484853],[3.43125,50.484731],[3.430514,50.484501],[3.430134,50.484365],[3.42963,50.484085],[3.429387,50.483994],[3.428987,50.483938],[3.42858,50.483938],[3.427863,50.483964],[3.42742,50.483929],[3.427069,50.483869],[3.426234,50.483749],[3.42583,50.483636],[3.425572,50.483432],[3.42548,50.483316],[3.425281,50.48292],[3.42508,50.482407],[3.424588,50.482464],[3.422423,50.482777],[3.421978,50.48282],[3.421808,50.482814],[3.420859,50.482661],[3.420358,50.482669],[3.417147,50.483123],[3.415573,50.483332],[3.414606,50.483455],[3.412694,50.483656],[3.411362,50.483813],[3.410637,50.483929],[3.409553,50.484156],[3.408601,50.484394],[3.407444,50.484703],[3.405619,50.485027],[3.404968,50.485199],[3.404674,50.485297],[3.404541,50.485374],[3.404448,50.485516],[3.404387,50.485826],[3.404265,50.486016],[3.404139,50.486112],[3.403403,50.486467],[3.402726,50.486778],[3.402548,50.486845],[3.402744,50.486999],[3.402958,50.487223],[3.40316,50.48731],[3.403672,50.487306],[3.403861,50.487364],[3.403935,50.487531],[3.403939,50.487827],[3.403987,50.488121],[3.404132,50.488318],[3.404457,50.488506],[3.404948,50.488884],[3.405931,50.489706],[3.406043,50.489845],[3.406175,50.490121],[3.40627,50.490217],[3.406842,50.490437],[3.407732,50.490702],[3.409126,50.49119],[3.409714,50.491403],[3.409947,50.491416],[3.410344,50.491305],[3.410653,50.491287],[3.410824,50.491334],[3.412171,50.491775],[3.412776,50.491927],[3.413051,50.492021],[3.413264,50.492149],[3.413415,50.492408],[3.413196,50.492704],[3.412749,50.493412],[3.412447,50.494047],[3.412647,50.494576],[3.412558,50.494884],[3.411473,50.494619],[3.411327,50.495028],[3.409852,50.494815],[3.408857,50.49639],[3.410111,50.496793],[3.409528,50.497322],[3.409257,50.497619],[3.408108,50.497386],[3.407377,50.498029],[3.406461,50.498733],[3.405875,50.498477],[3.405675,50.498962],[3.405745,50.498968],[3.406467,50.49888],[3.407659,50.499115],[3.408612,50.499277],[3.408647,50.499304],[3.408365,50.499685],[3.408932,50.500012],[3.408953,50.500058],[3.408769,50.50028],[3.409483,50.500523],[3.409833,50.500618],[3.410853,50.500927],[3.412329,50.501228],[3.413411,50.501713],[3.413539,50.501759],[3.414325,50.501965],[3.414618,50.502165],[3.415233,50.502621],[3.416082,50.502926],[3.416346,50.502996],[3.417192,50.503019],[3.417385,50.502563],[3.417686,50.502542],[3.418042,50.502628],[3.418426,50.502409],[3.418656,50.502317],[3.418739,50.50233],[3.419339,50.502764],[3.419474,50.502767],[3.419641,50.502644],[3.420106,50.502734],[3.4205,50.502747],[3.42045,50.503021],[3.42049,50.503072],[3.420909,50.503114],[3.421146,50.503203],[3.421724,50.50304],[3.422737,50.503196],[3.423331,50.503464],[3.42375,50.503732],[3.423979,50.503766],[3.424405,50.503869],[3.424567,50.503792],[3.424955,50.503852],[3.425446,50.503808],[3.425697,50.503963],[3.4263,50.504266],[3.426871,50.504366],[3.427706,50.504567],[3.428202,50.504644],[3.428923,50.504713],[3.429586,50.50506],[3.430197,50.505504],[3.430211,50.505665],[3.43039,50.505857],[3.430989,50.506331],[3.432117,50.507135],[3.432454,50.507447],[3.432496,50.507556],[3.432157,50.507782],[3.435472,50.50986],[3.436076,50.509366],[3.438397,50.510686],[3.438476,50.510377],[3.438494,50.509756],[3.438555,50.509088],[3.438683,50.508632],[3.438938,50.508044],[3.439327,50.507309],[3.439536,50.507372],[3.439575,50.506822],[3.439772,50.506195],[3.439868,50.506054],[3.440213,50.505773],[3.440781,50.505475],[3.441203,50.505289],[3.441506,50.505135],[3.442673,50.504709],[3.443163,50.504562],[3.444902,50.503927],[3.445385,50.503703],[3.445674,50.503475],[3.445747,50.503348],[3.445719,50.503194],[3.445628,50.503074],[3.44536,50.502886],[3.444991,50.502668],[3.443528,50.501735],[3.444396,50.50077],[3.442265,50.49959],[3.442181,50.49956],[3.441565,50.499129],[3.441372,50.499021],[3.442151,50.498552],[3.442068,50.498489],[3.442214,50.498308],[3.442053,50.498276],[3.442971,50.497466],[3.4426,50.497202],[3.44202,50.496427],[3.442386,50.496236],[3.44282,50.49605],[3.443181,50.495928]]]}"
41,59403,Millonfosse,"50.427,3.378","{""type"":""Polygon"",""coordinates"":[[[3.350704,50.420716],[3.352908,50.421149],[3.354185,50.421395],[3.355778,50.421716],[3.357633,50.422078],[3.359223,50.422395],[3.360727,50.422688],[3.362373,50.42302],[3.364735,50.423474],[3.364927,50.423718],[3.36507,50.424199],[3.365148,50.424288],[3.365625,50.424606],[3.366239,50.424971],[3.367335,50.425108],[3.367722,50.425178],[3.367812,50.425245],[3.367988,50.425519],[3.367968,50.425744],[3.367835,50.426374],[3.36788,50.426434],[3.368145,50.426578],[3.368472,50.426668],[3.369187,50.426781],[3.370367,50.427158],[3.370634,50.427304],[3.370861,50.427465],[3.371003,50.427622],[3.371094,50.427795],[3.371333,50.427962],[3.37148,50.427945],[3.371897,50.42766],[3.37225,50.427513],[3.372431,50.42762],[3.373163,50.427987],[3.373633,50.428129],[3.373937,50.428177],[3.373585,50.42846],[3.37364,50.428634],[3.373663,50.429139],[3.373589,50.429245],[3.373001,50.429515],[3.372624,50.429713],[3.372586,50.429809],[3.37258,50.430146],[3.37261,50.43037],[3.372701,50.430591],[3.373059,50.431079],[3.373436,50.431506],[3.373434,50.431597],[3.373287,50.431749],[3.373103,50.432052],[3.373254,50.432294],[3.373249,50.432423],[3.372694,50.432634],[3.372316,50.432802],[3.372242,50.43289],[3.372271,50.433266],[3.372411,50.433905],[3.370756,50.434382],[3.370306,50.433638],[3.370223,50.43354],[3.370162,50.433319],[3.36983,50.433244],[3.368919,50.433172],[3.368515,50.433105],[3.368471,50.433066],[3.36791,50.432909],[3.367498,50.432833],[3.367188,50.432871],[3.366203,50.433203],[3.36569,50.433327],[3.365412,50.433434],[3.365029,50.433688],[3.364314,50.43426],[3.364262,50.434346],[3.364831,50.434642],[3.365321,50.434821],[3.365457,50.434913],[3.365643,50.435161],[3.365672,50.435281],[3.365611,50.4354],[3.365074,50.435757],[3.364507,50.43599],[3.364046,50.436125],[3.363143,50.436453],[3.362846,50.436524],[3.363066,50.436856],[3.363384,50.437107],[3.363951,50.437377],[3.364387,50.437437],[3.364633,50.437422],[3.364835,50.437346],[3.36518,50.437264],[3.365462,50.437363],[3.365553,50.437359],[3.365787,50.437236],[3.36619,50.43695],[3.366748,50.436592],[3.36722,50.436313],[3.367533,50.436147],[3.367842,50.436045],[3.368287,50.436028],[3.368835,50.436168],[3.36924,50.436387],[3.369841,50.436736],[3.36988,50.436869],[3.370243,50.437257],[3.370297,50.437397],[3.370285,50.437592],[3.369972,50.438005],[3.370467,50.438066],[3.371052,50.438092],[3.371451,50.438088],[3.372413,50.43803],[3.372943,50.437948],[3.373236,50.437852],[3.3737,50.43774],[3.374282,50.437981],[3.375004,50.438433],[3.375355,50.438614],[3.375879,50.438963],[3.375911,50.439009],[3.376332,50.439144],[3.37667,50.439215],[3.377583,50.439337],[3.378729,50.439411],[3.379757,50.439442],[3.380461,50.439493],[3.381031,50.43958],[3.381528,50.439638],[3.382238,50.439691],[3.382645,50.439751],[3.383106,50.439749],[3.38412,50.439663],[3.384761,50.439663],[3.385677,50.439793],[3.385835,50.439515],[3.38628,50.439065],[3.386652,50.438817],[3.386793,50.43866],[3.386914,50.438459],[3.387173,50.4384],[3.388085,50.438249],[3.38823,50.438163],[3.388316,50.438049],[3.388535,50.437559],[3.388805,50.43722],[3.389502,50.437418],[3.389723,50.437521],[3.389802,50.437668],[3.390289,50.437588],[3.390834,50.437476],[3.391212,50.437363],[3.391581,50.437227],[3.391733,50.437126],[3.39283,50.43604],[3.394057,50.435757],[3.395031,50.435395],[3.395586,50.435106],[3.395638,50.435045],[3.395938,50.43491],[3.396513,50.434522],[3.397065,50.434109],[3.397191,50.433946],[3.397324,50.433702],[3.397535,50.433492],[3.39776,50.433339],[3.398183,50.433167],[3.398416,50.432975],[3.398716,50.432502],[3.398719,50.432361],[3.399143,50.431881],[3.399515,50.431848],[3.399746,50.431759],[3.399983,50.431552],[3.4004,50.431347],[3.400583,50.431289],[3.401318,50.431186],[3.401568,50.431085],[3.401636,50.430894],[3.401488,50.430761],[3.401424,50.430473],[3.401622,50.430273],[3.402025,50.430255],[3.4022,50.430306],[3.402505,50.43072],[3.402824,50.430882],[3.403034,50.430908],[3.405062,50.429979],[3.405764,50.429663],[3.405756,50.429377],[3.405351,50.428937],[3.40538,50.428795],[3.405396,50.42834],[3.40336,50.428385],[3.3977,50.428542],[3.396685,50.428501],[3.396025,50.428391],[3.394264,50.428035],[3.393179,50.427848],[3.391776,50.427617],[3.389141,50.427206],[3.385672,50.426646],[3.383991,50.426381],[3.38348,50.426317],[3.382354,50.426222],[3.381799,50.42619],[3.379541,50.426031],[3.379108,50.425986],[3.377073,50.425676],[3.3754,50.425402],[3.374934,50.425276],[3.37415,50.424939],[3.373765,50.424746],[3.3733,50.424474],[3.372485,50.423913],[3.370983,50.422804],[3.370548,50.422496],[3.370061,50.422256],[3.369333,50.422062],[3.368837,50.422003],[3.367649,50.422185],[3.367357,50.422194],[3.367118,50.422089],[3.366815,50.421772],[3.366307,50.420982],[3.365858,50.420503],[3.365645,50.41995],[3.365494,50.419669],[3.364941,50.419363],[3.363841,50.419067],[3.363659,50.419041],[3.363356,50.418902],[3.363255,50.418731],[3.363276,50.418655],[3.363537,50.418211],[3.363537,50.417898],[3.363314,50.417622],[3.363107,50.417521],[3.362495,50.417474],[3.361894,50.417508],[3.361332,50.417353],[3.360978,50.417124],[3.360634,50.416712],[3.360412,50.416489],[3.360122,50.416313],[3.359612,50.416081],[3.359333,50.415975],[3.358794,50.415803],[3.358243,50.415681],[3.357514,50.415627],[3.356993,50.415535],[3.356662,50.415396],[3.355714,50.414741],[3.35527,50.414865],[3.353679,50.415279],[3.353202,50.415383],[3.353049,50.415453],[3.352893,50.415668],[3.352886,50.415788],[3.35295,50.416199],[3.352768,50.416424],[3.35251,50.416517],[3.353011,50.41662],[3.352925,50.416791],[3.352821,50.417239],[3.352717,50.417829],[3.35258,50.418443],[3.352472,50.419104],[3.351705,50.419787],[3.351421,50.420077],[3.350749,50.420689],[3.350704,50.420716]]]}"
42,59407,Monchaux-sur-Écaillon,"50.285,3.459","{""type"":""Polygon"",""coordinates"":[[[3.482132,50.284526],[3.481601,50.284368],[3.48103,50.284182],[3.480765,50.284065],[3.479921,50.283587],[3.479756,50.283396],[3.47938,50.28308],[3.479149,50.282859],[3.478983,50.282646],[3.478442,50.282007],[3.478248,50.281644],[3.478179,50.28143],[3.478121,50.28107],[3.47811,50.280821],[3.478172,50.280282],[3.478109,50.279869],[3.478017,50.279594],[3.477925,50.279184],[3.477824,50.278898],[3.477711,50.278752],[3.477086,50.278315],[3.476515,50.277988],[3.476029,50.277638],[3.475533,50.27721],[3.475034,50.276716],[3.474876,50.276516],[3.47417,50.275774],[3.473788,50.275395],[3.473442,50.275554],[3.472468,50.276089],[3.47162,50.276531],[3.4711,50.276749],[3.470384,50.276947],[3.46975,50.27704],[3.469087,50.277118],[3.465623,50.274194],[3.465422,50.274129],[3.465264,50.274156],[3.465072,50.27437],[3.464825,50.274459],[3.464676,50.274572],[3.464569,50.274759],[3.464405,50.274959],[3.464254,50.275081],[3.463945,50.275224],[3.463938,50.275377],[3.463859,50.275467],[3.463692,50.275526],[3.463212,50.275612],[3.462931,50.275719],[3.462824,50.275811],[3.462496,50.275972],[3.462201,50.276163],[3.461766,50.276343],[3.461577,50.276354],[3.4615,50.276426],[3.461495,50.276721],[3.461328,50.276849],[3.460852,50.276902],[3.460432,50.276866],[3.459774,50.276762],[3.459673,50.276861],[3.459724,50.277129],[3.459567,50.277245],[3.459281,50.277521],[3.45906,50.277571],[3.45882,50.277479],[3.458714,50.27759],[3.458829,50.277776],[3.458724,50.277851],[3.458426,50.277834],[3.458222,50.27771],[3.45809,50.277701],[3.457952,50.277959],[3.457649,50.278057],[3.453773,50.276092],[3.453493,50.277102],[3.453486,50.277337],[3.453584,50.277692],[3.453385,50.277677],[3.452528,50.277389],[3.450056,50.276474],[3.449668,50.276339],[3.448695,50.276054],[3.447428,50.2757],[3.446907,50.275543],[3.446269,50.275371],[3.445815,50.275218],[3.445057,50.274688],[3.444501,50.274261],[3.438264,50.277883],[3.437105,50.276867],[3.437042,50.276923],[3.435744,50.277918],[3.43532,50.278205],[3.436326,50.278669],[3.436557,50.278818],[3.437322,50.279159],[3.437509,50.279373],[3.437532,50.279461],[3.437501,50.279907],[3.437369,50.280631],[3.437168,50.281857],[3.437113,50.282139],[3.437049,50.282718],[3.438788,50.282881],[3.439247,50.285747],[3.440446,50.285848],[3.44219,50.285873],[3.442272,50.286098],[3.444147,50.286456],[3.443616,50.287546],[3.444292,50.28764],[3.445435,50.288194],[3.446294,50.28833],[3.446484,50.28815],[3.448132,50.288452],[3.447996,50.288717],[3.447957,50.288911],[3.448005,50.289264],[3.448361,50.290589],[3.450327,50.290713],[3.450381,50.290963],[3.450824,50.291225],[3.450784,50.292121],[3.450657,50.292268],[3.450309,50.292429],[3.44998,50.292729],[3.449865,50.292897],[3.449839,50.293035],[3.450014,50.293263],[3.449975,50.293358],[3.449782,50.29351],[3.449439,50.293885],[3.449354,50.294055],[3.449442,50.29423],[3.449868,50.294405],[3.452526,50.294275],[3.452502,50.294432],[3.454318,50.294698],[3.454683,50.293921],[3.454888,50.293977],[3.455495,50.294052],[3.456069,50.294041],[3.456472,50.294002],[3.456637,50.29401],[3.457109,50.294101],[3.45735,50.294119],[3.457696,50.294079],[3.457953,50.294118],[3.458007,50.294191],[3.45923,50.294095],[3.459638,50.295361],[3.461341,50.29522],[3.461978,50.295167],[3.46169,50.294925],[3.462912,50.294316],[3.464571,50.293463],[3.467701,50.291872],[3.46867,50.291388],[3.471137,50.290135],[3.468477,50.287982],[3.474776,50.284907],[3.477358,50.286972],[3.47973,50.28576],[3.482132,50.284526]]]}"
43,59418,Mortagne-du-Nord,"50.499,3.453","{""type"":""Polygon"",""coordinates"":[[[3.467336,50.498161],[3.4668,50.497923],[3.466553,50.497791],[3.464201,50.49677],[3.464717,50.496205],[3.463732,50.495798],[3.463449,50.495718],[3.462722,50.495606],[3.462419,50.495497],[3.4622,50.495388],[3.461932,50.495159],[3.461594,50.494944],[3.461251,50.494972],[3.461188,50.494871],[3.460844,50.494647],[3.460849,50.494568],[3.459405,50.49377],[3.455511,50.491843],[3.454655,50.492284],[3.454377,50.492173],[3.453722,50.492774],[3.453245,50.492744],[3.452948,50.492524],[3.452197,50.49258],[3.451868,50.492548],[3.451759,50.492448],[3.451751,50.492313],[3.452026,50.49193],[3.452315,50.491616],[3.452456,50.491428],[3.452561,50.491171],[3.452463,50.491035],[3.452466,50.490889],[3.452301,50.490778],[3.450324,50.493049],[3.449588,50.492287],[3.448045,50.493281],[3.447383,50.493724],[3.446479,50.494289],[3.445775,50.494751],[3.44456,50.495427],[3.443181,50.495928],[3.44282,50.49605],[3.442386,50.496236],[3.44202,50.496427],[3.4426,50.497202],[3.442971,50.497466],[3.442053,50.498276],[3.442214,50.498308],[3.442068,50.498489],[3.442151,50.498552],[3.441372,50.499021],[3.441565,50.499129],[3.442181,50.49956],[3.442265,50.49959],[3.444396,50.50077],[3.443528,50.501735],[3.444991,50.502668],[3.44536,50.502886],[3.445628,50.503074],[3.445719,50.503194],[3.445747,50.503348],[3.445674,50.503475],[3.445385,50.503703],[3.444902,50.503927],[3.443163,50.504562],[3.442673,50.504709],[3.441506,50.505135],[3.441203,50.505289],[3.440781,50.505475],[3.440213,50.505773],[3.439868,50.506054],[3.439772,50.506195],[3.439575,50.506822],[3.439536,50.507372],[3.441006,50.507843],[3.441936,50.508132],[3.442482,50.507461],[3.442944,50.506614],[3.443162,50.506341],[3.443536,50.506552],[3.444283,50.506944],[3.445056,50.507318],[3.446931,50.505989],[3.448282,50.507023],[3.448764,50.506706],[3.448973,50.506588],[3.450204,50.507571],[3.451186,50.506977],[3.451564,50.507278],[3.451669,50.507303],[3.452136,50.507181],[3.452444,50.507486],[3.452662,50.507574],[3.452886,50.507869],[3.453142,50.508004],[3.45324,50.508017],[3.453707,50.507976],[3.454878,50.507682],[3.454846,50.507507],[3.455678,50.507364],[3.458649,50.507008],[3.458499,50.50666],[3.460701,50.505934],[3.460699,50.505688],[3.463304,50.504969],[3.462761,50.504031],[3.462043,50.502666],[3.462521,50.50257],[3.463025,50.502421],[3.462399,50.501742],[3.463075,50.501611],[3.462955,50.501408],[3.462736,50.501175],[3.46243,50.500784],[3.46113,50.501104],[3.460924,50.500583],[3.460844,50.500042],[3.462379,50.49956],[3.463029,50.499367],[3.463929,50.499141],[3.464254,50.499112],[3.464957,50.499173],[3.465089,50.499146],[3.465519,50.498955],[3.465791,50.498798],[3.466425,50.498487],[3.466968,50.498269],[3.467336,50.498161]]]}"
44,59429,Neuville-sur-Escaut,"50.292,3.349","{""type"":""Polygon"",""coordinates"":[[[3.367018,50.284968],[3.366367,50.284273],[3.365959,50.283906],[3.365748,50.283766],[3.365395,50.283446],[3.364774,50.282799],[3.364546,50.28251],[3.363993,50.281397],[3.363751,50.280994],[3.363452,50.280593],[3.363129,50.280243],[3.362956,50.280102],[3.362097,50.27953],[3.361634,50.279239],[3.360652,50.278775],[3.359749,50.278383],[3.359584,50.278301],[3.356653,50.279959],[3.355662,50.280668],[3.354989,50.279424],[3.354542,50.279593],[3.354544,50.2797],[3.354674,50.279845],[3.354209,50.28009],[3.353106,50.279419],[3.349643,50.281833],[3.347685,50.28083],[3.346348,50.280482],[3.345799,50.280267],[3.344757,50.279719],[3.344209,50.280184],[3.343704,50.279498],[3.343539,50.2795],[3.342879,50.279695],[3.341876,50.280136],[3.341586,50.279951],[3.340926,50.280171],[3.340282,50.279626],[3.337985,50.280314],[3.338756,50.281048],[3.335142,50.282431],[3.334707,50.281527],[3.333265,50.279587],[3.332725,50.278927],[3.331989,50.27799],[3.329929,50.278939],[3.330587,50.279611],[3.332009,50.281204],[3.332714,50.281947],[3.333281,50.283365],[3.334269,50.284337],[3.3342,50.284387],[3.333196,50.284951],[3.332948,50.28508],[3.333154,50.285798],[3.333158,50.286129],[3.33393,50.286588],[3.333947,50.286968],[3.335462,50.289363],[3.337791,50.293048],[3.337935,50.29327],[3.338041,50.293365],[3.33847,50.29356],[3.338763,50.293806],[3.338868,50.294034],[3.339106,50.294413],[3.339165,50.294664],[3.339426,50.295057],[3.339695,50.295301],[3.340476,50.295665],[3.340891,50.295793],[3.341186,50.29606],[3.341421,50.296189],[3.341743,50.296405],[3.342075,50.296575],[3.34239,50.296706],[3.342773,50.296787],[3.345461,50.298081],[3.345655,50.298101],[3.345968,50.298269],[3.34667,50.298583],[3.347147,50.298902],[3.347682,50.299077],[3.347863,50.29922],[3.348232,50.299657],[3.348885,50.300049],[3.34951,50.300443],[3.349737,50.300981],[3.349368,50.301215],[3.350292,50.301672],[3.351775,50.302402],[3.351881,50.30293],[3.352647,50.303708],[3.354296,50.304332],[3.355067,50.304493],[3.356217,50.304768],[3.357913,50.305726],[3.359012,50.304946],[3.359034,50.304906],[3.359449,50.305083],[3.359843,50.305228],[3.361599,50.305749],[3.362714,50.306051],[3.363621,50.306277],[3.36438,50.306423],[3.364946,50.306398],[3.365509,50.306278],[3.365849,50.306232],[3.366324,50.306197],[3.366983,50.306105],[3.367338,50.306027],[3.36801,50.30595],[3.368348,50.305944],[3.367429,50.304314],[3.367219,50.304381],[3.366303,50.303194],[3.364765,50.301132],[3.364733,50.301131],[3.36413,50.300332],[3.363821,50.299884],[3.363564,50.299625],[3.363307,50.299406],[3.363106,50.299125],[3.362523,50.298393],[3.364287,50.297798],[3.364101,50.297537],[3.363591,50.296243],[3.362749,50.296443],[3.36213,50.296573],[3.361783,50.295794],[3.36108,50.295967],[3.3609,50.295456],[3.36062,50.295526],[3.360258,50.294773],[3.359777,50.294825],[3.359544,50.294349],[3.361062,50.29403],[3.360862,50.293785],[3.361817,50.293514],[3.363298,50.293023],[3.3624,50.291991],[3.361793,50.291328],[3.362317,50.291149],[3.362085,50.290866],[3.362445,50.290744],[3.362045,50.290112],[3.361964,50.290014],[3.363807,50.289398],[3.363684,50.289262],[3.36417,50.28913],[3.363976,50.288864],[3.365079,50.288467],[3.363395,50.28669],[3.367018,50.284968]]]}"
45,59434,Nivelle,"50.468,3.465","{""type"":""Polygon"",""coordinates"":[[[3.435289,50.478293],[3.43599,50.477857],[3.436554,50.478011],[3.437075,50.478203],[3.4378,50.478409],[3.438111,50.478134],[3.43825,50.47809],[3.43848,50.478162],[3.438661,50.478135],[3.438805,50.478024],[3.438853,50.477887],[3.4388,50.477634],[3.439024,50.477561],[3.439611,50.477518],[3.440442,50.47751],[3.440721,50.477609],[3.440976,50.478079],[3.4408,50.478252],[3.440802,50.478334],[3.441334,50.478481],[3.441866,50.478246],[3.442036,50.478051],[3.442678,50.477897],[3.442768,50.478109],[3.443686,50.478834],[3.444333,50.478488],[3.444763,50.478286],[3.445276,50.478582],[3.445497,50.478681],[3.445875,50.478767],[3.446669,50.478894],[3.447304,50.478665],[3.448223,50.478394],[3.449439,50.47816],[3.449737,50.477979],[3.45036,50.47763],[3.451114,50.476944],[3.450777,50.476862],[3.451801,50.476347],[3.452826,50.475897],[3.453014,50.475828],[3.454028,50.476909],[3.454092,50.476958],[3.454361,50.476989],[3.454748,50.476865],[3.457262,50.475803],[3.457609,50.476112],[3.459911,50.475258],[3.459857,50.475474],[3.459835,50.475822],[3.459929,50.476289],[3.459978,50.47686],[3.460116,50.477184],[3.461428,50.477307],[3.462692,50.477483],[3.46339,50.47756],[3.463499,50.477587],[3.464394,50.47772],[3.464547,50.477312],[3.464764,50.476315],[3.464954,50.474957],[3.465093,50.474589],[3.465361,50.474207],[3.466256,50.474369],[3.466915,50.474505],[3.467622,50.474696],[3.467984,50.474815],[3.468435,50.474926],[3.469033,50.475238],[3.473219,50.474275],[3.473982,50.474032],[3.474288,50.473972],[3.475221,50.473705],[3.476472,50.473523],[3.476655,50.473391],[3.47742,50.472781],[3.477963,50.472336],[3.478335,50.472057],[3.478897,50.471625],[3.479262,50.471371],[3.479545,50.471134],[3.480819,50.470182],[3.482009,50.469285],[3.48233,50.469007],[3.482487,50.468705],[3.48267,50.468507],[3.482978,50.468265],[3.483454,50.467932],[3.484015,50.467565],[3.485882,50.466433],[3.486777,50.465814],[3.487728,50.465085],[3.48876,50.464327],[3.489138,50.46404],[3.489814,50.463559],[3.490573,50.46309],[3.490787,50.46298],[3.491522,50.462651],[3.491816,50.462505],[3.492076,50.462332],[3.493003,50.46131],[3.493357,50.461005],[3.493639,50.460813],[3.494939,50.459858],[3.495206,50.459697],[3.495996,50.459094],[3.494731,50.458598],[3.494086,50.458308],[3.493358,50.458804],[3.493096,50.459073],[3.492976,50.459265],[3.492862,50.459582],[3.491171,50.459368],[3.488369,50.459008],[3.485528,50.45865],[3.483519,50.458392],[3.480967,50.458072],[3.480726,50.458216],[3.47879,50.459121],[3.47824,50.459369],[3.478108,50.459329],[3.477802,50.459063],[3.477211,50.458649],[3.47662,50.458318],[3.476155,50.458121],[3.474767,50.457447],[3.474464,50.457325],[3.474399,50.457232],[3.473922,50.457625],[3.473336,50.458156],[3.47286,50.457881],[3.47205,50.45878],[3.471929,50.458948],[3.471368,50.459612],[3.471362,50.459683],[3.471615,50.459847],[3.471411,50.459936],[3.469775,50.460531],[3.469507,50.460538],[3.469614,50.460746],[3.469571,50.461256],[3.469522,50.46139],[3.469258,50.461757],[3.468664,50.462278],[3.468061,50.462775],[3.467922,50.462945],[3.467597,50.462928],[3.467197,50.462873],[3.466474,50.462135],[3.465325,50.462543],[3.465078,50.462667],[3.464845,50.462542],[3.464246,50.462871],[3.46399,50.463075],[3.46387,50.463109],[3.463494,50.463506],[3.463273,50.463771],[3.463199,50.463957],[3.462758,50.464063],[3.462548,50.464087],[3.46216,50.46401],[3.461952,50.463823],[3.461867,50.463644],[3.461704,50.463538],[3.460488,50.464491],[3.459894,50.464261],[3.458814,50.465184],[3.458251,50.465111],[3.458034,50.465546],[3.45779,50.465507],[3.457356,50.465394],[3.456942,50.465238],[3.456186,50.464746],[3.455957,50.464511],[3.455813,50.464426],[3.455659,50.46425],[3.455147,50.463754],[3.454861,50.463341],[3.455313,50.463084],[3.455366,50.463026],[3.455552,50.462596],[3.455456,50.462458],[3.455234,50.462419],[3.454852,50.462495],[3.454598,50.462615],[3.454001,50.463005],[3.453564,50.463119],[3.453138,50.462976],[3.453044,50.462842],[3.452899,50.462528],[3.452861,50.462099],[3.45273,50.461294],[3.452668,50.460171],[3.453256,50.459875],[3.453375,50.459784],[3.45333,50.459486],[3.453229,50.459386],[3.452912,50.45929],[3.452259,50.459204],[3.452041,50.45914],[3.45178,50.459003],[3.451425,50.459365],[3.450963,50.459762],[3.451136,50.460054],[3.451122,50.46037],[3.450801,50.46019],[3.449489,50.460513],[3.448587,50.461126],[3.448454,50.461192],[3.447903,50.461367],[3.447589,50.461267],[3.447354,50.461269],[3.447185,50.461317],[3.4466,50.46098],[3.446397,50.461071],[3.445876,50.461423],[3.444359,50.461775],[3.444171,50.461838],[3.443462,50.462278],[3.442847,50.461945],[3.44252,50.461861],[3.442223,50.461835],[3.442056,50.462033],[3.441155,50.462716],[3.440804,50.46295],[3.440457,50.462758],[3.440061,50.462612],[3.439363,50.463102],[3.438952,50.463312],[3.438809,50.463449],[3.438223,50.463313],[3.438043,50.463254],[3.436962,50.462795],[3.436514,50.462689],[3.435948,50.462602],[3.435674,50.462462],[3.435687,50.462716],[3.435966,50.463492],[3.436056,50.463707],[3.436125,50.464074],[3.436109,50.464618],[3.436183,50.464757],[3.437375,50.465906],[3.436679,50.466741],[3.436551,50.466952],[3.436255,50.467317],[3.435638,50.467928],[3.435522,50.467988],[3.435143,50.468529],[3.434788,50.468968],[3.43459,50.469506],[3.434333,50.469831],[3.434114,50.469986],[3.433866,50.470057],[3.433507,50.470056],[3.432914,50.469905],[3.432927,50.470101],[3.433025,50.470564],[3.433124,50.471233],[3.433327,50.471959],[3.433376,50.472065],[3.433716,50.472077],[3.433849,50.472142],[3.434009,50.472395],[3.434311,50.472752],[3.434475,50.4728],[3.435323,50.472627],[3.435503,50.472671],[3.436037,50.473057],[3.436138,50.473167],[3.436751,50.473525],[3.436394,50.473813],[3.436217,50.47399],[3.435888,50.474232],[3.435446,50.474508],[3.435111,50.474766],[3.435138,50.474829],[3.435546,50.475053],[3.435779,50.475216],[3.436307,50.47567],[3.436333,50.475744],[3.435832,50.475854],[3.43562,50.475943],[3.435588,50.476086],[3.435767,50.476261],[3.436099,50.476537],[3.434481,50.47741],[3.435289,50.478293]]]}"
46,59440,Noyelles-sur-Selle,"50.280,3.383","{""type"":""Polygon"",""coordinates"":[[[3.387653,50.265964],[3.384862,50.266498],[3.384593,50.266304],[3.384241,50.266014],[3.38383,50.265737],[3.383224,50.265525],[3.381703,50.266021],[3.381341,50.265265],[3.379609,50.266103],[3.379114,50.265258],[3.378867,50.264817],[3.378271,50.264955],[3.377188,50.265156],[3.376934,50.265228],[3.376268,50.265524],[3.375799,50.26575],[3.375393,50.265927],[3.374213,50.266298],[3.372928,50.266664],[3.37116,50.267031],[3.370888,50.267066],[3.371683,50.268141],[3.371311,50.269827],[3.369874,50.271363],[3.368909,50.272153],[3.367296,50.272927],[3.369568,50.27457],[3.367287,50.275912],[3.365352,50.277048],[3.368716,50.279282],[3.369788,50.27995],[3.364774,50.282799],[3.365395,50.283446],[3.365748,50.283766],[3.365959,50.283906],[3.366367,50.284273],[3.367018,50.284968],[3.367944,50.285855],[3.368766,50.286608],[3.369449,50.287278],[3.36991,50.287822],[3.369919,50.287856],[3.371046,50.289237],[3.371713,50.289975],[3.372371,50.290634],[3.372685,50.290906],[3.373091,50.29122],[3.373476,50.291578],[3.374666,50.292615],[3.375932,50.292008],[3.376767,50.291593],[3.377848,50.291011],[3.379961,50.289795],[3.381031,50.289184],[3.381246,50.289048],[3.381489,50.288802],[3.381548,50.288496],[3.385088,50.289477],[3.384915,50.28987],[3.386491,50.289781],[3.386584,50.290119],[3.387404,50.29016],[3.387586,50.290203],[3.387453,50.291057],[3.38744,50.291442],[3.38752,50.292126],[3.387459,50.292476],[3.387382,50.292636],[3.386935,50.293239],[3.387312,50.293334],[3.387547,50.292902],[3.388357,50.292767],[3.388403,50.292917],[3.388741,50.293327],[3.3902,50.293656],[3.389896,50.293989],[3.391191,50.294343],[3.391396,50.293827],[3.3915,50.2935],[3.391772,50.292845],[3.392038,50.292246],[3.392194,50.291972],[3.392387,50.291526],[3.392537,50.291047],[3.392613,50.290624],[3.392621,50.290403],[3.392542,50.28969],[3.392519,50.289001],[3.392445,50.288583],[3.392226,50.288148],[3.391889,50.287638],[3.391065,50.286444],[3.390884,50.286264],[3.390909,50.286121],[3.390888,50.285761],[3.39105,50.285529],[3.391217,50.28547],[3.391578,50.28546],[3.393009,50.285388],[3.393716,50.285403],[3.394077,50.285447],[3.393979,50.284726],[3.395298,50.284602],[3.396457,50.284146],[3.396423,50.284032],[3.396193,50.283204],[3.396117,50.282666],[3.396041,50.282285],[3.394884,50.282098],[3.394582,50.28203],[3.39553,50.281579],[3.395575,50.281476],[3.395509,50.281],[3.395548,50.28085],[3.395816,50.280576],[3.396191,50.280431],[3.396828,50.280397],[3.396713,50.279844],[3.397237,50.279688],[3.397377,50.279597],[3.39814,50.278873],[3.398255,50.278743],[3.39846,50.278348],[3.398724,50.278167],[3.398831,50.278134],[3.400266,50.276291],[3.401625,50.275364],[3.401418,50.275291],[3.400415,50.274856],[3.39986,50.274663],[3.399532,50.274522],[3.39722,50.27415],[3.394983,50.274288],[3.394963,50.273924],[3.394996,50.273305],[3.394998,50.272819],[3.394935,50.272559],[3.394961,50.272391],[3.394905,50.272211],[3.394913,50.272044],[3.395438,50.271303],[3.395655,50.271066],[3.389654,50.270992],[3.38943,50.270119],[3.389303,50.269727],[3.388931,50.268824],[3.388432,50.267581],[3.388268,50.267259],[3.387653,50.265964]]]}"
47,59444,Odomez,"50.447,3.537","{""type"":""Polygon"",""coordinates"":[[[3.535522,50.462176],[3.536316,50.46137],[3.537521,50.461193],[3.537793,50.461002],[3.538906,50.461313],[3.538371,50.460584],[3.537491,50.459552],[3.537386,50.459343],[3.53736,50.459204],[3.537517,50.459078],[3.538244,50.458894],[3.53935,50.459075],[3.539663,50.459109],[3.540109,50.459051],[3.540168,50.458908],[3.539606,50.458414],[3.539459,50.458208],[3.539742,50.457735],[3.540737,50.457308],[3.541041,50.457153],[3.541783,50.45685],[3.542213,50.456793],[3.542488,50.456796],[3.54277,50.456889],[3.542932,50.457005],[3.543176,50.457345],[3.543306,50.457478],[3.543455,50.457541],[3.543901,50.45765],[3.544188,50.457666],[3.544546,50.457629],[3.545112,50.457467],[3.545654,50.457217],[3.546416,50.4568],[3.546682,50.456758],[3.547039,50.456805],[3.547512,50.456982],[3.547935,50.457275],[3.548239,50.457365],[3.548739,50.457392],[3.549186,50.457297],[3.549632,50.457077],[3.550005,50.456776],[3.550216,50.456475],[3.550667,50.456055],[3.551194,50.455322],[3.55361,50.455024],[3.553633,50.454808],[3.553847,50.454393],[3.553973,50.454199],[3.554449,50.453729],[3.554908,50.453389],[3.555318,50.453133],[3.554737,50.452809],[3.558947,50.451167],[3.558865,50.451033],[3.558881,50.45072],[3.558799,50.450439],[3.558364,50.449582],[3.558297,50.449404],[3.557627,50.448943],[3.55679,50.448295],[3.556028,50.44791],[3.555964,50.447822],[3.555186,50.445973],[3.554992,50.445566],[3.554833,50.445289],[3.554606,50.444993],[3.553734,50.44406],[3.553576,50.443902],[3.553091,50.443524],[3.552556,50.443152],[3.551308,50.442334],[3.55155,50.442114],[3.551831,50.441908],[3.55191,50.441781],[3.551877,50.441603],[3.551492,50.440982],[3.551438,50.440921],[3.552787,50.440131],[3.553352,50.439749],[3.553613,50.439537],[3.553612,50.439373],[3.553666,50.438915],[3.553595,50.438694],[3.553482,50.438509],[3.553088,50.437955],[3.552859,50.437585],[3.552635,50.436829],[3.552445,50.436518],[3.552225,50.436435],[3.55198,50.436384],[3.551944,50.436306],[3.551991,50.435989],[3.551867,50.435566],[3.551888,50.435357],[3.551962,50.435266],[3.552885,50.435079],[3.553073,50.435094],[3.553278,50.435305],[3.553553,50.435418],[3.553751,50.435403],[3.554298,50.435267],[3.554435,50.434859],[3.554571,50.434768],[3.555395,50.434408],[3.555901,50.434207],[3.556143,50.434052],[3.556892,50.433678],[3.555618,50.433139],[3.555898,50.432878],[3.556081,50.432674],[3.556365,50.432436],[3.556721,50.4321],[3.556955,50.43191],[3.557045,50.431783],[3.557377,50.431544],[3.557609,50.431303],[3.551833,50.433885],[3.550325,50.434566],[3.547015,50.436218],[3.538685,50.43918],[3.529612,50.442562],[3.527766,50.443238],[3.525514,50.444053],[3.524991,50.443662],[3.524203,50.443113],[3.523213,50.442306],[3.522308,50.442837],[3.521242,50.443364],[3.520327,50.443826],[3.520014,50.444004],[3.519841,50.444071],[3.518447,50.444708],[3.517822,50.445004],[3.515739,50.446087],[3.516073,50.446223],[3.516117,50.446318],[3.51604,50.446562],[3.516124,50.446668],[3.516312,50.446713],[3.516388,50.446782],[3.516493,50.447069],[3.516781,50.447546],[3.516997,50.447671],[3.51729,50.447773],[3.517841,50.448012],[3.518306,50.448326],[3.518717,50.448501],[3.518996,50.448521],[3.519284,50.448695],[3.519624,50.449024],[3.519912,50.44923],[3.520396,50.449536],[3.520926,50.449939],[3.521242,50.450225],[3.521582,50.450606],[3.521992,50.451031],[3.522549,50.451529],[3.523156,50.451848],[3.523488,50.451988],[3.523894,50.45207],[3.52397,50.452241],[3.524161,50.452325],[3.524343,50.452551],[3.524623,50.45274],[3.524897,50.453013],[3.525279,50.453304],[3.52532,50.453622],[3.525427,50.453775],[3.52571,50.453936],[3.52597,50.454021],[3.52613,50.454344],[3.52627,50.454401],[3.526644,50.454786],[3.526956,50.455074],[3.527109,50.455262],[3.527409,50.455487],[3.527648,50.45573],[3.527866,50.45586],[3.528051,50.456036],[3.528465,50.456372],[3.528545,50.456527],[3.529689,50.457718],[3.529818,50.457877],[3.530398,50.458352],[3.530909,50.458795],[3.531944,50.459639],[3.532331,50.459914],[3.532473,50.460197],[3.532612,50.460317],[3.533126,50.460544],[3.534389,50.461451],[3.534641,50.461648],[3.53474,50.46167],[3.535522,50.462176]]]}"
48,59446,Oisy,"50.352,3.432","{""type"":""Polygon"",""coordinates"":[[[3.420178,50.342845],[3.420321,50.343167],[3.420446,50.343345],[3.420641,50.343535],[3.42172,50.344417],[3.42278,50.345129],[3.423485,50.345528],[3.424111,50.345868],[3.423472,50.34632],[3.422587,50.347023],[3.424004,50.347385],[3.423881,50.347588],[3.423543,50.348251],[3.422908,50.349004],[3.423993,50.348946],[3.424035,50.349017],[3.423931,50.350248],[3.423811,50.350405],[3.422181,50.350845],[3.42123,50.351081],[3.420838,50.351209],[3.420604,50.351234],[3.420202,50.351236],[3.419815,50.351291],[3.41916,50.351509],[3.418129,50.351752],[3.417649,50.351842],[3.417934,50.352047],[3.41884,50.352516],[3.419561,50.352707],[3.42064,50.35339],[3.421394,50.35372],[3.421589,50.353894],[3.421878,50.353884],[3.422172,50.35384],[3.422517,50.353748],[3.422963,50.353553],[3.423303,50.353438],[3.423808,50.353316],[3.423986,50.353365],[3.424304,50.353671],[3.425001,50.353993],[3.426993,50.354692],[3.427695,50.354931],[3.428048,50.355037],[3.428537,50.355241],[3.428861,50.355412],[3.429359,50.355707],[3.429551,50.355881],[3.429873,50.356221],[3.430199,50.356453],[3.430424,50.356529],[3.430899,50.356732],[3.431234,50.356915],[3.431359,50.357051],[3.431608,50.357629],[3.431608,50.357954],[3.43144,50.358787],[3.431553,50.358908],[3.431333,50.358952],[3.430217,50.359756],[3.429588,50.359563],[3.429336,50.359744],[3.429976,50.360289],[3.429984,50.360377],[3.43041,50.361009],[3.431409,50.361256],[3.434605,50.359705],[3.434971,50.360188],[3.435765,50.36128],[3.436023,50.36166],[3.436173,50.361811],[3.436188,50.362001],[3.436553,50.36345],[3.436589,50.363722],[3.436921,50.363516],[3.437157,50.363432],[3.437423,50.363398],[3.437735,50.363425],[3.438043,50.363357],[3.43836,50.363231],[3.438643,50.363078],[3.439213,50.362684],[3.439363,50.362496],[3.439623,50.362039],[3.439591,50.361922],[3.439961,50.361655],[3.440239,50.361488],[3.440786,50.361205],[3.440875,50.361545],[3.441096,50.36174],[3.441474,50.36203],[3.442254,50.36265],[3.442492,50.362738],[3.443744,50.362384],[3.444688,50.362352],[3.445356,50.36118],[3.445609,50.360589],[3.446188,50.359532],[3.446481,50.359036],[3.446643,50.358816],[3.445533,50.358386],[3.445439,50.358151],[3.444916,50.358143],[3.445839,50.356759],[3.44701,50.355871],[3.446393,50.355033],[3.444615,50.354532],[3.443939,50.35455],[3.443355,50.354513],[3.44376,50.353674],[3.443438,50.353628],[3.443729,50.352828],[3.444037,50.352628],[3.444214,50.352588],[3.444139,50.352375],[3.443575,50.352208],[3.442521,50.350981],[3.441076,50.351347],[3.438717,50.348697],[3.438157,50.345959],[3.436162,50.346373],[3.435295,50.344452],[3.43544,50.34435],[3.435298,50.343883],[3.435709,50.343794],[3.435676,50.34299],[3.431225,50.34252],[3.431548,50.341597],[3.429337,50.341377],[3.42996,50.342784],[3.428994,50.343602],[3.42895,50.344048],[3.427655,50.344184],[3.427582,50.343762],[3.426987,50.343743],[3.426837,50.343097],[3.427884,50.34299],[3.427507,50.341386],[3.426521,50.341352],[3.426639,50.342213],[3.42535,50.342235],[3.425383,50.341716],[3.425088,50.341353],[3.424946,50.341146],[3.42452,50.341265],[3.424546,50.341357],[3.424476,50.341815],[3.423414,50.341941],[3.423475,50.341663],[3.422902,50.341611],[3.422662,50.341288],[3.420845,50.341216],[3.420341,50.342674],[3.420178,50.342845]]]}"
49,59447,Onnaing,"50.386,3.597","{""type"":""Polygon"",""coordinates"":[[[3.564571,50.404763],[3.565545,50.405287],[3.565558,50.405503],[3.568251,50.40681],[3.56989,50.405312],[3.57239,50.404017],[3.573838,50.404869],[3.576407,50.406813],[3.578621,50.40874],[3.580255,50.410092],[3.58043,50.410295],[3.580529,50.410314],[3.581536,50.410272],[3.585659,50.409915],[3.588853,50.409692],[3.588933,50.409565],[3.589241,50.409237],[3.590416,50.407921],[3.591555,50.406508],[3.593139,50.407115],[3.593447,50.407104],[3.593685,50.407182],[3.593947,50.407023],[3.594846,50.406528],[3.595518,50.406242],[3.595772,50.406101],[3.595977,50.405901],[3.596296,50.405732],[3.596917,50.405916],[3.597198,50.405946],[3.597682,50.405869],[3.598016,50.405744],[3.598352,50.405801],[3.598542,50.405798],[3.598766,50.405729],[3.59933,50.405424],[3.59967,50.405183],[3.599878,50.405099],[3.600594,50.404589],[3.600728,50.404558],[3.601175,50.404315],[3.601472,50.404235],[3.601657,50.404316],[3.602254,50.404792],[3.602587,50.405036],[3.602902,50.405064],[3.603033,50.405434],[3.603308,50.40642],[3.603405,50.406985],[3.604012,50.406544],[3.604493,50.40631],[3.604863,50.406152],[3.606332,50.405667],[3.607378,50.405292],[3.607673,50.405166],[3.608649,50.404647],[3.606428,50.404011],[3.604058,50.403322],[3.603151,50.403099],[3.603222,50.402796],[3.603322,50.402225],[3.603585,50.40114],[3.603722,50.400674],[3.603764,50.400447],[3.603779,50.400047],[3.603938,50.398961],[3.604058,50.398244],[3.604054,50.397969],[3.607613,50.397092],[3.60831,50.396444],[3.6084,50.396326],[3.608342,50.396173],[3.607832,50.395856],[3.607763,50.395788],[3.607973,50.395551],[3.608366,50.395039],[3.608679,50.395127],[3.608861,50.394514],[3.609754,50.394853],[3.610107,50.394966],[3.610682,50.394466],[3.61151,50.39433],[3.611855,50.394394],[3.611822,50.394301],[3.612012,50.393918],[3.612757,50.393],[3.612936,50.392839],[3.613204,50.392489],[3.613712,50.391973],[3.614046,50.391069],[3.614524,50.390705],[3.614752,50.390352],[3.614662,50.389629],[3.61466,50.389215],[3.614584,50.387456],[3.614563,50.386234],[3.61452,50.385909],[3.614499,50.385216],[3.614972,50.385218],[3.615048,50.385192],[3.615357,50.384333],[3.615602,50.383904],[3.615997,50.383461],[3.615993,50.383295],[3.61575,50.382986],[3.61569,50.382828],[3.615696,50.382622],[3.615833,50.38227],[3.618709,50.380653],[3.619147,50.380119],[3.619371,50.379774],[3.619525,50.379048],[3.619541,50.378906],[3.619775,50.378892],[3.621058,50.378761],[3.623906,50.37701],[3.624051,50.376854],[3.62413,50.376686],[3.624338,50.375804],[3.624339,50.375461],[3.62441,50.375246],[3.628773,50.375322],[3.628905,50.374558],[3.628983,50.374225],[3.629366,50.373385],[3.629603,50.372897],[3.629844,50.372438],[3.626176,50.371746],[3.626704,50.370745],[3.624043,50.369894],[3.622208,50.368811],[3.62277,50.367935],[3.620043,50.3657],[3.617865,50.363596],[3.618088,50.363422],[3.615916,50.362423],[3.612599,50.361037],[3.609706,50.361441],[3.608051,50.361687],[3.606358,50.361951],[3.605858,50.362035],[3.605172,50.36212],[3.604822,50.362177],[3.603599,50.362337],[3.603306,50.362469],[3.601937,50.363237],[3.601286,50.363576],[3.599231,50.36471],[3.598872,50.364371],[3.596574,50.365529],[3.596571,50.365616],[3.595587,50.366444],[3.595061,50.36687],[3.594178,50.367543],[3.59207,50.369172],[3.591284,50.369774],[3.591123,50.369922],[3.590379,50.370954],[3.589759,50.371702],[3.589193,50.372346],[3.58901,50.372659],[3.58873,50.373292],[3.58858,50.373566],[3.588444,50.373726],[3.587996,50.373592],[3.586383,50.375112],[3.585423,50.374911],[3.582627,50.378351],[3.58185,50.378151],[3.581076,50.37911],[3.580603,50.379723],[3.580573,50.379712],[3.579628,50.38088],[3.579949,50.380969],[3.578571,50.382527],[3.576509,50.384641],[3.576699,50.384666],[3.575987,50.386209],[3.575713,50.386631],[3.574783,50.388121],[3.574434,50.388666],[3.574108,50.389103],[3.57399,50.389371],[3.572603,50.391529],[3.572501,50.391641],[3.570755,50.394519],[3.569643,50.396277],[3.567347,50.399941],[3.567296,50.400486],[3.565603,50.403558],[3.56504,50.404273],[3.564571,50.404763]]]}"
50,59459,Petite-Forêt,"50.376,3.477","{""type"":""Polygon"",""coordinates"":[[[3.477075,50.362265],[3.476743,50.362335],[3.476016,50.362532],[3.475362,50.362727],[3.474409,50.363085],[3.473442,50.363295],[3.47327,50.363244],[3.472042,50.362725],[3.471122,50.362358],[3.467219,50.365843],[3.466933,50.365724],[3.466442,50.366719],[3.465297,50.367815],[3.465311,50.36784],[3.464545,50.368627],[3.466453,50.36882],[3.466465,50.368848],[3.467121,50.368926],[3.467872,50.368958],[3.468613,50.36907],[3.469918,50.369188],[3.470173,50.369301],[3.470877,50.369566],[3.470593,50.370537],[3.470428,50.370486],[3.470386,50.371341],[3.469126,50.371113],[3.469183,50.371314],[3.468153,50.371142],[3.467884,50.371761],[3.464598,50.371223],[3.464622,50.371368],[3.464547,50.37171],[3.464506,50.372051],[3.462815,50.372228],[3.462188,50.372324],[3.461323,50.372397],[3.461047,50.37293],[3.460897,50.373443],[3.460508,50.374148],[3.460143,50.374899],[3.459855,50.374948],[3.459928,50.37524],[3.459935,50.375498],[3.459995,50.375787],[3.460395,50.376673],[3.460423,50.376796],[3.460427,50.377168],[3.460341,50.377596],[3.460118,50.378396],[3.459057,50.378817],[3.459155,50.378872],[3.461107,50.380868],[3.461301,50.381081],[3.461502,50.381051],[3.462194,50.380888],[3.463642,50.382219],[3.463771,50.38236],[3.463908,50.382431],[3.465417,50.383901],[3.46558,50.384019],[3.469906,50.387549],[3.469932,50.387575],[3.472208,50.389379],[3.4729,50.389946],[3.473008,50.390064],[3.47932,50.385623],[3.479764,50.385925],[3.48038,50.385561],[3.481845,50.384803],[3.481575,50.384311],[3.482543,50.383714],[3.482623,50.38361],[3.482905,50.383479],[3.484685,50.382343],[3.485424,50.381699],[3.486528,50.380807],[3.486944,50.380503],[3.487256,50.380215],[3.487588,50.379973],[3.488367,50.379366],[3.488897,50.378916],[3.489399,50.378561],[3.490043,50.378084],[3.490442,50.37776],[3.492289,50.376438],[3.492962,50.375891],[3.494244,50.374649],[3.494937,50.374112],[3.495083,50.373868],[3.495485,50.373941],[3.495256,50.37387],[3.495265,50.373782],[3.495166,50.373632],[3.49474,50.373084],[3.494304,50.37314],[3.493964,50.373134],[3.493753,50.372816],[3.493771,50.372633],[3.493835,50.37249],[3.494477,50.372017],[3.49437,50.371739],[3.494204,50.37158],[3.493592,50.371171],[3.493791,50.370333],[3.493359,50.370167],[3.493239,50.370089],[3.492824,50.369947],[3.491781,50.369663],[3.491566,50.369681],[3.491281,50.369599],[3.490513,50.369318],[3.489917,50.369069],[3.489608,50.368957],[3.488714,50.368573],[3.488463,50.368283],[3.488325,50.368064],[3.488152,50.367881],[3.487861,50.36765],[3.487681,50.367547],[3.487116,50.367308],[3.486913,50.367194],[3.486598,50.366601],[3.486458,50.366198],[3.486273,50.365902],[3.485852,50.365667],[3.485291,50.365379],[3.485201,50.365311],[3.48555,50.365183],[3.485185,50.364754],[3.48482,50.364295],[3.4848,50.364231],[3.484574,50.364035],[3.483973,50.364374],[3.483544,50.364646],[3.482627,50.364219],[3.481804,50.363874],[3.4809,50.364161],[3.480422,50.364302],[3.480338,50.364205],[3.480067,50.36402],[3.479506,50.364282],[3.478925,50.363687],[3.478384,50.363155],[3.47751,50.362331],[3.477469,50.362241],[3.477322,50.362212],[3.477075,50.362265]]]}"
51,59475,Prouvy,"50.327,3.455","{""type"":""Polygon"",""coordinates"":[[[3.453212,50.34577],[3.454693,50.345951],[3.45526,50.345754],[3.455363,50.345559],[3.456372,50.345801],[3.456684,50.344865],[3.456953,50.344264],[3.457026,50.344014],[3.458147,50.343396],[3.458056,50.342627],[3.457483,50.34261],[3.4575,50.341187],[3.457343,50.341165],[3.457523,50.33991],[3.458473,50.340089],[3.459539,50.340305],[3.46011,50.340447],[3.460542,50.340638],[3.461429,50.340989],[3.46187,50.341206],[3.462233,50.341426],[3.463001,50.341956],[3.463504,50.34174],[3.463154,50.340491],[3.463478,50.340434],[3.463521,50.339793],[3.463937,50.339866],[3.46309,50.337336],[3.463057,50.337237],[3.462347,50.336243],[3.462756,50.336201],[3.463056,50.33541],[3.463394,50.334623],[3.463838,50.333633],[3.464913,50.330955],[3.46479,50.330238],[3.463896,50.330247],[3.463979,50.331118],[3.462778,50.331233],[3.462573,50.330333],[3.462356,50.330093],[3.463765,50.329578],[3.462863,50.328394],[3.461494,50.32887],[3.46079,50.327948],[3.462855,50.32709],[3.463287,50.327532],[3.465302,50.326923],[3.466685,50.326795],[3.46665,50.325435],[3.466755,50.324066],[3.464636,50.324301],[3.463696,50.323801],[3.465051,50.322989],[3.465557,50.323081],[3.468026,50.323131],[3.468329,50.32211],[3.469517,50.322158],[3.46958,50.322982],[3.472141,50.322865],[3.472146,50.321233],[3.471942,50.319915],[3.471792,50.319924],[3.471968,50.318683],[3.47249,50.318719],[3.47241,50.318099],[3.472438,50.317892],[3.472516,50.317803],[3.47256,50.317599],[3.472458,50.317167],[3.472243,50.316563],[3.472203,50.316334],[3.472257,50.316143],[3.472519,50.315596],[3.472559,50.315444],[3.472905,50.314437],[3.472356,50.314191],[3.465269,50.31376],[3.46461,50.31369],[3.46465,50.3135],[3.465,50.313035],[3.465034,50.312858],[3.464991,50.312725],[3.464263,50.311668],[3.464196,50.310922],[3.464079,50.310254],[3.463898,50.309928],[3.463615,50.309701],[3.463532,50.309593],[3.461656,50.308858],[3.460995,50.308787],[3.460098,50.30931],[3.460164,50.309443],[3.460091,50.309735],[3.460008,50.310686],[3.460018,50.310937],[3.459867,50.311137],[3.459707,50.311247],[3.459184,50.311407],[3.458911,50.31146],[3.458657,50.311457],[3.458268,50.311604],[3.457974,50.311793],[3.457759,50.312017],[3.457038,50.312868],[3.456769,50.313073],[3.456428,50.313213],[3.455901,50.313352],[3.455733,50.313372],[3.4552,50.313374],[3.454653,50.313351],[3.453899,50.313281],[3.452402,50.313283],[3.452143,50.31324],[3.451558,50.313183],[3.451276,50.313173],[3.450806,50.313225],[3.450268,50.313376],[3.449396,50.313532],[3.448869,50.313653],[3.448116,50.314181],[3.448097,50.315203],[3.447853,50.315507],[3.447626,50.315668],[3.44743,50.315744],[3.447107,50.315759],[3.446749,50.315701],[3.446558,50.315748],[3.446263,50.316023],[3.445983,50.31616],[3.44582,50.316285],[3.445813,50.31644],[3.445897,50.316616],[3.44606,50.316802],[3.446145,50.317005],[3.446127,50.317141],[3.445873,50.318175],[3.446224,50.319137],[3.446034,50.319307],[3.445608,50.319471],[3.445109,50.31953],[3.444742,50.3195],[3.444297,50.319509],[3.443446,50.31936],[3.442709,50.3192],[3.44215,50.319026],[3.441708,50.318907],[3.441577,50.318841],[3.4413,50.318806],[3.44091,50.318798],[3.44,50.319576],[3.438647,50.320576],[3.437541,50.321268],[3.437443,50.321315],[3.437813,50.321553],[3.438264,50.322132],[3.438443,50.322265],[3.438184,50.32288],[3.438299,50.322978],[3.438856,50.323307],[3.439268,50.323351],[3.439232,50.32292],[3.44108,50.322201],[3.442046,50.322783],[3.442503,50.323153],[3.44288,50.32337],[3.44203,50.324005],[3.443414,50.324758],[3.443921,50.325024],[3.444465,50.325337],[3.445447,50.325859],[3.445744,50.326077],[3.447004,50.326966],[3.446475,50.327126],[3.447416,50.327847],[3.446953,50.328388],[3.446285,50.327852],[3.445259,50.328368],[3.444706,50.328685],[3.446949,50.329752],[3.449188,50.330792],[3.45006,50.331203],[3.45208,50.332144],[3.451891,50.33234],[3.451709,50.332581],[3.451594,50.33286],[3.451606,50.333107],[3.452486,50.334501],[3.453306,50.334406],[3.456499,50.336044],[3.456341,50.336249],[3.457129,50.336908],[3.457663,50.336749],[3.458392,50.337647],[3.456857,50.338487],[3.455212,50.339372],[3.455118,50.33935],[3.454177,50.339241],[3.453544,50.339181],[3.452979,50.339181],[3.452754,50.339219],[3.452893,50.339779],[3.452998,50.339975],[3.453158,50.340451],[3.453321,50.341089],[3.453542,50.34237],[3.453616,50.342696],[3.453688,50.343161],[3.453635,50.343671],[3.453376,50.344879],[3.453212,50.34577]]]}"
52,59471,Préseau,"50.311,3.576","{""type"":""Polygon"",""coordinates"":[[[3.55565,50.29941],[3.553724,50.299616],[3.553469,50.299699],[3.551822,50.301327],[3.552099,50.301512],[3.552824,50.302093],[3.553213,50.302437],[3.54992,50.303128],[3.550487,50.305916],[3.549665,50.306007],[3.550332,50.308839],[3.550645,50.309988],[3.55007,50.310098],[3.550156,50.310412],[3.550254,50.310529],[3.550567,50.310456],[3.551041,50.311074],[3.551408,50.31158],[3.551918,50.312201],[3.552146,50.312426],[3.551751,50.312445],[3.551103,50.312442],[3.5507,50.312473],[3.553098,50.315598],[3.555741,50.317979],[3.556196,50.317835],[3.556593,50.317689],[3.557572,50.317291],[3.558728,50.316834],[3.55916,50.316611],[3.561736,50.318556],[3.56241,50.319985],[3.562585,50.320336],[3.563426,50.320321],[3.56359,50.320088],[3.566017,50.320275],[3.566459,50.32003],[3.568334,50.321569],[3.568097,50.321778],[3.571111,50.3231],[3.574978,50.323506],[3.574994,50.323417],[3.577058,50.32327],[3.577015,50.322326],[3.577631,50.321263],[3.578567,50.321386],[3.580418,50.321426],[3.581872,50.3216],[3.58198,50.321641],[3.582807,50.321729],[3.586106,50.32147],[3.585894,50.320987],[3.585588,50.320233],[3.585231,50.318819],[3.586865,50.318888],[3.587765,50.318655],[3.590411,50.317655],[3.591564,50.317326],[3.593551,50.315296],[3.594768,50.315109],[3.594147,50.31448],[3.594708,50.31419],[3.595164,50.31391],[3.596904,50.31328],[3.597312,50.313079],[3.597648,50.312961],[3.598579,50.312745],[3.598345,50.312417],[3.600814,50.312399],[3.60142,50.312342],[3.601812,50.312287],[3.60165,50.311996],[3.600798,50.310572],[3.600808,50.310481],[3.601043,50.310416],[3.601107,50.310319],[3.600456,50.309676],[3.599945,50.309211],[3.596573,50.308788],[3.592369,50.308195],[3.591717,50.307843],[3.591536,50.30783],[3.590883,50.30742],[3.586893,50.304419],[3.588378,50.303657],[3.588668,50.303527],[3.587874,50.302998],[3.586933,50.302474],[3.585572,50.301835],[3.584104,50.301191],[3.583477,50.301584],[3.583131,50.30178],[3.582042,50.301257],[3.581545,50.301627],[3.581318,50.301765],[3.580254,50.302356],[3.579928,50.302611],[3.578057,50.301359],[3.57095,50.300622],[3.570669,50.301999],[3.561043,50.300033],[3.560989,50.298811],[3.559719,50.298968],[3.557245,50.29924],[3.55565,50.29941]]]}"
53,59479,Quarouble,"50.406,3.626","{""type"":""Polygon"",""coordinates"":[[[3.630887,50.437173],[3.630974,50.437131],[3.631042,50.435836],[3.631127,50.43574],[3.6312,50.434855],[3.631226,50.434129],[3.631409,50.43157],[3.631452,50.43121],[3.631322,50.43115],[3.631323,50.430871],[3.631278,50.430765],[3.630488,50.430042],[3.630479,50.42982],[3.630428,50.4298],[3.63136,50.425949],[3.6306,50.425986],[3.630278,50.4261],[3.629705,50.426117],[3.629584,50.426426],[3.628864,50.426511],[3.628399,50.426643],[3.628091,50.426696],[3.627975,50.426528],[3.627973,50.42628],[3.62822,50.426169],[3.627921,50.425742],[3.627688,50.425637],[3.628069,50.425551],[3.628286,50.425463],[3.628461,50.425332],[3.628707,50.424941],[3.629105,50.424071],[3.629186,50.423945],[3.629414,50.42378],[3.629659,50.423667],[3.629872,50.423496],[3.629988,50.423333],[3.630179,50.422903],[3.630311,50.422517],[3.630392,50.422466],[3.630771,50.422434],[3.630972,50.422284],[3.630774,50.421256],[3.630714,50.421248],[3.630706,50.42097],[3.630573,50.420986],[3.630269,50.420756],[3.630473,50.420541],[3.630444,50.420348],[3.630241,50.420163],[3.629654,50.419909],[3.629992,50.419607],[3.62943,50.419063],[3.630114,50.418454],[3.629069,50.417966],[3.629777,50.417388],[3.629863,50.417362],[3.630548,50.417414],[3.630866,50.417495],[3.631104,50.417636],[3.631798,50.417853],[3.632451,50.417268],[3.632238,50.417085],[3.632336,50.416907],[3.632605,50.416768],[3.632978,50.416791],[3.633131,50.416845],[3.633377,50.417019],[3.633631,50.416919],[3.633804,50.41691],[3.634119,50.417161],[3.634634,50.417307],[3.634805,50.417184],[3.633883,50.416588],[3.633631,50.416021],[3.633548,50.415978],[3.632189,50.415779],[3.631074,50.415581],[3.630665,50.415536],[3.630702,50.415127],[3.630685,50.414613],[3.630765,50.414479],[3.631101,50.414245],[3.631748,50.413999],[3.631995,50.413926],[3.632265,50.413942],[3.63307,50.414268],[3.633284,50.41437],[3.633542,50.414437],[3.633918,50.414454],[3.63462,50.414645],[3.634989,50.414714],[3.635326,50.414746],[3.63586,50.414709],[3.636341,50.414585],[3.637006,50.413887],[3.637428,50.413476],[3.637453,50.413265],[3.637729,50.412988],[3.637805,50.412689],[3.63816,50.412319],[3.638222,50.412226],[3.638574,50.412281],[3.639313,50.41215],[3.639792,50.412044],[3.64032,50.411898],[3.640822,50.411716],[3.641159,50.411511],[3.641418,50.411276],[3.642021,50.410869],[3.64244,50.410384],[3.642777,50.410095],[3.643562,50.409223],[3.643617,50.409092],[3.643945,50.408703],[3.644534,50.408031],[3.6447,50.407999],[3.644867,50.407707],[3.645299,50.407212],[3.646129,50.406286],[3.646753,50.405554],[3.647542,50.404644],[3.647815,50.404319],[3.64795,50.403931],[3.64803,50.403813],[3.648217,50.403686],[3.648573,50.403307],[3.649053,50.40275],[3.649437,50.402429],[3.649421,50.402284],[3.649446,50.401843],[3.649427,50.401637],[3.649325,50.401592],[3.648449,50.401407],[3.646899,50.40202],[3.646605,50.402065],[3.646493,50.401816],[3.645561,50.40052],[3.644688,50.400566],[3.642635,50.400626],[3.642389,50.400186],[3.642208,50.400311],[3.642047,50.400366],[3.641596,50.400422],[3.641711,50.399944],[3.641679,50.39967],[3.642503,50.399118],[3.641594,50.398838],[3.642518,50.398248],[3.642723,50.398152],[3.64374,50.398291],[3.64555,50.398505],[3.64517,50.397559],[3.645471,50.396986],[3.646377,50.397151],[3.646603,50.396236],[3.64591,50.396112],[3.645991,50.396073],[3.646762,50.395042],[3.646955,50.394801],[3.647411,50.394317],[3.646781,50.394239],[3.64748,50.39195],[3.646461,50.391808],[3.647935,50.390175],[3.64692,50.389827],[3.648348,50.384616],[3.64764,50.384554],[3.647423,50.382547],[3.645838,50.382325],[3.645554,50.379484],[3.644589,50.379431],[3.643856,50.376242],[3.643707,50.376274],[3.640625,50.376743],[3.637658,50.377203],[3.634589,50.374748],[3.629366,50.373385],[3.628983,50.374225],[3.628905,50.374558],[3.628773,50.375322],[3.62441,50.375246],[3.624339,50.375461],[3.624338,50.375804],[3.62413,50.376686],[3.624051,50.376854],[3.623906,50.37701],[3.621058,50.378761],[3.619775,50.378892],[3.619541,50.378906],[3.619525,50.379048],[3.619371,50.379774],[3.619147,50.380119],[3.618709,50.380653],[3.615833,50.38227],[3.615696,50.382622],[3.61569,50.382828],[3.61575,50.382986],[3.615993,50.383295],[3.615997,50.383461],[3.615602,50.383904],[3.615357,50.384333],[3.615048,50.385192],[3.614972,50.385218],[3.614499,50.385216],[3.61452,50.385909],[3.614563,50.386234],[3.614584,50.387456],[3.61466,50.389215],[3.614662,50.389629],[3.614752,50.390352],[3.614524,50.390705],[3.614046,50.391069],[3.613712,50.391973],[3.613204,50.392489],[3.612936,50.392839],[3.612757,50.393],[3.612012,50.393918],[3.611822,50.394301],[3.611855,50.394394],[3.61151,50.39433],[3.610682,50.394466],[3.610107,50.394966],[3.609754,50.394853],[3.608861,50.394514],[3.608679,50.395127],[3.608366,50.395039],[3.607973,50.395551],[3.607763,50.395788],[3.607832,50.395856],[3.608342,50.396173],[3.6084,50.396326],[3.60831,50.396444],[3.607613,50.397092],[3.604054,50.397969],[3.604058,50.398244],[3.603938,50.398961],[3.603779,50.400047],[3.603764,50.400447],[3.603722,50.400674],[3.603585,50.40114],[3.603322,50.402225],[3.603222,50.402796],[3.603151,50.403099],[3.604058,50.403322],[3.606428,50.404011],[3.608649,50.404647],[3.609468,50.404207],[3.610016,50.403834],[3.610307,50.40362],[3.610669,50.403386],[3.611122,50.403068],[3.61154,50.402723],[3.611894,50.402355],[3.612484,50.402146],[3.612661,50.401973],[3.613298,50.401219],[3.614326,50.401498],[3.614569,50.40161],[3.615942,50.402106],[3.617558,50.402628],[3.623201,50.404566],[3.622783,50.405118],[3.62265,50.405355],[3.622195,50.406038],[3.622024,50.406465],[3.621913,50.406867],[3.621709,50.407312],[3.621306,50.40836],[3.621246,50.408396],[3.620877,50.409345],[3.62047,50.410626],[3.619981,50.41201],[3.619839,50.412361],[3.619478,50.413438],[3.619371,50.413684],[3.618676,50.415555],[3.618426,50.416129],[3.618366,50.4162],[3.617575,50.417885],[3.617289,50.418506],[3.617019,50.418504],[3.616714,50.418862],[3.616685,50.418987],[3.616753,50.419244],[3.61802,50.419215],[3.618221,50.419224],[3.618424,50.41932],[3.619021,50.419741],[3.619103,50.419863],[3.619036,50.419913],[3.61901,50.420076],[3.619038,50.420357],[3.619256,50.420599],[3.61956,50.420858],[3.619653,50.420989],[3.619587,50.421236],[3.61943,50.421577],[3.619471,50.42175],[3.617502,50.421878],[3.616821,50.42186],[3.616454,50.421944],[3.61682,50.422582],[3.616861,50.422793],[3.617008,50.422891],[3.617528,50.423085],[3.617814,50.423287],[3.617912,50.423408],[3.618012,50.42366],[3.618013,50.423833],[3.618135,50.424063],[3.618167,50.424225],[3.617897,50.42465],[3.617753,50.424708],[3.617248,50.424708],[3.616591,50.424845],[3.616384,50.424866],[3.616049,50.424786],[3.615886,50.424664],[3.615726,50.424656],[3.61547,50.424768],[3.614966,50.42491],[3.614815,50.424993],[3.614559,50.425199],[3.614132,50.425337],[3.613695,50.425375],[3.613376,50.425374],[3.613055,50.425326],[3.612624,50.425468],[3.612612,50.42553],[3.612866,50.425728],[3.613037,50.425986],[3.612979,50.426297],[3.612756,50.426791],[3.612642,50.426929],[3.612378,50.427148],[3.612065,50.427339],[3.611586,50.427581],[3.611226,50.427807],[3.610525,50.428126],[3.610124,50.428235],[3.609401,50.428319],[3.609039,50.428342],[3.60847,50.428442],[3.608176,50.428565],[3.607194,50.428597],[3.606878,50.428579],[3.606759,50.428537],[3.606259,50.427993],[3.605051,50.426735],[3.604362,50.426085],[3.603675,50.425451],[3.603363,50.425509],[3.602566,50.425754],[3.602706,50.425952],[3.602938,50.426179],[3.603442,50.426625],[3.603795,50.42697],[3.604169,50.427384],[3.605046,50.428325],[3.605481,50.428707],[3.605607,50.428775],[3.605771,50.428766],[3.606134,50.428581],[3.608046,50.430602],[3.60797,50.431302],[3.607859,50.431785],[3.60774,50.432071],[3.607744,50.432452],[3.607877,50.432711],[3.608121,50.432976],[3.608457,50.43323],[3.608581,50.433406],[3.6087,50.433886],[3.608612,50.435095],[3.608735,50.435319],[3.609573,50.435077],[3.611259,50.435596],[3.612404,50.435892],[3.614542,50.436537],[3.61462,50.436428],[3.61548,50.435245],[3.619686,50.436508],[3.620278,50.435707],[3.620614,50.435776],[3.621516,50.43605],[3.624589,50.437082],[3.62547,50.437391],[3.625523,50.437384],[3.627141,50.437326],[3.627309,50.437334],[3.627845,50.437456],[3.628407,50.437683],[3.628816,50.437803],[3.629229,50.437887],[3.629602,50.437876],[3.630887,50.437173]]]}"
54,59484,Quiévrechain,"50.395,3.658","{""type"":""Polygon"",""coordinates"":[[[3.673682,50.409656],[3.67368,50.4095],[3.673788,50.40923],[3.673707,50.409102],[3.673646,50.408793],[3.673618,50.408429],[3.673631,50.408285],[3.673741,50.408089],[3.673649,50.407925],[3.673809,50.407841],[3.674012,50.40779],[3.674008,50.407696],[3.673522,50.407228],[3.673258,50.406855],[3.673103,50.406596],[3.673072,50.406397],[3.672873,50.406002],[3.67283,50.405737],[3.672932,50.405443],[3.672964,50.405157],[3.673017,50.405005],[3.673206,50.40485],[3.673498,50.404725],[3.673635,50.404552],[3.673554,50.404415],[3.673658,50.404159],[3.673809,50.404041],[3.673964,50.403857],[3.674176,50.403819],[3.674372,50.403838],[3.674578,50.403781],[3.674711,50.403539],[3.674845,50.403465],[3.674953,50.403329],[3.674954,50.403014],[3.674841,50.402861],[3.674824,50.402696],[3.674962,50.402361],[3.674772,50.401996],[3.674576,50.401831],[3.674268,50.401709],[3.674102,50.401568],[3.673973,50.401395],[3.673743,50.40117],[3.673618,50.400996],[3.673428,50.400466],[3.673311,50.400221],[3.673009,50.399759],[3.672982,50.399616],[3.673174,50.399526],[3.67312,50.399234],[3.673126,50.398944],[3.67304,50.398843],[3.6731,50.398688],[3.673322,50.398579],[3.673315,50.398492],[3.672862,50.398253],[3.672789,50.398116],[3.673023,50.397989],[3.673471,50.397851],[3.673581,50.39755],[3.673621,50.397228],[3.673582,50.397094],[3.67346,50.396967],[3.673064,50.396705],[3.673039,50.396505],[3.673025,50.395828],[3.67287,50.395533],[3.672906,50.395321],[3.672774,50.394885],[3.672773,50.394672],[3.672621,50.39458],[3.672521,50.394363],[3.672343,50.394164],[3.672312,50.394069],[3.672451,50.393945],[3.673017,50.393856],[3.673072,50.393748],[3.673083,50.393435],[3.672872,50.393106],[3.672937,50.392688],[3.672846,50.392295],[3.672894,50.392007],[3.672787,50.391433],[3.672915,50.391251],[3.673184,50.391105],[3.673365,50.390851],[3.673629,50.390549],[3.67377,50.390283],[3.673875,50.389931],[3.674042,50.389735],[3.674073,50.389534],[3.673773,50.389101],[3.673724,50.388748],[3.673661,50.388621],[3.673333,50.388119],[3.673206,50.387975],[3.672785,50.387838],[3.672619,50.387762],[3.672305,50.387382],[3.672055,50.387281],[3.671851,50.387273],[3.671422,50.387317],[3.671182,50.387257],[3.671102,50.387154],[3.671034,50.386871],[3.670849,50.386787],[3.670536,50.386791],[3.670008,50.386863],[3.669888,50.386928],[3.669813,50.387101],[3.669653,50.387124],[3.66934,50.386923],[3.669201,50.386682],[3.669342,50.386572],[3.669847,50.386438],[3.670049,50.386309],[3.66993,50.385979],[3.669957,50.385559],[3.669918,50.385372],[3.669836,50.385263],[3.66956,50.385068],[3.669475,50.384845],[3.66935,50.384695],[3.669172,50.384631],[3.668766,50.384606],[3.668649,50.384479],[3.668612,50.383899],[3.668554,50.383754],[3.668204,50.383529],[3.667978,50.383305],[3.667461,50.383206],[3.667268,50.383128],[3.66718,50.382988],[3.667342,50.382895],[3.667877,50.382922],[3.6679,50.382811],[3.667788,50.382631],[3.667797,50.382514],[3.667962,50.382441],[3.668205,50.382449],[3.668349,50.382377],[3.668307,50.38217],[3.667845,50.382182],[3.667566,50.382006],[3.667251,50.382064],[3.666595,50.382038],[3.666446,50.381948],[3.666441,50.381865],[3.666759,50.381623],[3.666617,50.381397],[3.666614,50.381247],[3.666692,50.381073],[3.666801,50.380953],[3.666801,50.380859],[3.666615,50.380677],[3.66652,50.380528],[3.66651,50.380309],[3.666124,50.380178],[3.665942,50.380055],[3.665746,50.379984],[3.665488,50.37996],[3.665393,50.37984],[3.665415,50.379759],[3.663693,50.380282],[3.663216,50.379433],[3.662397,50.379694],[3.661943,50.37982],[3.661601,50.379419],[3.657653,50.380251],[3.657351,50.380276],[3.655823,50.380566],[3.654695,50.380519],[3.654446,50.380494],[3.653339,50.380345],[3.652634,50.380261],[3.651931,50.380196],[3.650594,50.380041],[3.649893,50.379946],[3.648339,50.379752],[3.647587,50.379678],[3.646971,50.3796],[3.645941,50.379509],[3.645554,50.379484],[3.645838,50.382325],[3.647423,50.382547],[3.64764,50.384554],[3.648348,50.384616],[3.64692,50.389827],[3.647935,50.390175],[3.646461,50.391808],[3.64748,50.39195],[3.646781,50.394239],[3.647411,50.394317],[3.646955,50.394801],[3.646762,50.395042],[3.645991,50.396073],[3.64591,50.396112],[3.646603,50.396236],[3.646377,50.397151],[3.645471,50.396986],[3.64517,50.397559],[3.64555,50.398505],[3.64374,50.398291],[3.642723,50.398152],[3.642518,50.398248],[3.641594,50.398838],[3.642503,50.399118],[3.641679,50.39967],[3.641711,50.399944],[3.641596,50.400422],[3.642047,50.400366],[3.642208,50.400311],[3.642389,50.400186],[3.642635,50.400626],[3.644688,50.400566],[3.645561,50.40052],[3.646493,50.401816],[3.646605,50.402065],[3.646899,50.40202],[3.648449,50.401407],[3.649325,50.401592],[3.649427,50.401637],[3.649446,50.401843],[3.650437,50.402077],[3.653522,50.402701],[3.654706,50.402793],[3.653831,50.401465],[3.654476,50.401379],[3.657824,50.402842],[3.658742,50.403044],[3.660094,50.403626],[3.660421,50.403747],[3.660683,50.403465],[3.660748,50.403256],[3.660947,50.403131],[3.661144,50.403121],[3.661494,50.403173],[3.661873,50.403382],[3.662117,50.403432],[3.662328,50.403424],[3.662609,50.403343],[3.662942,50.403141],[3.66285,50.402703],[3.664212,50.403073],[3.66455,50.403312],[3.664993,50.403462],[3.665159,50.403473],[3.665866,50.403399],[3.666214,50.40339],[3.666157,50.40354],[3.666443,50.403531],[3.667983,50.403421],[3.668019,50.403207],[3.669869,50.40296],[3.670135,50.40293],[3.672187,50.403242],[3.671892,50.403733],[3.671677,50.403863],[3.671455,50.404283],[3.67135,50.4044],[3.671167,50.405189],[3.671069,50.405338],[3.670683,50.405795],[3.670529,50.406062],[3.670315,50.406539],[3.67037,50.406841],[3.670172,50.407504],[3.669898,50.408522],[3.669693,50.408658],[3.67018,50.408772],[3.670627,50.408897],[3.670724,50.408856],[3.672819,50.409462],[3.672852,50.409494],[3.673682,50.409656]]]}"
55,59480,Quérénaing,"50.287,3.506","{""type"":""Polygon"",""coordinates"":[[[3.525624,50.278557],[3.525191,50.278336],[3.524334,50.277957],[3.523731,50.277668],[3.523569,50.277568],[3.521459,50.278689],[3.520164,50.278496],[3.518571,50.278412],[3.518757,50.278732],[3.518528,50.27913],[3.516112,50.279078],[3.51611,50.278505],[3.513316,50.278907],[3.51307,50.278095],[3.51232,50.278177],[3.512223,50.27748],[3.508588,50.277529],[3.508566,50.277192],[3.508441,50.276793],[3.508238,50.276385],[3.499201,50.278064],[3.497339,50.278415],[3.497336,50.278779],[3.496919,50.280139],[3.494536,50.279406],[3.493319,50.278994],[3.492521,50.278709],[3.491671,50.278322],[3.491336,50.278151],[3.491038,50.27795],[3.490248,50.277271],[3.48985,50.276963],[3.488178,50.277686],[3.487529,50.277345],[3.486628,50.278188],[3.485239,50.279567],[3.480765,50.284065],[3.48103,50.284182],[3.481601,50.284368],[3.482132,50.284526],[3.483,50.284786],[3.483396,50.285107],[3.483754,50.285517],[3.484078,50.285968],[3.48426,50.286271],[3.48861,50.282434],[3.49028,50.283552],[3.489426,50.284125],[3.493142,50.28696],[3.493308,50.286726],[3.493742,50.28584],[3.494292,50.284483],[3.494628,50.283747],[3.496269,50.284183],[3.494152,50.289624],[3.492921,50.289539],[3.496382,50.293201],[3.508504,50.291],[3.509741,50.291282],[3.509691,50.291389],[3.509865,50.291765],[3.510507,50.291838],[3.510382,50.292737],[3.511662,50.293056],[3.511795,50.293805],[3.512082,50.294126],[3.512135,50.294274],[3.512279,50.294496],[3.512455,50.294874],[3.512517,50.29511],[3.512556,50.295506],[3.512562,50.29583],[3.512616,50.29626],[3.512735,50.296501],[3.513065,50.296936],[3.513321,50.29715],[3.513878,50.297503],[3.514137,50.296799],[3.514397,50.29634],[3.51471,50.295908],[3.514797,50.295705],[3.514915,50.295244],[3.515041,50.294968],[3.515588,50.294081],[3.516134,50.29303],[3.516434,50.292369],[3.51875,50.292813],[3.521402,50.291116],[3.521257,50.289609],[3.521718,50.289464],[3.522133,50.289362],[3.521795,50.288134],[3.522405,50.288041],[3.522739,50.287102],[3.524394,50.28704],[3.524376,50.285934],[3.52562,50.286123],[3.526308,50.286198],[3.526507,50.28599],[3.526691,50.285889],[3.527042,50.286093],[3.527064,50.28619],[3.52761,50.286391],[3.527745,50.286371],[3.528033,50.286438],[3.528569,50.286596],[3.529699,50.286894],[3.529806,50.286616],[3.530801,50.284472],[3.530981,50.284105],[3.531407,50.28318],[3.531568,50.282731],[3.531972,50.281492],[3.530731,50.280968],[3.528834,50.28015],[3.528586,50.280056],[3.527113,50.27939],[3.526476,50.279048],[3.525624,50.278557]]]}"
56,59491,Raismes,"50.412,3.489","{""type"":""Polygon"",""coordinates"":[[[3.43358,50.378601],[3.43277,50.37888],[3.432475,50.378962],[3.432078,50.382246],[3.432065,50.382481],[3.43194,50.38313],[3.431912,50.383815],[3.431554,50.386517],[3.430702,50.388312],[3.430323,50.388197],[3.427553,50.387528],[3.427812,50.388078],[3.42766,50.388449],[3.427831,50.389539],[3.428036,50.389888],[3.428009,50.389993],[3.427563,50.390511],[3.427455,50.390762],[3.427541,50.39101],[3.427884,50.391017],[3.428085,50.391064],[3.428298,50.391168],[3.428445,50.391294],[3.428529,50.391434],[3.428421,50.391502],[3.428145,50.391524],[3.428467,50.392995],[3.42691,50.395887],[3.426862,50.396149],[3.425875,50.399067],[3.425732,50.399453],[3.425763,50.399943],[3.425681,50.400015],[3.42547,50.400329],[3.425389,50.400534],[3.425261,50.401023],[3.425209,50.401308],[3.425201,50.401563],[3.425249,50.401959],[3.424688,50.403711],[3.424142,50.404289],[3.423751,50.404579],[3.423533,50.404707],[3.422723,50.405052],[3.422525,50.40519],[3.422902,50.405661],[3.42316,50.406028],[3.423868,50.406193],[3.424136,50.406336],[3.424131,50.406453],[3.423906,50.406793],[3.423514,50.407259],[3.423533,50.407364],[3.424295,50.408045],[3.424606,50.408272],[3.424871,50.408547],[3.42499,50.409063],[3.425012,50.409305],[3.425165,50.409647],[3.425642,50.410887],[3.425817,50.411284],[3.426216,50.411332],[3.426528,50.411203],[3.42675,50.411148],[3.427226,50.411267],[3.427469,50.411515],[3.427574,50.411556],[3.428314,50.411664],[3.428502,50.411727],[3.429169,50.412015],[3.429467,50.411884],[3.429752,50.411811],[3.430184,50.41174],[3.430441,50.411734],[3.430883,50.411776],[3.431638,50.411908],[3.431868,50.411969],[3.43279,50.412433],[3.433182,50.412709],[3.433577,50.412944],[3.43403,50.413122],[3.435328,50.413578],[3.43575,50.413652],[3.436064,50.413636],[3.436766,50.413537],[3.437377,50.413386],[3.437884,50.413323],[3.438693,50.41346],[3.439151,50.413429],[3.439856,50.413267],[3.440302,50.413236],[3.440652,50.413184],[3.441241,50.413039],[3.44168,50.412862],[3.441909,50.412704],[3.442082,50.412531],[3.442195,50.412327],[3.442267,50.41188],[3.442417,50.411646],[3.442934,50.411372],[3.443276,50.41139],[3.443709,50.411313],[3.444117,50.411187],[3.444406,50.411146],[3.444884,50.411035],[3.445533,50.41086],[3.446129,50.410855],[3.446378,50.410947],[3.446825,50.41131],[3.447106,50.411481],[3.447278,50.411691],[3.447343,50.411881],[3.447628,50.412231],[3.448335,50.413014],[3.448796,50.413466],[3.448919,50.413458],[3.449234,50.413337],[3.449571,50.413143],[3.449973,50.412965],[3.451107,50.412559],[3.452,50.412189],[3.452322,50.412011],[3.452887,50.412092],[3.45304,50.412089],[3.453917,50.411997],[3.454272,50.412014],[3.455443,50.412148],[3.455686,50.412133],[3.456059,50.41192],[3.45657,50.411598],[3.457049,50.411574],[3.457336,50.41158],[3.457686,50.411638],[3.45811,50.411673],[3.458828,50.411711],[3.460315,50.411642],[3.461708,50.411535],[3.461974,50.411528],[3.462214,50.41156],[3.462875,50.411707],[3.463871,50.411889],[3.464608,50.412035],[3.464945,50.412116],[3.465332,50.412242],[3.46565,50.41238],[3.466108,50.412646],[3.466477,50.412783],[3.466835,50.412871],[3.467211,50.413016],[3.467539,50.413183],[3.46821,50.413592],[3.468889,50.414097],[3.469463,50.414587],[3.469822,50.414857],[3.470221,50.415127],[3.470386,50.415327],[3.470604,50.4155],[3.470784,50.41556],[3.471443,50.415723],[3.471549,50.415772],[3.472095,50.416176],[3.472319,50.416515],[3.472442,50.416745],[3.472571,50.417085],[3.472568,50.417491],[3.472174,50.417838],[3.472044,50.418057],[3.47194,50.418386],[3.471897,50.418882],[3.471708,50.419281],[3.471768,50.419633],[3.471625,50.420152],[3.471615,50.420391],[3.471672,50.420779],[3.471716,50.420915],[3.471989,50.421165],[3.472333,50.421445],[3.473839,50.422367],[3.474262,50.422681],[3.474503,50.422893],[3.474747,50.422997],[3.475054,50.423048],[3.475483,50.423088],[3.47568,50.423135],[3.476284,50.423369],[3.476594,50.423596],[3.476811,50.42384],[3.477267,50.424211],[3.477743,50.424435],[3.477995,50.424573],[3.47836,50.424947],[3.478732,50.4252],[3.478846,50.425377],[3.478888,50.425599],[3.478853,50.426044],[3.479045,50.426462],[3.479377,50.426798],[3.479523,50.426907],[3.479942,50.427136],[3.480097,50.427167],[3.480353,50.427087],[3.480625,50.426945],[3.480987,50.426863],[3.48164,50.426843],[3.481946,50.426868],[3.482362,50.426865],[3.482474,50.426901],[3.482641,50.427041],[3.482796,50.427226],[3.483054,50.42773],[3.483285,50.427962],[3.483323,50.428111],[3.483473,50.428349],[3.48374,50.42867],[3.484673,50.429578],[3.485002,50.429941],[3.485321,50.430264],[3.485591,50.430617],[3.485941,50.431005],[3.48613,50.431394],[3.486421,50.431856],[3.486593,50.432209],[3.486938,50.4325],[3.487492,50.432843],[3.487987,50.433126],[3.488267,50.433383],[3.488683,50.433916],[3.48888,50.434101],[3.489208,50.434321],[3.489344,50.43444],[3.489518,50.434696],[3.489774,50.435228],[3.490231,50.435993],[3.490489,50.436243],[3.491024,50.436666],[3.491417,50.436946],[3.491694,50.437119],[3.492383,50.43748],[3.49268,50.437677],[3.493005,50.437963],[3.49332,50.438297],[3.493705,50.438738],[3.493914,50.439037],[3.494248,50.439423],[3.494643,50.43974],[3.495008,50.440101],[3.495292,50.440269],[3.495707,50.440457],[3.495958,50.440674],[3.49614,50.44104],[3.496246,50.441476],[3.496337,50.441727],[3.496636,50.442382],[3.496785,50.442593],[3.497047,50.442717],[3.497389,50.442813],[3.497714,50.442944],[3.49801,50.443096],[3.498433,50.443366],[3.49871,50.443597],[3.498828,50.443652],[3.499602,50.443567],[3.500102,50.443603],[3.500701,50.443621],[3.500836,50.443665],[3.501175,50.443866],[3.501439,50.444113],[3.501509,50.444219],[3.501882,50.444551],[3.502129,50.44481],[3.502478,50.445084],[3.502764,50.445413],[3.502968,50.445747],[3.503266,50.445996],[3.503979,50.446439],[3.504198,50.446735],[3.504325,50.446842],[3.504687,50.446998],[3.504908,50.447126],[3.505282,50.447261],[3.505915,50.447633],[3.506557,50.447961],[3.507371,50.448526],[3.508355,50.449032],[3.509199,50.449522],[3.510991,50.448249],[3.512747,50.446968],[3.513319,50.446574],[3.513857,50.446188],[3.515852,50.444704],[3.516706,50.444102],[3.517808,50.443291],[3.518729,50.4426],[3.519238,50.44225],[3.519497,50.442003],[3.519813,50.441957],[3.520345,50.441745],[3.520683,50.441555],[3.520811,50.441437],[3.521036,50.441157],[3.521251,50.44103],[3.529142,50.435145],[3.530444,50.434148],[3.531,50.433829],[3.535065,50.430936],[3.53868,50.428243],[3.539725,50.427473],[3.540688,50.426743],[3.541859,50.425845],[3.542065,50.425961],[3.542296,50.425759],[3.543011,50.425201],[3.543829,50.424637],[3.544105,50.424478],[3.544793,50.423999],[3.546207,50.423115],[3.547176,50.422326],[3.548032,50.421594],[3.548999,50.420801],[3.549509,50.420455],[3.549928,50.420135],[3.550753,50.419557],[3.551411,50.419109],[3.551722,50.418872],[3.551992,50.418603],[3.552422,50.418349],[3.552716,50.418123],[3.553079,50.417764],[3.55328,50.417709],[3.554674,50.416704],[3.553848,50.416172],[3.551916,50.415045],[3.551415,50.41477],[3.551002,50.414305],[3.550481,50.41409],[3.549841,50.413876],[3.549613,50.413817],[3.549299,50.413803],[3.548967,50.413702],[3.548721,50.413572],[3.548481,50.413345],[3.547981,50.41236],[3.547831,50.412148],[3.547484,50.41183],[3.546899,50.411426],[3.546375,50.411036],[3.545788,50.410648],[3.545394,50.410459],[3.544824,50.410233],[3.544437,50.410048],[3.543818,50.409813],[3.542815,50.409328],[3.542224,50.409135],[3.540273,50.408555],[3.540076,50.408531],[3.539359,50.408369],[3.538133,50.407924],[3.538009,50.407826],[3.538159,50.407658],[3.537674,50.407428],[3.536606,50.406997],[3.5363,50.406889],[3.536031,50.40687],[3.534695,50.406388],[3.534244,50.406324],[3.533602,50.406206],[3.532746,50.405824],[3.532096,50.405439],[3.531803,50.405313],[3.531358,50.405262],[3.530943,50.4053],[3.530756,50.405278],[3.530521,50.405161],[3.530385,50.404915],[3.530074,50.404201],[3.529428,50.403529],[3.528877,50.403176],[3.52846,50.402963],[3.528281,50.402997],[3.5278,50.402927],[3.527578,50.402858],[3.527405,50.403024],[3.527238,50.402934],[3.527163,50.40275],[3.527337,50.402368],[3.527368,50.402109],[3.526941,50.401636],[3.526459,50.401401],[3.526102,50.401102],[3.526162,50.40093],[3.526481,50.400714],[3.526375,50.400628],[3.526484,50.40057],[3.525052,50.400033],[3.525097,50.399992],[3.524702,50.399879],[3.524044,50.399736],[3.523575,50.39972],[3.523045,50.399788],[3.522696,50.399869],[3.522393,50.399903],[3.521848,50.400172],[3.521271,50.400534],[3.521106,50.400683],[3.520866,50.400816],[3.520302,50.401073],[3.519801,50.401272],[3.519871,50.40136],[3.519254,50.401684],[3.518512,50.401985],[3.518238,50.401561],[3.517265,50.40011],[3.517329,50.399892],[3.517449,50.399782],[3.517398,50.39972],[3.515593,50.400454],[3.514155,50.398658],[3.511242,50.395042],[3.510917,50.39523],[3.510834,50.395371],[3.509943,50.397607],[3.509814,50.398013],[3.509654,50.398419],[3.509419,50.398919],[3.508929,50.400209],[3.508725,50.400725],[3.508468,50.401326],[3.508314,50.40137],[3.50732,50.401274],[3.506135,50.401125],[3.504117,50.40092],[3.503196,50.400814],[3.502665,50.40077],[3.502947,50.399794],[3.503435,50.398411],[3.503671,50.397596],[3.503829,50.396869],[3.504088,50.395354],[3.50355,50.395204],[3.502873,50.39507],[3.50251,50.394982],[3.502095,50.394913],[3.50148,50.394919],[3.50102,50.394965],[3.500693,50.395053],[3.500571,50.395122],[3.499684,50.395498],[3.499204,50.395723],[3.499071,50.395762],[3.498234,50.395876],[3.497756,50.395725],[3.497208,50.396255],[3.496949,50.396196],[3.495632,50.396328],[3.495214,50.396275],[3.495142,50.396227],[3.494248,50.395819],[3.492442,50.395264],[3.492301,50.395193],[3.492194,50.395049],[3.492118,50.394765],[3.491774,50.394314],[3.491453,50.394135],[3.491367,50.394058],[3.490703,50.393622],[3.490696,50.393187],[3.490304,50.392061],[3.490528,50.391216],[3.490653,50.391077],[3.491025,50.390565],[3.491673,50.389738],[3.491871,50.389558],[3.4922,50.389365],[3.492656,50.389183],[3.493203,50.389041],[3.494052,50.388786],[3.49371,50.388355],[3.494839,50.387991],[3.494965,50.387478],[3.495255,50.387141],[3.494909,50.386821],[3.494656,50.386477],[3.496468,50.386134],[3.49674,50.38572],[3.497222,50.384912],[3.498196,50.384494],[3.497045,50.38284],[3.498006,50.382541],[3.497828,50.381892],[3.498837,50.381519],[3.498293,50.38083],[3.496208,50.379361],[3.49687,50.378746],[3.497616,50.378087],[3.496744,50.377749],[3.498691,50.375704],[3.496301,50.374936],[3.495514,50.374404],[3.495313,50.374386],[3.495459,50.374132],[3.495485,50.373941],[3.495083,50.373868],[3.494937,50.374112],[3.494244,50.374649],[3.492962,50.375891],[3.492289,50.376438],[3.490442,50.37776],[3.490043,50.378084],[3.489399,50.378561],[3.488897,50.378916],[3.488367,50.379366],[3.487588,50.379973],[3.487256,50.380215],[3.486944,50.380503],[3.486528,50.380807],[3.485424,50.381699],[3.484685,50.382343],[3.482905,50.383479],[3.482623,50.38361],[3.482543,50.383714],[3.481575,50.384311],[3.481845,50.384803],[3.48038,50.385561],[3.479764,50.385925],[3.47932,50.385623],[3.473008,50.390064],[3.4729,50.389946],[3.472208,50.389379],[3.469932,50.387575],[3.469906,50.387549],[3.46558,50.384019],[3.465417,50.383901],[3.463908,50.382431],[3.463771,50.38236],[3.463642,50.382219],[3.462194,50.380888],[3.461502,50.381051],[3.461301,50.381081],[3.461048,50.381129],[3.460637,50.381243],[3.45865,50.381668],[3.457191,50.382038],[3.457126,50.382032],[3.451862,50.383245],[3.450797,50.383709],[3.44926,50.384315],[3.448954,50.38454],[3.449054,50.384817],[3.44962,50.38597],[3.450685,50.388226],[3.451475,50.389933],[3.451652,50.39025],[3.452776,50.392858],[3.452503,50.395424],[3.45253,50.395955],[3.452067,50.395968],[3.450279,50.394555],[3.450078,50.394311],[3.449723,50.393769],[3.449053,50.39277],[3.44898,50.392641],[3.448972,50.392492],[3.448313,50.392215],[3.447873,50.392089],[3.447238,50.391805],[3.445055,50.39071],[3.444763,50.390573],[3.444225,50.390391],[3.442606,50.389701],[3.439184,50.388382],[3.43886,50.388296],[3.438173,50.388206],[3.437106,50.388114],[3.435695,50.387417],[3.434742,50.386888],[3.43456,50.38662],[3.434758,50.386395],[3.434741,50.386116],[3.434823,50.385527],[3.434948,50.385137],[3.434943,50.384801],[3.434656,50.383404],[3.434567,50.383052],[3.434474,50.382426],[3.434334,50.381903],[3.433833,50.380888],[3.43358,50.378601]]]}"
57,59505,Rombies-et-Marchipont,"50.369,3.641","{""type"":""Polygon"",""coordinates"":[[[3.620087,50.35703],[3.618411,50.359397],[3.615916,50.362423],[3.618088,50.363422],[3.617865,50.363596],[3.620043,50.3657],[3.62277,50.367935],[3.622208,50.368811],[3.624043,50.369894],[3.626704,50.370745],[3.626176,50.371746],[3.629844,50.372438],[3.629603,50.372897],[3.629366,50.373385],[3.634589,50.374748],[3.637658,50.377203],[3.640625,50.376743],[3.643707,50.376274],[3.643856,50.376242],[3.644589,50.379431],[3.645554,50.379484],[3.645941,50.379509],[3.646971,50.3796],[3.647587,50.379678],[3.648339,50.379752],[3.649893,50.379946],[3.650594,50.380041],[3.651931,50.380196],[3.652634,50.380261],[3.653339,50.380345],[3.654446,50.380494],[3.654695,50.380519],[3.655823,50.380566],[3.657351,50.380276],[3.657653,50.380251],[3.661601,50.379419],[3.661943,50.37982],[3.662397,50.379694],[3.663216,50.379433],[3.663693,50.380282],[3.665415,50.379759],[3.665515,50.379729],[3.66555,50.379543],[3.665845,50.379284],[3.665816,50.379084],[3.665583,50.378962],[3.665676,50.378801],[3.665561,50.378611],[3.665426,50.378484],[3.665022,50.378319],[3.664829,50.378151],[3.664721,50.377948],[3.664402,50.377816],[3.664313,50.377725],[3.664218,50.377502],[3.664016,50.377558],[3.663835,50.377524],[3.66357,50.377414],[3.663545,50.377307],[3.663638,50.37712],[3.663586,50.377041],[3.663369,50.376883],[3.663254,50.376731],[3.663184,50.376459],[3.66294,50.376267],[3.662779,50.376184],[3.66252,50.376124],[3.662644,50.375944],[3.66258,50.375793],[3.662332,50.375849],[3.662253,50.375565],[3.662184,50.375432],[3.661837,50.375413],[3.661569,50.375273],[3.661261,50.374954],[3.661129,50.37476],[3.660961,50.374715],[3.660613,50.374702],[3.660362,50.374546],[3.66004,50.374452],[3.659904,50.374313],[3.659748,50.374226],[3.659542,50.374182],[3.659479,50.374077],[3.659343,50.374001],[3.659081,50.374028],[3.658934,50.373995],[3.658624,50.373779],[3.658231,50.373535],[3.658217,50.373466],[3.658444,50.373215],[3.658524,50.372799],[3.658348,50.372371],[3.657896,50.372324],[3.657969,50.372088],[3.658251,50.371978],[3.658321,50.371612],[3.658541,50.371514],[3.658642,50.371409],[3.658568,50.371297],[3.658386,50.371312],[3.658175,50.371388],[3.658001,50.371383],[3.657854,50.37125],[3.657603,50.371233],[3.657493,50.371122],[3.657701,50.370998],[3.657824,50.370875],[3.657766,50.370802],[3.657593,50.370775],[3.657528,50.370878],[3.657383,50.370928],[3.657192,50.370861],[3.656757,50.370861],[3.656446,50.370781],[3.656261,50.370631],[3.656819,50.37024],[3.656879,50.370103],[3.656743,50.370008],[3.656473,50.370086],[3.656056,50.370402],[3.655874,50.370302],[3.655385,50.370256],[3.655463,50.370146],[3.655355,50.370019],[3.654761,50.369808],[3.654446,50.369754],[3.654302,50.369595],[3.654479,50.369456],[3.654381,50.369309],[3.65404,50.369314],[3.653847,50.369214],[3.653497,50.368792],[3.653402,50.368389],[3.653141,50.367964],[3.652864,50.367684],[3.652706,50.367589],[3.652525,50.367328],[3.652329,50.366567],[3.652148,50.366598],[3.652017,50.366352],[3.651745,50.365932],[3.651491,50.365787],[3.651308,50.365758],[3.650972,50.365762],[3.650344,50.365798],[3.650156,50.365786],[3.649524,50.365565],[3.649209,50.365488],[3.6483,50.365587],[3.647918,50.365658],[3.647662,50.365736],[3.647411,50.36587],[3.647134,50.365934],[3.647044,50.365336],[3.647015,50.364837],[3.64712,50.364404],[3.647165,50.364041],[3.647151,50.363699],[3.647089,50.363368],[3.646978,50.363035],[3.6466,50.362373],[3.646327,50.361947],[3.646022,50.361594],[3.645817,50.361454],[3.643597,50.360062],[3.643254,50.35983],[3.642848,50.359466],[3.64266,50.359245],[3.642413,50.358811],[3.642156,50.358099],[3.642046,50.357861],[3.641454,50.356864],[3.641404,50.356741],[3.637326,50.35769],[3.632536,50.358013],[3.62706,50.358387],[3.623622,50.358611],[3.623316,50.357853],[3.620087,50.35703]]]}"
58,59515,Rouvignies,"50.335,3.441","{""type"":""Polygon"",""coordinates"":[[[3.438184,50.32288],[3.438152,50.322968],[3.437819,50.3233],[3.437413,50.323829],[3.437206,50.32405],[3.436744,50.324757],[3.43661,50.325005],[3.434452,50.324083],[3.43395,50.32383],[3.43322,50.32352],[3.432831,50.323505],[3.432537,50.323197],[3.432174,50.323272],[3.431361,50.323279],[3.430606,50.323376],[3.430185,50.323397],[3.429881,50.323508],[3.429043,50.323695],[3.42809,50.323686],[3.426463,50.3237],[3.426182,50.323666],[3.425565,50.323672],[3.424835,50.323589],[3.422565,50.323461],[3.426504,50.328839],[3.426858,50.329259],[3.426866,50.329346],[3.427029,50.329571],[3.428375,50.33105],[3.429962,50.33072],[3.430495,50.331655],[3.430204,50.331725],[3.431204,50.332699],[3.431021,50.332972],[3.433563,50.334927],[3.43433,50.335863],[3.434936,50.335834],[3.435034,50.338168],[3.436124,50.3384],[3.435065,50.339559],[3.434631,50.340003],[3.43402,50.340652],[3.437416,50.34151],[3.437574,50.34097],[3.437613,50.340618],[3.437681,50.340326],[3.439239,50.340754],[3.439313,50.340569],[3.439382,50.340266],[3.441142,50.340373],[3.441044,50.340721],[3.441288,50.341416],[3.440084,50.341983],[3.439909,50.342],[3.439145,50.342381],[3.439409,50.342711],[3.440058,50.343817],[3.440159,50.343932],[3.439929,50.344007],[3.441447,50.346514],[3.442697,50.346555],[3.444043,50.346869],[3.44511,50.347324],[3.446032,50.347126],[3.449329,50.34575],[3.449814,50.345545],[3.449652,50.345255],[3.449564,50.345015],[3.44936,50.344597],[3.449101,50.344223],[3.448816,50.343875],[3.448338,50.343108],[3.448169,50.342944],[3.447952,50.342457],[3.447728,50.342082],[3.447418,50.341487],[3.447086,50.340518],[3.447626,50.340424],[3.447721,50.340675],[3.449256,50.340384],[3.449839,50.34107],[3.450668,50.341843],[3.451247,50.343005],[3.451677,50.343939],[3.451544,50.343987],[3.452012,50.344664],[3.453212,50.34577],[3.453376,50.344879],[3.453635,50.343671],[3.453688,50.343161],[3.453616,50.342696],[3.453542,50.34237],[3.453321,50.341089],[3.453158,50.340451],[3.452998,50.339975],[3.452893,50.339779],[3.452754,50.339219],[3.452979,50.339181],[3.453544,50.339181],[3.454177,50.339241],[3.455118,50.33935],[3.455212,50.339372],[3.456857,50.338487],[3.458392,50.337647],[3.457663,50.336749],[3.457129,50.336908],[3.456341,50.336249],[3.456499,50.336044],[3.453306,50.334406],[3.452486,50.334501],[3.451606,50.333107],[3.451594,50.33286],[3.451709,50.332581],[3.451891,50.33234],[3.45208,50.332144],[3.45006,50.331203],[3.449188,50.330792],[3.446949,50.329752],[3.444706,50.328685],[3.445259,50.328368],[3.446285,50.327852],[3.446953,50.328388],[3.447416,50.327847],[3.446475,50.327126],[3.447004,50.326966],[3.445744,50.326077],[3.445447,50.325859],[3.444465,50.325337],[3.443921,50.325024],[3.443414,50.324758],[3.44203,50.324005],[3.44288,50.32337],[3.442503,50.323153],[3.442046,50.322783],[3.44108,50.322201],[3.439232,50.32292],[3.439268,50.323351],[3.438856,50.323307],[3.438299,50.322978],[3.438184,50.32288]]]}"
59,59504,Rœulx,"50.314,3.328","{""type"":""Polygon"",""coordinates"":[[[3.343344,50.315184],[3.343929,50.31376],[3.344203,50.313261],[3.344494,50.31278],[3.344731,50.312461],[3.344836,50.312481],[3.346847,50.308928],[3.346894,50.308626],[3.346789,50.308022],[3.346782,50.307781],[3.346825,50.307273],[3.346858,50.307174],[3.347122,50.306822],[3.345728,50.306255],[3.344477,50.306531],[3.34421,50.306581],[3.343385,50.306941],[3.340702,50.306349],[3.340078,50.306219],[3.3398,50.305937],[3.33969,50.30599],[3.339635,50.30548],[3.338928,50.305012],[3.33866,50.305182],[3.338077,50.304631],[3.338111,50.30448],[3.338537,50.30422],[3.338051,50.303928],[3.337889,50.303498],[3.337906,50.303357],[3.33633,50.302856],[3.336046,50.302757],[3.335545,50.302711],[3.335323,50.302667],[3.334882,50.302525],[3.334386,50.30231],[3.333638,50.302136],[3.333374,50.302094],[3.332418,50.301982],[3.330622,50.301912],[3.330426,50.30192],[3.329968,50.301941],[3.329783,50.302014],[3.329745,50.302108],[3.329727,50.302387],[3.329779,50.302574],[3.329408,50.302554],[3.327196,50.302574],[3.326542,50.302572],[3.326202,50.302546],[3.326129,50.302446],[3.325402,50.302502],[3.324564,50.302608],[3.324058,50.302647],[3.323395,50.302673],[3.322768,50.302781],[3.322127,50.302952],[3.321757,50.302963],[3.320921,50.302862],[3.319874,50.306075],[3.321247,50.306256],[3.317597,50.309485],[3.318357,50.309807],[3.315241,50.312558],[3.314305,50.312182],[3.313744,50.311931],[3.31096,50.31341],[3.310081,50.313789],[3.311553,50.314618],[3.309003,50.316001],[3.310359,50.316823],[3.311766,50.318255],[3.313097,50.317504],[3.313746,50.316833],[3.315672,50.317708],[3.318914,50.320009],[3.320021,50.320985],[3.320466,50.320619],[3.324121,50.322782],[3.323377,50.323975],[3.324559,50.324156],[3.325105,50.325572],[3.326203,50.32527],[3.32607,50.324839],[3.327705,50.324751],[3.327669,50.324452],[3.330703,50.323752],[3.330997,50.323605],[3.332705,50.322699],[3.333571,50.322253],[3.334268,50.321855],[3.334711,50.321583],[3.335073,50.321328],[3.335715,50.320844],[3.336943,50.320022],[3.337672,50.319516],[3.338163,50.319214],[3.338532,50.319013],[3.338822,50.318889],[3.339089,50.318833],[3.341631,50.317697],[3.342602,50.317555],[3.342623,50.316956],[3.342712,50.316534],[3.343068,50.315878],[3.343344,50.315184]]]}"
60,59526,Saint-Amand-les-Eaux,"50.438,3.445","{""type"":""Polygon"",""coordinates"":[[[3.495996,50.459094],[3.4962,50.458939],[3.49815,50.457542],[3.498672,50.457129],[3.498876,50.457],[3.502548,50.454314],[3.503553,50.453642],[3.505296,50.45236],[3.505799,50.452006],[3.506918,50.451181],[3.507855,50.450507],[3.509199,50.449522],[3.508355,50.449032],[3.507371,50.448526],[3.506557,50.447961],[3.505915,50.447633],[3.505282,50.447261],[3.504908,50.447126],[3.504687,50.446998],[3.504325,50.446842],[3.504198,50.446735],[3.503979,50.446439],[3.503266,50.445996],[3.502968,50.445747],[3.502764,50.445413],[3.502478,50.445084],[3.502129,50.44481],[3.501882,50.444551],[3.501509,50.444219],[3.501439,50.444113],[3.501175,50.443866],[3.500836,50.443665],[3.500701,50.443621],[3.500102,50.443603],[3.499602,50.443567],[3.498828,50.443652],[3.49871,50.443597],[3.498433,50.443366],[3.49801,50.443096],[3.497714,50.442944],[3.497389,50.442813],[3.497047,50.442717],[3.496785,50.442593],[3.496636,50.442382],[3.496337,50.441727],[3.496246,50.441476],[3.49614,50.44104],[3.495958,50.440674],[3.495707,50.440457],[3.495292,50.440269],[3.495008,50.440101],[3.494643,50.43974],[3.494248,50.439423],[3.493914,50.439037],[3.493705,50.438738],[3.49332,50.438297],[3.493005,50.437963],[3.49268,50.437677],[3.492383,50.43748],[3.491694,50.437119],[3.491417,50.436946],[3.491024,50.436666],[3.490489,50.436243],[3.490231,50.435993],[3.489774,50.435228],[3.489518,50.434696],[3.489344,50.43444],[3.489208,50.434321],[3.48888,50.434101],[3.488683,50.433916],[3.488267,50.433383],[3.487987,50.433126],[3.487492,50.432843],[3.486938,50.4325],[3.486593,50.432209],[3.486421,50.431856],[3.48613,50.431394],[3.485941,50.431005],[3.485591,50.430617],[3.485321,50.430264],[3.485002,50.429941],[3.484673,50.429578],[3.48374,50.42867],[3.483473,50.428349],[3.483323,50.428111],[3.483285,50.427962],[3.483054,50.42773],[3.482796,50.427226],[3.482641,50.427041],[3.482474,50.426901],[3.482362,50.426865],[3.481946,50.426868],[3.48164,50.426843],[3.480987,50.426863],[3.480625,50.426945],[3.480353,50.427087],[3.480097,50.427167],[3.479942,50.427136],[3.479523,50.426907],[3.479377,50.426798],[3.479045,50.426462],[3.478853,50.426044],[3.478888,50.425599],[3.478846,50.425377],[3.478732,50.4252],[3.47836,50.424947],[3.477995,50.424573],[3.477743,50.424435],[3.477267,50.424211],[3.476811,50.42384],[3.476594,50.423596],[3.476284,50.423369],[3.47568,50.423135],[3.475483,50.423088],[3.475054,50.423048],[3.474747,50.422997],[3.474503,50.422893],[3.474262,50.422681],[3.473839,50.422367],[3.472333,50.421445],[3.471989,50.421165],[3.471716,50.420915],[3.471672,50.420779],[3.471615,50.420391],[3.471625,50.420152],[3.471768,50.419633],[3.471708,50.419281],[3.471897,50.418882],[3.47194,50.418386],[3.472044,50.418057],[3.472174,50.417838],[3.472568,50.417491],[3.472571,50.417085],[3.472442,50.416745],[3.472319,50.416515],[3.472095,50.416176],[3.471549,50.415772],[3.471443,50.415723],[3.470784,50.41556],[3.470604,50.4155],[3.470386,50.415327],[3.470221,50.415127],[3.469822,50.414857],[3.469463,50.414587],[3.468889,50.414097],[3.46821,50.413592],[3.467539,50.413183],[3.467211,50.413016],[3.466835,50.412871],[3.466477,50.412783],[3.466108,50.412646],[3.46565,50.41238],[3.465332,50.412242],[3.464945,50.412116],[3.464608,50.412035],[3.463871,50.411889],[3.462875,50.411707],[3.462214,50.41156],[3.461974,50.411528],[3.461708,50.411535],[3.460315,50.411642],[3.458828,50.411711],[3.45811,50.411673],[3.457686,50.411638],[3.457336,50.41158],[3.457049,50.411574],[3.45657,50.411598],[3.456059,50.41192],[3.455686,50.412133],[3.455443,50.412148],[3.454272,50.412014],[3.453917,50.411997],[3.45304,50.412089],[3.452887,50.412092],[3.452322,50.412011],[3.452,50.412189],[3.451107,50.412559],[3.449973,50.412965],[3.449571,50.413143],[3.449234,50.413337],[3.448919,50.413458],[3.448796,50.413466],[3.448335,50.413014],[3.447628,50.412231],[3.447343,50.411881],[3.447278,50.411691],[3.447106,50.411481],[3.446825,50.41131],[3.446378,50.410947],[3.446129,50.410855],[3.445533,50.41086],[3.444884,50.411035],[3.444406,50.411146],[3.444117,50.411187],[3.443709,50.411313],[3.443276,50.41139],[3.442934,50.411372],[3.442417,50.411646],[3.442267,50.41188],[3.442195,50.412327],[3.442082,50.412531],[3.441909,50.412704],[3.44168,50.412862],[3.441241,50.413039],[3.440652,50.413184],[3.440302,50.413236],[3.439856,50.413267],[3.439151,50.413429],[3.438693,50.41346],[3.437884,50.413323],[3.437377,50.413386],[3.436766,50.413537],[3.436064,50.413636],[3.43575,50.413652],[3.435328,50.413578],[3.43403,50.413122],[3.433577,50.412944],[3.433182,50.412709],[3.43279,50.412433],[3.431868,50.411969],[3.431638,50.411908],[3.430883,50.411776],[3.430441,50.411734],[3.430184,50.41174],[3.429752,50.411811],[3.429467,50.411884],[3.429169,50.412015],[3.428921,50.412197],[3.428706,50.412572],[3.428465,50.412902],[3.428292,50.413263],[3.428038,50.413609],[3.427821,50.413769],[3.427531,50.414033],[3.427124,50.414349],[3.42697,50.414554],[3.426784,50.415052],[3.426523,50.415354],[3.426263,50.415499],[3.425428,50.415871],[3.424893,50.41606],[3.42451,50.416284],[3.424234,50.41655],[3.424055,50.416826],[3.424023,50.416952],[3.424032,50.417399],[3.424005,50.417744],[3.423931,50.41795],[3.42374,50.41822],[3.42318,50.418503],[3.422909,50.418565],[3.422307,50.418661],[3.422125,50.418716],[3.421614,50.41894],[3.421009,50.419356],[3.420574,50.41975],[3.420424,50.420277],[3.420178,50.420435],[3.419737,50.420648],[3.419395,50.420743],[3.419043,50.420772],[3.418464,50.420762],[3.418122,50.420857],[3.417999,50.420946],[3.417937,50.421131],[3.41792,50.42163],[3.417801,50.421825],[3.417666,50.422189],[3.417682,50.422449],[3.41755,50.422735],[3.41744,50.42286],[3.416839,50.423235],[3.416389,50.423598],[3.415744,50.424288],[3.415526,50.424413],[3.415339,50.424561],[3.41503,50.424865],[3.414311,50.425469],[3.414029,50.425566],[3.413858,50.425783],[3.413689,50.425907],[3.413135,50.426165],[3.412877,50.426333],[3.411969,50.427101],[3.41177,50.427225],[3.411493,50.427344],[3.411607,50.427578],[3.411711,50.428025],[3.411507,50.428174],[3.411422,50.428338],[3.411243,50.428397],[3.410539,50.428786],[3.409625,50.428521],[3.409013,50.428246],[3.408605,50.42816],[3.408078,50.428158],[3.405992,50.428319],[3.405396,50.42834],[3.40538,50.428795],[3.405351,50.428937],[3.405756,50.429377],[3.405764,50.429663],[3.405062,50.429979],[3.403034,50.430908],[3.402824,50.430882],[3.402505,50.43072],[3.4022,50.430306],[3.402025,50.430255],[3.401622,50.430273],[3.401424,50.430473],[3.401488,50.430761],[3.401636,50.430894],[3.401568,50.431085],[3.401318,50.431186],[3.400583,50.431289],[3.4004,50.431347],[3.399983,50.431552],[3.399746,50.431759],[3.399515,50.431848],[3.399143,50.431881],[3.398719,50.432361],[3.398716,50.432502],[3.398416,50.432975],[3.398183,50.433167],[3.39776,50.433339],[3.397535,50.433492],[3.397324,50.433702],[3.397191,50.433946],[3.397065,50.434109],[3.396513,50.434522],[3.395938,50.43491],[3.395638,50.435045],[3.395586,50.435106],[3.395031,50.435395],[3.394057,50.435757],[3.39283,50.43604],[3.391733,50.437126],[3.391581,50.437227],[3.391212,50.437363],[3.390834,50.437476],[3.390289,50.437588],[3.389802,50.437668],[3.389723,50.437521],[3.389502,50.437418],[3.388805,50.43722],[3.388535,50.437559],[3.388316,50.438049],[3.38823,50.438163],[3.388085,50.438249],[3.387173,50.4384],[3.386914,50.438459],[3.386793,50.43866],[3.386652,50.438817],[3.38628,50.439065],[3.385835,50.439515],[3.385677,50.439793],[3.385943,50.43986],[3.386467,50.440073],[3.386732,50.440092],[3.387057,50.440055],[3.387668,50.44003],[3.387588,50.440764],[3.388265,50.441278],[3.389153,50.44141],[3.389578,50.441739],[3.390079,50.442093],[3.389658,50.442328],[3.389121,50.442463],[3.388639,50.442495],[3.387621,50.442483],[3.387247,50.442455],[3.386892,50.44239],[3.386707,50.442315],[3.386217,50.442191],[3.385776,50.441809],[3.38562,50.441799],[3.385166,50.442013],[3.384541,50.442354],[3.384338,50.442783],[3.384068,50.443148],[3.383831,50.443341],[3.383621,50.443452],[3.383518,50.443685],[3.383649,50.443819],[3.384231,50.444046],[3.384287,50.444183],[3.384157,50.444616],[3.384215,50.44478],[3.384448,50.444899],[3.384859,50.445055],[3.384434,50.445248],[3.384326,50.445272],[3.383862,50.445268],[3.383159,50.445597],[3.382881,50.445696],[3.382493,50.445871],[3.382158,50.445393],[3.381913,50.445241],[3.381613,50.445227],[3.381273,50.445276],[3.381862,50.446011],[3.381379,50.446304],[3.381466,50.446452],[3.380713,50.446764],[3.380404,50.44692],[3.380901,50.447415],[3.380988,50.447557],[3.381072,50.447904],[3.381215,50.448039],[3.381246,50.448196],[3.381394,50.448287],[3.381799,50.448466],[3.382087,50.448471],[3.382625,50.448802],[3.382953,50.449036],[3.382339,50.44945],[3.381896,50.449638],[3.382268,50.449667],[3.382825,50.449941],[3.383175,50.450256],[3.383375,50.450486],[3.383341,50.450557],[3.382481,50.451289],[3.381819,50.451899],[3.381683,50.451906],[3.381065,50.451705],[3.380858,50.451847],[3.380288,50.452458],[3.380345,50.452918],[3.380809,50.453729],[3.381047,50.454167],[3.381158,50.454331],[3.381429,50.454631],[3.381771,50.454876],[3.383025,50.455907],[3.383225,50.456306],[3.38345,50.456548],[3.383844,50.456869],[3.384128,50.45704],[3.384859,50.457259],[3.38596,50.457632],[3.386247,50.457683],[3.386788,50.45796],[3.3875,50.458391],[3.387719,50.458497],[3.388078,50.458614],[3.388264,50.458633],[3.38859,50.458604],[3.38917,50.458496],[3.389476,50.458408],[3.390435,50.458084],[3.390839,50.457984],[3.391153,50.457872],[3.391655,50.457651],[3.39187,50.457584],[3.392142,50.457557],[3.39254,50.45757],[3.393527,50.457707],[3.393918,50.457727],[3.39429,50.457824],[3.394679,50.457879],[3.394904,50.45794],[3.395333,50.458296],[3.395928,50.458727],[3.396123,50.458814],[3.396335,50.458962],[3.396715,50.459002],[3.397337,50.45892],[3.397614,50.458855],[3.397759,50.458728],[3.3982,50.458616],[3.399179,50.45819],[3.399558,50.45817],[3.399848,50.458107],[3.400211,50.458061],[3.401417,50.457935],[3.402034,50.457837],[3.402474,50.457797],[3.402706,50.457798],[3.403179,50.457846],[3.403534,50.45792],[3.404096,50.458118],[3.404371,50.458248],[3.404578,50.458384],[3.404604,50.458506],[3.404833,50.458701],[3.405057,50.458849],[3.405476,50.459181],[3.405895,50.459412],[3.406966,50.460171],[3.407607,50.46049],[3.407832,50.460627],[3.408571,50.461002],[3.408806,50.461092],[3.409074,50.461424],[3.409329,50.461638],[3.409949,50.461843],[3.410263,50.461449],[3.410502,50.461085],[3.411146,50.460677],[3.411283,50.460572],[3.411727,50.460303],[3.41256,50.459696],[3.413339,50.459048],[3.413479,50.458878],[3.413304,50.458831],[3.413772,50.458489],[3.414051,50.45832],[3.414411,50.458058],[3.41469,50.457715],[3.414814,50.457492],[3.415504,50.456686],[3.415917,50.456177],[3.416064,50.456071],[3.416053,50.455978],[3.416237,50.455775],[3.41649,50.455702],[3.417158,50.455616],[3.417457,50.455616],[3.417717,50.455669],[3.417946,50.455614],[3.41823,50.455493],[3.418797,50.455302],[3.419465,50.455059],[3.419773,50.454997],[3.420247,50.454668],[3.420314,50.4546],[3.420437,50.454327],[3.422309,50.45476],[3.42425,50.45553],[3.423301,50.456352],[3.423026,50.456571],[3.422302,50.457102],[3.422027,50.457413],[3.421818,50.457613],[3.421359,50.45789],[3.419865,50.458644],[3.419497,50.458863],[3.420133,50.459621],[3.420376,50.460032],[3.421417,50.459751],[3.421855,50.459554],[3.422279,50.459394],[3.422716,50.459266],[3.423044,50.459129],[3.423123,50.45913],[3.423489,50.459342],[3.423987,50.45958],[3.424307,50.459783],[3.424719,50.46009],[3.424883,50.460078],[3.42522,50.459647],[3.425039,50.459403],[3.42514,50.459162],[3.425485,50.458917],[3.426314,50.459156],[3.426576,50.459244],[3.42712,50.459363],[3.428353,50.4597],[3.429577,50.460096],[3.431261,50.460619],[3.43179,50.460794],[3.434358,50.461579],[3.434797,50.461706],[3.435229,50.461854],[3.435369,50.461962],[3.43561,50.462403],[3.435674,50.462462],[3.435948,50.462602],[3.436514,50.462689],[3.436962,50.462795],[3.438043,50.463254],[3.438223,50.463313],[3.438809,50.463449],[3.438952,50.463312],[3.439363,50.463102],[3.440061,50.462612],[3.440457,50.462758],[3.440804,50.46295],[3.441155,50.462716],[3.442056,50.462033],[3.442223,50.461835],[3.44252,50.461861],[3.442847,50.461945],[3.443462,50.462278],[3.444171,50.461838],[3.444359,50.461775],[3.445876,50.461423],[3.446397,50.461071],[3.4466,50.46098],[3.447185,50.461317],[3.447354,50.461269],[3.447589,50.461267],[3.447903,50.461367],[3.448454,50.461192],[3.448587,50.461126],[3.449489,50.460513],[3.450801,50.46019],[3.451122,50.46037],[3.451136,50.460054],[3.450963,50.459762],[3.451425,50.459365],[3.45178,50.459003],[3.452041,50.45914],[3.452259,50.459204],[3.452912,50.45929],[3.453229,50.459386],[3.45333,50.459486],[3.453375,50.459784],[3.453256,50.459875],[3.452668,50.460171],[3.45273,50.461294],[3.452861,50.462099],[3.452899,50.462528],[3.453044,50.462842],[3.453138,50.462976],[3.453564,50.463119],[3.454001,50.463005],[3.454598,50.462615],[3.454852,50.462495],[3.455234,50.462419],[3.455456,50.462458],[3.455552,50.462596],[3.455366,50.463026],[3.455313,50.463084],[3.454861,50.463341],[3.455147,50.463754],[3.455659,50.46425],[3.455813,50.464426],[3.455957,50.464511],[3.456186,50.464746],[3.456942,50.465238],[3.457356,50.465394],[3.45779,50.465507],[3.458034,50.465546],[3.458251,50.465111],[3.458814,50.465184],[3.459894,50.464261],[3.460488,50.464491],[3.461704,50.463538],[3.461867,50.463644],[3.461952,50.463823],[3.46216,50.46401],[3.462548,50.464087],[3.462758,50.464063],[3.463199,50.463957],[3.463273,50.463771],[3.463494,50.463506],[3.46387,50.463109],[3.46399,50.463075],[3.464246,50.462871],[3.464845,50.462542],[3.465078,50.462667],[3.465325,50.462543],[3.466474,50.462135],[3.467197,50.462873],[3.467597,50.462928],[3.467922,50.462945],[3.468061,50.462775],[3.468664,50.462278],[3.469258,50.461757],[3.469522,50.46139],[3.469571,50.461256],[3.469614,50.460746],[3.469507,50.460538],[3.469775,50.460531],[3.471411,50.459936],[3.471615,50.459847],[3.471362,50.459683],[3.471368,50.459612],[3.471929,50.458948],[3.47205,50.45878],[3.47286,50.457881],[3.473336,50.458156],[3.473922,50.457625],[3.474399,50.457232],[3.474464,50.457325],[3.474767,50.457447],[3.476155,50.458121],[3.47662,50.458318],[3.477211,50.458649],[3.477802,50.459063],[3.478108,50.459329],[3.47824,50.459369],[3.47879,50.459121],[3.480726,50.458216],[3.480967,50.458072],[3.483519,50.458392],[3.485528,50.45865],[3.488369,50.459008],[3.491171,50.459368],[3.492862,50.459582],[3.492976,50.459265],[3.493096,50.459073],[3.493358,50.458804],[3.494086,50.458308],[3.494731,50.458598],[3.495996,50.459094]]]}"
61,59530,Saint-Aybert,"50.450,3.648","{""type"":""Polygon"",""coordinates"":[[[3.642079,50.440851],[3.642486,50.44099],[3.642826,50.441226],[3.643118,50.441361],[3.643134,50.441653],[3.643214,50.441784],[3.643576,50.441948],[3.643623,50.44208],[3.643974,50.442176],[3.644572,50.442399],[3.644868,50.442563],[3.645445,50.443055],[3.645533,50.443249],[3.645902,50.443436],[3.646283,50.443518],[3.646664,50.443671],[3.646931,50.443735],[3.647281,50.443937],[3.647579,50.444076],[3.64777,50.44441],[3.647888,50.444467],[3.64837,50.444594],[3.648563,50.444596],[3.648725,50.445627],[3.648684,50.445813],[3.648492,50.445942],[3.648455,50.446935],[3.648347,50.446977],[3.648347,50.447135],[3.648176,50.447115],[3.647605,50.447535],[3.646563,50.448356],[3.646291,50.448534],[3.646266,50.448592],[3.645006,50.449612],[3.642805,50.450773],[3.641561,50.451354],[3.639982,50.452127],[3.638632,50.452829],[3.638457,50.452776],[3.637998,50.452948],[3.635925,50.453524],[3.634632,50.453896],[3.633174,50.454467],[3.63107,50.455231],[3.629359,50.45586],[3.628616,50.4561],[3.628156,50.456227],[3.627851,50.456244],[3.627393,50.456606],[3.627305,50.456767],[3.627283,50.456939],[3.627361,50.457183],[3.627534,50.457342],[3.627826,50.457493],[3.62853,50.457775],[3.629126,50.458138],[3.629637,50.458409],[3.629803,50.458461],[3.630497,50.458531],[3.630763,50.458579],[3.631315,50.458714],[3.632205,50.458894],[3.632736,50.459033],[3.633306,50.459315],[3.633553,50.459379],[3.633795,50.459369],[3.634353,50.459217],[3.634523,50.459202],[3.63473,50.45925],[3.635844,50.45991],[3.63648,50.460299],[3.636681,50.460271],[3.636802,50.460166],[3.637035,50.459829],[3.637285,50.459602],[3.637416,50.459578],[3.637959,50.459605],[3.638052,50.459727],[3.638043,50.459892],[3.637661,50.460375],[3.637661,50.460536],[3.63773,50.46073],[3.638386,50.46092],[3.63877,50.460927],[3.63969,50.460858],[3.639871,50.460875],[3.640365,50.461062],[3.640503,50.461716],[3.640696,50.462084],[3.641116,50.462044],[3.641518,50.461937],[3.64188,50.461721],[3.642361,50.461384],[3.642768,50.461501],[3.642922,50.461732],[3.642905,50.461866],[3.642485,50.462129],[3.642108,50.462495],[3.642101,50.46264],[3.642291,50.462842],[3.642778,50.463039],[3.643422,50.46334],[3.64391,50.463342],[3.644099,50.463282],[3.644325,50.463049],[3.644549,50.462642],[3.644659,50.462548],[3.644923,50.462429],[3.645269,50.46241],[3.645632,50.462494],[3.645905,50.462615],[3.645958,50.462691],[3.645853,50.462979],[3.645715,50.463172],[3.645296,50.463542],[3.645217,50.463696],[3.64544,50.463798],[3.645786,50.463798],[3.646227,50.463717],[3.646813,50.46371],[3.647289,50.463749],[3.647618,50.463846],[3.648109,50.464103],[3.64841,50.464193],[3.649184,50.464207],[3.649838,50.464153],[3.650116,50.464112],[3.650339,50.464046],[3.650323,50.463465],[3.651437,50.462922],[3.651741,50.462808],[3.652269,50.46277],[3.652447,50.462817],[3.652937,50.463145],[3.653272,50.463459],[3.653416,50.463495],[3.653667,50.463447],[3.654381,50.463112],[3.654475,50.463042],[3.654574,50.462817],[3.654614,50.462213],[3.654744,50.462019],[3.65487,50.461957],[3.655217,50.461948],[3.655498,50.461708],[3.655673,50.461648],[3.655767,50.461389],[3.656189,50.461078],[3.656305,50.460935],[3.656508,50.460861],[3.656868,50.460617],[3.65698,50.46036],[3.65723,50.460136],[3.657382,50.459959],[3.65772,50.459643],[3.657866,50.459314],[3.657907,50.459121],[3.65823,50.45908],[3.658899,50.458874],[3.659289,50.45878],[3.659497,50.458687],[3.660318,50.458446],[3.660498,50.457979],[3.660706,50.45776],[3.660828,50.457723],[3.66125,50.457734],[3.6615,50.457659],[3.661796,50.457399],[3.661903,50.457246],[3.66206,50.457117],[3.661966,50.456959],[3.66197,50.456825],[3.662105,50.456724],[3.662309,50.456471],[3.662701,50.456147],[3.662799,50.456024],[3.662989,50.455363],[3.662991,50.455292],[3.662869,50.454941],[3.662806,50.454503],[3.662656,50.454109],[3.662883,50.45382],[3.663254,50.453584],[3.663536,50.45349],[3.663765,50.453358],[3.663885,50.453243],[3.664064,50.452966],[3.664118,50.452708],[3.664218,50.452513],[3.664162,50.452295],[3.663858,50.452063],[3.66366,50.451859],[3.663316,50.451564],[3.662705,50.451132],[3.662414,50.450908],[3.662278,50.450837],[3.661825,50.450759],[3.661504,50.450581],[3.660784,50.450009],[3.660771,50.449847],[3.660962,50.449609],[3.660996,50.449458],[3.660724,50.448747],[3.660733,50.448701],[3.660405,50.448248],[3.660256,50.448009],[3.66026,50.447751],[3.660328,50.447582],[3.660314,50.447204],[3.660113,50.447076],[3.6597,50.44687],[3.659078,50.446847],[3.658398,50.446763],[3.658706,50.446423],[3.658826,50.446395],[3.659478,50.44644],[3.660362,50.446323],[3.660366,50.446013],[3.660404,50.445584],[3.659453,50.445107],[3.659561,50.445032],[3.660139,50.444468],[3.660966,50.443155],[3.661132,50.442998],[3.661516,50.442698],[3.661742,50.442564],[3.661987,50.442335],[3.663045,50.441551],[3.663379,50.441412],[3.66359,50.441296],[3.663867,50.441212],[3.664585,50.441098],[3.665373,50.441172],[3.666884,50.440492],[3.666497,50.440286],[3.666493,50.440246],[3.667256,50.439926],[3.667521,50.439787],[3.668425,50.439224],[3.668708,50.438945],[3.668976,50.438642],[3.669206,50.438441],[3.669064,50.438131],[3.669614,50.437474],[3.669765,50.437243],[3.668554,50.436755],[3.667162,50.436131],[3.666765,50.435974],[3.666263,50.435832],[3.665947,50.435768],[3.665879,50.435946],[3.665794,50.436754],[3.665733,50.436895],[3.665401,50.4374],[3.665244,50.437417],[3.665107,50.43736],[3.664421,50.436504],[3.661631,50.436248],[3.661595,50.436693],[3.661595,50.437026],[3.660027,50.436938],[3.658952,50.436839],[3.658044,50.436746],[3.657597,50.436682],[3.657306,50.437058],[3.656893,50.437558],[3.656268,50.438207],[3.655926,50.438535],[3.65582,50.43861],[3.655579,50.438887],[3.654943,50.43952],[3.654724,50.439887],[3.654184,50.440391],[3.653598,50.440136],[3.652777,50.439754],[3.652675,50.439745],[3.652058,50.44027],[3.651558,50.440119],[3.650997,50.439987],[3.650892,50.439981],[3.64973,50.439591],[3.649202,50.439435],[3.648398,50.439239],[3.648203,50.43925],[3.648098,50.43914],[3.648162,50.439015],[3.64792,50.438845],[3.647211,50.438429],[3.646283,50.437813],[3.644771,50.438538],[3.644308,50.438839],[3.643764,50.439264],[3.643413,50.439383],[3.643519,50.43953],[3.64353,50.439643],[3.64322,50.439912],[3.642079,50.440851]]]}"
62,59544,Saint-Saulve,"50.380,3.569","{""type"":""Polygon"",""coordinates"":[[[3.596574,50.365529],[3.59591,50.365074],[3.594721,50.3644],[3.594402,50.364207],[3.593985,50.363877],[3.592299,50.362601],[3.590629,50.361413],[3.588542,50.359824],[3.58753,50.359063],[3.586522,50.358333],[3.585609,50.35762],[3.58381,50.356233],[3.579053,50.352895],[3.578119,50.353002],[3.577643,50.353081],[3.577026,50.353144],[3.575743,50.353114],[3.575453,50.35316],[3.575073,50.353285],[3.573808,50.353624],[3.573588,50.353749],[3.573535,50.353864],[3.573084,50.354093],[3.572901,50.354131],[3.572448,50.35435],[3.571603,50.354922],[3.57121,50.35515],[3.570786,50.355369],[3.570296,50.355859],[3.570313,50.356005],[3.570259,50.356181],[3.57012,50.356459],[3.569981,50.356581],[3.569654,50.356771],[3.569074,50.357044],[3.568815,50.356828],[3.568417,50.356962],[3.567798,50.357215],[3.566993,50.357484],[3.566323,50.357634],[3.565599,50.357612],[3.56501,50.357658],[3.564283,50.357784],[3.563991,50.357855],[3.563289,50.357961],[3.562806,50.357976],[3.562209,50.357939],[3.560672,50.357654],[3.558734,50.357889],[3.55671,50.358504],[3.555987,50.358715],[3.555798,50.358489],[3.548937,50.360341],[3.546909,50.361166],[3.546684,50.361243],[3.546295,50.361425],[3.545558,50.361739],[3.545307,50.361811],[3.54454,50.362179],[3.54432,50.362308],[3.542239,50.362208],[3.541664,50.362176],[3.54142,50.36214],[3.541659,50.362582],[3.542014,50.363278],[3.542354,50.363796],[3.543003,50.364607],[3.543168,50.364866],[3.543796,50.366238],[3.543832,50.366503],[3.543665,50.366703],[3.543784,50.367174],[3.544294,50.367491],[3.544509,50.367533],[3.544476,50.367663],[3.544191,50.367815],[3.5435,50.368051],[3.543072,50.368216],[3.542716,50.368412],[3.542399,50.368474],[3.541101,50.369508],[3.541266,50.369812],[3.541383,50.370087],[3.541492,50.370469],[3.541572,50.370615],[3.541881,50.370884],[3.542014,50.370971],[3.542362,50.371049],[3.542706,50.371062],[3.543089,50.371048],[3.543662,50.370982],[3.544141,50.371163],[3.545013,50.371663],[3.545435,50.371996],[3.545588,50.372142],[3.545589,50.372237],[3.545295,50.372469],[3.545256,50.372632],[3.545388,50.372832],[3.545855,50.373201],[3.546224,50.373567],[3.54652,50.37372],[3.546846,50.37384],[3.54888,50.373734],[3.549202,50.373775],[3.550476,50.374493],[3.550215,50.375382],[3.5504,50.375433],[3.551031,50.375956],[3.551814,50.376563],[3.552022,50.376811],[3.55211,50.377],[3.552201,50.377351],[3.552243,50.377635],[3.552173,50.378143],[3.552103,50.378397],[3.552009,50.378558],[3.551866,50.378675],[3.551399,50.378927],[3.551308,50.378956],[3.551149,50.37911],[3.550875,50.379265],[3.550722,50.379413],[3.548824,50.379285],[3.548275,50.379259],[3.548077,50.379401],[3.54789,50.379911],[3.547773,50.38001],[3.54718,50.380144],[3.546871,50.380156],[3.545376,50.37965],[3.545087,50.379611],[3.544849,50.379648],[3.544627,50.379855],[3.544674,50.380066],[3.544841,50.380345],[3.544962,50.380486],[3.545104,50.380657],[3.545379,50.380881],[3.545638,50.380957],[3.54695,50.381234],[3.548079,50.381686],[3.548743,50.382171],[3.549166,50.382574],[3.549477,50.382735],[3.549575,50.382892],[3.549428,50.383154],[3.548361,50.383685],[3.548048,50.383824],[3.548204,50.383965],[3.548867,50.384092],[3.549188,50.38417],[3.549339,50.384237],[3.549383,50.384345],[3.548812,50.385108],[3.548697,50.385292],[3.548677,50.385619],[3.548856,50.385787],[3.549118,50.385904],[3.549394,50.385943],[3.549687,50.385923],[3.550624,50.385426],[3.551118,50.385446],[3.551731,50.385805],[3.551747,50.386084],[3.551649,50.386204],[3.551298,50.386239],[3.55106,50.386327],[3.549653,50.388006],[3.549605,50.388054],[3.549689,50.388212],[3.549798,50.388259],[3.551411,50.388194],[3.551585,50.38834],[3.551588,50.388516],[3.551502,50.388713],[3.551361,50.388897],[3.551223,50.389],[3.550999,50.389075],[3.549977,50.388974],[3.549642,50.389051],[3.54948,50.389233],[3.549401,50.389431],[3.549644,50.389829],[3.550832,50.390383],[3.551086,50.390598],[3.551266,50.3911],[3.551388,50.391808],[3.551185,50.392132],[3.550892,50.392351],[3.550583,50.392492],[3.549984,50.392472],[3.549559,50.392494],[3.549359,50.392561],[3.548977,50.392804],[3.548759,50.39303],[3.548684,50.39322],[3.548732,50.393377],[3.549757,50.394442],[3.54993,50.394709],[3.549936,50.394896],[3.549812,50.395602],[3.550045,50.395742],[3.551161,50.39582],[3.551331,50.395951],[3.550969,50.397344],[3.551554,50.399092],[3.551797,50.399547],[3.554457,50.400882],[3.554658,50.401007],[3.555148,50.401376],[3.557836,50.402556],[3.557749,50.402776],[3.557538,50.403086],[3.557606,50.403338],[3.557726,50.403497],[3.558227,50.403851],[3.558393,50.403987],[3.55859,50.404255],[3.559035,50.404766],[3.559254,50.404856],[3.559441,50.404856],[3.559642,50.404916],[3.559805,50.405011],[3.560234,50.405346],[3.560854,50.405713],[3.562477,50.406432],[3.564329,50.404955],[3.564571,50.404763],[3.56504,50.404273],[3.565603,50.403558],[3.567296,50.400486],[3.567347,50.399941],[3.569643,50.396277],[3.570755,50.394519],[3.572501,50.391641],[3.572603,50.391529],[3.57399,50.389371],[3.574108,50.389103],[3.574434,50.388666],[3.574783,50.388121],[3.575713,50.386631],[3.575987,50.386209],[3.576699,50.384666],[3.576509,50.384641],[3.578571,50.382527],[3.579949,50.380969],[3.579628,50.38088],[3.580573,50.379712],[3.580603,50.379723],[3.581076,50.37911],[3.58185,50.378151],[3.582627,50.378351],[3.585423,50.374911],[3.586383,50.375112],[3.587996,50.373592],[3.588444,50.373726],[3.58858,50.373566],[3.58873,50.373292],[3.58901,50.372659],[3.589193,50.372346],[3.589759,50.371702],[3.590379,50.370954],[3.591123,50.369922],[3.591284,50.369774],[3.59207,50.369172],[3.594178,50.367543],[3.595061,50.36687],[3.595587,50.366444],[3.596571,50.365616],[3.596574,50.365529]]]}"
63,59557,Saultain,"50.336,3.583","{""type"":""Polygon"",""coordinates"":[[[3.566017,50.320275],[3.565279,50.32102],[3.564921,50.321449],[3.564606,50.321873],[3.56308,50.32428],[3.56239,50.325299],[3.561829,50.325973],[3.561109,50.326697],[3.560718,50.327119],[3.560305,50.327589],[3.559939,50.328053],[3.559541,50.328635],[3.558926,50.32968],[3.558507,50.330551],[3.558064,50.331523],[3.557811,50.332004],[3.557425,50.332586],[3.563038,50.334458],[3.563459,50.334988],[3.563887,50.337224],[3.564508,50.33835],[3.565208,50.339451],[3.565288,50.33956],[3.565546,50.339748],[3.565981,50.339966],[3.566193,50.340024],[3.566462,50.340428],[3.566632,50.340569],[3.565267,50.341146],[3.564219,50.341608],[3.564414,50.34174],[3.566627,50.343452],[3.567603,50.344235],[3.568809,50.345082],[3.5693,50.345455],[3.569552,50.34561],[3.569855,50.34586],[3.571471,50.347048],[3.57177,50.347318],[3.572126,50.347602],[3.572573,50.347877],[3.573967,50.348908],[3.576186,50.350586],[3.576378,50.350684],[3.576724,50.351028],[3.57705,50.351402],[3.577431,50.351725],[3.585649,50.348661],[3.586406,50.347733],[3.588057,50.3477],[3.588163,50.347625],[3.588,50.346388],[3.587783,50.346074],[3.589578,50.345788],[3.591173,50.345257],[3.590829,50.344781],[3.593368,50.342952],[3.596571,50.342499],[3.598915,50.342316],[3.603583,50.342316],[3.605441,50.342728],[3.605982,50.339896],[3.606367,50.339909],[3.607338,50.340031],[3.607767,50.340064],[3.608072,50.340065],[3.608487,50.340035],[3.609016,50.33997],[3.607958,50.338078],[3.60753,50.337339],[3.607358,50.337079],[3.603575,50.338696],[3.602313,50.338282],[3.601748,50.338124],[3.601247,50.338002],[3.600566,50.337814],[3.599831,50.337574],[3.599275,50.337424],[3.598472,50.337261],[3.597651,50.337116],[3.596572,50.336985],[3.594721,50.336779],[3.593934,50.336644],[3.594121,50.335782],[3.594539,50.334304],[3.59448,50.334062],[3.594332,50.333663],[3.594108,50.333702],[3.594334,50.333314],[3.594619,50.332768],[3.594776,50.332513],[3.594836,50.332243],[3.594976,50.332004],[3.59498,50.331758],[3.594927,50.331539],[3.594737,50.33145],[3.594161,50.33124],[3.593938,50.331284],[3.59105,50.331658],[3.591009,50.330972],[3.589993,50.329315],[3.589208,50.326449],[3.590092,50.325745],[3.588554,50.324618],[3.588283,50.324404],[3.587951,50.324103],[3.587401,50.323524],[3.586645,50.322606],[3.586444,50.322249],[3.586106,50.32147],[3.582807,50.321729],[3.58198,50.321641],[3.581872,50.3216],[3.580418,50.321426],[3.578567,50.321386],[3.577631,50.321263],[3.577015,50.322326],[3.577058,50.32327],[3.574994,50.323417],[3.574978,50.323506],[3.571111,50.3231],[3.568097,50.321778],[3.568334,50.321569],[3.566459,50.32003],[3.566017,50.320275]]]}"
64,59559,Sebourg,"50.345,3.646","{""type"":""Polygon"",""coordinates"":[[[3.642451,50.320323],[3.642395,50.320508],[3.642511,50.320695],[3.642305,50.320824],[3.642096,50.32118],[3.64203,50.3215],[3.642151,50.32164],[3.642393,50.321652],[3.642493,50.321697],[3.642668,50.321928],[3.642804,50.322228],[3.642719,50.322377],[3.642583,50.322482],[3.642597,50.32262],[3.642866,50.322811],[3.642969,50.322969],[3.64305,50.32321],[3.643237,50.323395],[3.643181,50.323545],[3.64284,50.323678],[3.642317,50.323999],[3.642054,50.323567],[3.641968,50.323488],[3.641667,50.323505],[3.637716,50.324443],[3.637323,50.324528],[3.637467,50.324755],[3.632933,50.325655],[3.630367,50.326132],[3.630797,50.326774],[3.628939,50.327296],[3.629703,50.328592],[3.625901,50.32918],[3.626152,50.329942],[3.624191,50.329858],[3.623596,50.329805],[3.623026,50.329776],[3.621709,50.330574],[3.622071,50.331467],[3.621029,50.332503],[3.622271,50.333264],[3.620024,50.333979],[3.619923,50.333846],[3.618389,50.333807],[3.618186,50.335681],[3.619233,50.336185],[3.617465,50.336663],[3.618508,50.338598],[3.615509,50.339076],[3.614789,50.339197],[3.615091,50.341412],[3.6157,50.345841],[3.616729,50.345565],[3.616733,50.350505],[3.617623,50.350324],[3.618211,50.350181],[3.62014,50.352102],[3.620676,50.35288],[3.6187,50.353463],[3.620087,50.35703],[3.623316,50.357853],[3.623622,50.358611],[3.62706,50.358387],[3.632536,50.358013],[3.637326,50.35769],[3.641404,50.356741],[3.641454,50.356864],[3.642046,50.357861],[3.642156,50.358099],[3.642413,50.358811],[3.64266,50.359245],[3.642848,50.359466],[3.643254,50.35983],[3.643597,50.360062],[3.645817,50.361454],[3.646022,50.361594],[3.646327,50.361947],[3.6466,50.362373],[3.646978,50.363035],[3.647089,50.363368],[3.647151,50.363699],[3.647165,50.364041],[3.64712,50.364404],[3.647015,50.364837],[3.647044,50.365336],[3.647134,50.365934],[3.647411,50.36587],[3.647662,50.365736],[3.647918,50.365658],[3.6483,50.365587],[3.649209,50.365488],[3.649524,50.365565],[3.650156,50.365786],[3.650344,50.365798],[3.650972,50.365762],[3.651308,50.365758],[3.651491,50.365787],[3.651745,50.365932],[3.652017,50.366352],[3.652148,50.366598],[3.652329,50.366567],[3.652525,50.367328],[3.652706,50.367589],[3.652864,50.367684],[3.653141,50.367964],[3.653402,50.368389],[3.653497,50.368792],[3.653847,50.369214],[3.65404,50.369314],[3.654381,50.369309],[3.654479,50.369456],[3.654302,50.369595],[3.654446,50.369754],[3.654761,50.369808],[3.655355,50.370019],[3.655463,50.370146],[3.655385,50.370256],[3.655874,50.370302],[3.656056,50.370402],[3.656473,50.370086],[3.656743,50.370008],[3.656879,50.370103],[3.656819,50.37024],[3.656261,50.370631],[3.656446,50.370781],[3.656757,50.370861],[3.657192,50.370861],[3.657572,50.370612],[3.658279,50.370125],[3.6571,50.369283],[3.657884,50.368929],[3.657304,50.368569],[3.658148,50.368179],[3.657916,50.367932],[3.659269,50.367341],[3.658905,50.366885],[3.660902,50.366217],[3.661579,50.365828],[3.664534,50.365538],[3.664699,50.365245],[3.664743,50.364648],[3.665138,50.364536],[3.665114,50.364268],[3.665571,50.364315],[3.666277,50.362975],[3.6666,50.362129],[3.666848,50.361429],[3.666998,50.360942],[3.66723,50.360923],[3.667235,50.360474],[3.667183,50.359284],[3.667089,50.35834],[3.666969,50.356181],[3.667446,50.356275],[3.667443,50.354847],[3.667429,50.354761],[3.667412,50.353678],[3.667385,50.352667],[3.667298,50.351195],[3.667136,50.351194],[3.666996,50.35055],[3.666345,50.348646],[3.665038,50.348342],[3.664698,50.347684],[3.665563,50.347624],[3.66541,50.347023],[3.66596,50.347008],[3.668421,50.346969],[3.668446,50.346649],[3.669252,50.346722],[3.669257,50.346701],[3.669163,50.344832],[3.670126,50.344699],[3.670826,50.344547],[3.671274,50.344389],[3.672915,50.343706],[3.673618,50.343436],[3.67314,50.342714],[3.675724,50.341974],[3.675579,50.341473],[3.676543,50.34128],[3.677405,50.340279],[3.676915,50.339209],[3.676295,50.338525],[3.675919,50.338194],[3.675239,50.337509],[3.674421,50.336656],[3.673872,50.335671],[3.673295,50.33511],[3.673107,50.334939],[3.672727,50.335077],[3.671979,50.334616],[3.669113,50.332376],[3.668761,50.332586],[3.668302,50.332374],[3.665758,50.33362],[3.664411,50.333138],[3.663833,50.33291],[3.663414,50.332721],[3.663109,50.332558],[3.662916,50.332425],[3.662623,50.332097],[3.661848,50.331189],[3.661595,50.330856],[3.660298,50.330185],[3.659664,50.329811],[3.659647,50.32987],[3.659759,50.330156],[3.659625,50.33011],[3.659298,50.330093],[3.659218,50.330436],[3.658964,50.330555],[3.658949,50.330699],[3.658782,50.330754],[3.658566,50.330702],[3.65834,50.330794],[3.658183,50.330669],[3.65794,50.330599],[3.657855,50.330771],[3.6577,50.330849],[3.657492,50.331057],[3.656654,50.330512],[3.654353,50.32727],[3.653952,50.326729],[3.653819,50.326483],[3.653742,50.326186],[3.653551,50.32587],[3.652903,50.324442],[3.652755,50.324036],[3.65216,50.324122],[3.65179,50.323145],[3.649965,50.323341],[3.649342,50.32179],[3.647785,50.321928],[3.64758,50.321084],[3.647465,50.320349],[3.647393,50.319967],[3.645655,50.31984],[3.645491,50.319807],[3.644839,50.319856],[3.644393,50.319822],[3.644117,50.319864],[3.643786,50.31996],[3.643289,50.320174],[3.642451,50.320323]]]}"
65,59574,Somain,"50.359,3.272","{""type"":""Polygon"",""coordinates"":[[[3.295151,50.340874],[3.293408,50.3409],[3.292695,50.340892],[3.292598,50.340361],[3.292362,50.339786],[3.292238,50.339535],[3.291847,50.338903],[3.291395,50.338063],[3.290756,50.336937],[3.290615,50.336675],[3.289738,50.336781],[3.288906,50.336844],[3.288166,50.336877],[3.286916,50.336916],[3.284847,50.336964],[3.285346,50.334359],[3.285426,50.334185],[3.280888,50.334026],[3.280906,50.336014],[3.2809,50.336152],[3.280769,50.336373],[3.280515,50.33668],[3.280506,50.337025],[3.276629,50.337076],[3.274075,50.337112],[3.273288,50.338898],[3.271278,50.338698],[3.268757,50.341858],[3.266204,50.340791],[3.264891,50.341988],[3.263792,50.342889],[3.264431,50.343264],[3.262582,50.345987],[3.262044,50.346114],[3.261385,50.345722],[3.261071,50.345487],[3.259616,50.346262],[3.259048,50.345741],[3.258702,50.34539],[3.258535,50.345166],[3.256949,50.345019],[3.256899,50.344997],[3.25708,50.346474],[3.257817,50.346529],[3.257856,50.34701],[3.260595,50.347278],[3.260303,50.348424],[3.259868,50.348441],[3.258054,50.34853],[3.257575,50.350025],[3.256724,50.349782],[3.256262,50.350406],[3.257073,50.350615],[3.256774,50.351053],[3.257115,50.351177],[3.25658,50.352097],[3.258553,50.352801],[3.25715,50.354383],[3.258707,50.354956],[3.257602,50.356161],[3.256898,50.355936],[3.256125,50.356777],[3.256319,50.356858],[3.25564,50.35776],[3.255527,50.358458],[3.255829,50.359039],[3.256125,50.359378],[3.256295,50.360211],[3.256179,50.360477],[3.256076,50.360899],[3.256147,50.361116],[3.256286,50.36119],[3.257184,50.361575],[3.256609,50.362222],[3.256567,50.362254],[3.256158,50.362807],[3.256049,50.363171],[3.255529,50.363779],[3.255636,50.364071],[3.255653,50.364276],[3.25575,50.364444],[3.255767,50.365111],[3.256002,50.365504],[3.256157,50.365931],[3.256286,50.366211],[3.25429,50.366657],[3.253523,50.366742],[3.252589,50.366772],[3.250137,50.367858],[3.250162,50.368055],[3.249602,50.368173],[3.247964,50.368191],[3.246945,50.368367],[3.247368,50.369091],[3.247852,50.369967],[3.249603,50.37307],[3.25012,50.374003],[3.25152,50.374085],[3.251683,50.374116],[3.253075,50.374276],[3.255793,50.37457],[3.256444,50.374661],[3.257099,50.374417],[3.257639,50.374324],[3.258175,50.374043],[3.258324,50.373886],[3.258473,50.373794],[3.258749,50.373692],[3.259157,50.373588],[3.26011,50.373435],[3.260811,50.37344],[3.263127,50.373924],[3.262911,50.374436],[3.262535,50.375142],[3.262461,50.375384],[3.263312,50.375571],[3.262961,50.376302],[3.262494,50.37629],[3.262278,50.377805],[3.263775,50.377503],[3.264792,50.377331],[3.264795,50.377408],[3.264548,50.378256],[3.264455,50.378423],[3.264279,50.378437],[3.26409,50.379316],[3.263885,50.380157],[3.262583,50.380347],[3.262816,50.380568],[3.262801,50.3807],[3.263268,50.381059],[3.263903,50.380923],[3.268797,50.379697],[3.269338,50.379629],[3.270942,50.381438],[3.271278,50.38179],[3.271245,50.381953],[3.270146,50.382352],[3.269897,50.382455],[3.268959,50.382774],[3.267929,50.383165],[3.267041,50.383473],[3.266557,50.383653],[3.268139,50.384937],[3.271808,50.384105],[3.277758,50.38274],[3.286371,50.380765],[3.286865,50.380562],[3.290658,50.379766],[3.291286,50.379769],[3.294546,50.379827],[3.294495,50.379535],[3.294584,50.379008],[3.294588,50.378719],[3.294383,50.377657],[3.294362,50.377189],[3.294376,50.376619],[3.294365,50.376348],[3.294288,50.375736],[3.294253,50.374304],[3.2943,50.373677],[3.294349,50.373237],[3.294267,50.373164],[3.293909,50.373053],[3.293685,50.373031],[3.292952,50.372894],[3.292082,50.372755],[3.290189,50.372531],[3.289065,50.372409],[3.288813,50.372394],[3.288441,50.372335],[3.288203,50.372227],[3.289452,50.370313],[3.28955,50.37013],[3.289565,50.369999],[3.289447,50.367876],[3.289398,50.366423],[3.289358,50.366029],[3.289289,50.365892],[3.290321,50.365772],[3.290552,50.364506],[3.290634,50.364],[3.291413,50.364037],[3.291427,50.363515],[3.291897,50.363476],[3.292323,50.361906],[3.29254,50.360026],[3.292567,50.359727],[3.293716,50.359638],[3.294252,50.359605],[3.294855,50.359549],[3.295028,50.35863],[3.294824,50.357416],[3.296411,50.357322],[3.296282,50.356649],[3.295986,50.356665],[3.295736,50.355445],[3.295636,50.355462],[3.295466,50.354615],[3.294354,50.3521],[3.296259,50.351483],[3.296272,50.351071],[3.296349,50.350613],[3.296151,50.348423],[3.296158,50.348037],[3.296195,50.347747],[3.296021,50.347266],[3.295877,50.346794],[3.295612,50.345998],[3.295526,50.344968],[3.295454,50.344006],[3.295441,50.343961],[3.294571,50.343894],[3.29434,50.343891],[3.293304,50.343916],[3.292997,50.343865],[3.293171,50.34252],[3.293537,50.342589],[3.293576,50.342373],[3.293783,50.342294],[3.293887,50.341747],[3.294418,50.341733],[3.294403,50.341807],[3.295239,50.341771],[3.295151,50.340874]]]}"
66,59589,Thiant,"50.296,3.439","{""type"":""Polygon"",""coordinates"":[[[3.417883,50.288614],[3.417693,50.288818],[3.417455,50.289147],[3.417101,50.289746],[3.416538,50.290503],[3.416458,50.290933],[3.414634,50.291411],[3.41501,50.291942],[3.414557,50.292249],[3.414285,50.294363],[3.413795,50.294428],[3.413093,50.295086],[3.412661,50.295365],[3.412663,50.295707],[3.412739,50.296165],[3.412811,50.296782],[3.4128,50.297006],[3.416419,50.296936],[3.416287,50.297262],[3.416263,50.297437],[3.416275,50.297847],[3.41638,50.298943],[3.416578,50.300107],[3.41657,50.300385],[3.417017,50.300301],[3.419661,50.303433],[3.421093,50.303081],[3.422225,50.303865],[3.422126,50.30416],[3.422973,50.304861],[3.4238,50.304533],[3.429763,50.30922],[3.429967,50.309322],[3.431261,50.310263],[3.432348,50.311092],[3.432695,50.311416],[3.433819,50.310923],[3.435319,50.310177],[3.435787,50.309914],[3.436588,50.309393],[3.436997,50.309098],[3.437417,50.309241],[3.438359,50.308756],[3.438654,50.308968],[3.439921,50.308789],[3.440754,50.309917],[3.440849,50.310032],[3.442762,50.310214],[3.442194,50.311366],[3.445099,50.31313],[3.446289,50.312684],[3.44756,50.313777],[3.447856,50.314041],[3.448116,50.314181],[3.448869,50.313653],[3.449396,50.313532],[3.450268,50.313376],[3.450806,50.313225],[3.451276,50.313173],[3.451558,50.313183],[3.452143,50.31324],[3.452402,50.313283],[3.453899,50.313281],[3.454653,50.313351],[3.4552,50.313374],[3.455733,50.313372],[3.455901,50.313352],[3.456428,50.313213],[3.456769,50.313073],[3.457038,50.312868],[3.457759,50.312017],[3.457974,50.311793],[3.458268,50.311604],[3.458657,50.311457],[3.458911,50.31146],[3.459184,50.311407],[3.459707,50.311247],[3.459867,50.311137],[3.460018,50.310937],[3.460008,50.310686],[3.460091,50.309735],[3.460164,50.309443],[3.460098,50.30931],[3.460995,50.308787],[3.461656,50.308858],[3.463532,50.309593],[3.463532,50.30945],[3.463743,50.309299],[3.464212,50.309161],[3.464405,50.308953],[3.46489,50.308339],[3.464773,50.307801],[3.465236,50.307812],[3.466314,50.30788],[3.465638,50.304291],[3.463994,50.304083],[3.463683,50.304052],[3.463048,50.30128],[3.462692,50.301234],[3.461341,50.29522],[3.459638,50.295361],[3.45923,50.294095],[3.458007,50.294191],[3.457953,50.294118],[3.457696,50.294079],[3.45735,50.294119],[3.457109,50.294101],[3.456637,50.29401],[3.456472,50.294002],[3.456069,50.294041],[3.455495,50.294052],[3.454888,50.293977],[3.454683,50.293921],[3.454318,50.294698],[3.452502,50.294432],[3.452526,50.294275],[3.449868,50.294405],[3.449442,50.29423],[3.449354,50.294055],[3.449439,50.293885],[3.449782,50.29351],[3.449975,50.293358],[3.450014,50.293263],[3.449839,50.293035],[3.449865,50.292897],[3.44998,50.292729],[3.450309,50.292429],[3.450657,50.292268],[3.450784,50.292121],[3.450824,50.291225],[3.450381,50.290963],[3.450327,50.290713],[3.448361,50.290589],[3.448005,50.289264],[3.447957,50.288911],[3.447996,50.288717],[3.448132,50.288452],[3.446484,50.28815],[3.446294,50.28833],[3.445435,50.288194],[3.444292,50.28764],[3.443616,50.287546],[3.444147,50.286456],[3.442272,50.286098],[3.44219,50.285873],[3.440446,50.285848],[3.439247,50.285747],[3.438788,50.282881],[3.437049,50.282718],[3.437113,50.282139],[3.437168,50.281857],[3.437369,50.280631],[3.437501,50.279907],[3.437532,50.279461],[3.437509,50.279373],[3.437322,50.279159],[3.436557,50.278818],[3.436326,50.278669],[3.43532,50.278205],[3.435173,50.278305],[3.43052,50.279566],[3.430331,50.280102],[3.43039,50.280357],[3.430392,50.280584],[3.43022,50.280818],[3.429876,50.280955],[3.429242,50.281055],[3.428491,50.280697],[3.427419,50.281286],[3.4268,50.280913],[3.426581,50.281173],[3.426341,50.281796],[3.426424,50.282012],[3.426531,50.282164],[3.426655,50.282431],[3.426663,50.282537],[3.426797,50.282629],[3.427213,50.283211],[3.427204,50.283251],[3.428229,50.283956],[3.427939,50.28483],[3.427718,50.28467],[3.426244,50.283697],[3.42599,50.283551],[3.425941,50.283762],[3.425905,50.284404],[3.425759,50.284594],[3.425542,50.284778],[3.425043,50.285103],[3.422716,50.285445],[3.423193,50.286037],[3.422892,50.286078],[3.422608,50.285826],[3.419653,50.28621],[3.419468,50.286555],[3.419197,50.286961],[3.418784,50.287504],[3.418564,50.287733],[3.417883,50.288614]]]}"
67,59591,Thivencelle,"50.446,3.626","{""type"":""Polygon"",""coordinates"":[[[3.630887,50.437173],[3.629602,50.437876],[3.629229,50.437887],[3.628816,50.437803],[3.628407,50.437683],[3.627845,50.437456],[3.627309,50.437334],[3.627141,50.437326],[3.625523,50.437384],[3.62547,50.437391],[3.624589,50.437082],[3.621516,50.43605],[3.620614,50.435776],[3.620278,50.435707],[3.619686,50.436508],[3.61548,50.435245],[3.61462,50.436428],[3.61868,50.437686],[3.618439,50.437972],[3.61951,50.438373],[3.62162,50.438988],[3.620128,50.439611],[3.620021,50.439671],[3.61942,50.4402],[3.618962,50.440571],[3.618972,50.44128],[3.618756,50.441418],[3.618325,50.441524],[3.618006,50.441684],[3.617752,50.441754],[3.617222,50.441836],[3.616714,50.442046],[3.615347,50.442503],[3.614958,50.442742],[3.614469,50.44287],[3.614556,50.443083],[3.614717,50.443354],[3.614317,50.443669],[3.613598,50.444079],[3.613287,50.444239],[3.613538,50.444451],[3.612457,50.445135],[3.612038,50.445362],[3.611649,50.445406],[3.611277,50.445419],[3.61069,50.445413],[3.610132,50.445381],[3.609345,50.446035],[3.609179,50.445952],[3.608323,50.445634],[3.607799,50.445467],[3.607529,50.445444],[3.607159,50.445548],[3.60703,50.445685],[3.605866,50.446188],[3.605835,50.446598],[3.605753,50.446661],[3.605708,50.447069],[3.605048,50.446966],[3.604102,50.446899],[3.603602,50.44682],[3.603395,50.44785],[3.605033,50.447997],[3.610049,50.450813],[3.610209,50.450823],[3.610391,50.450772],[3.611342,50.45044],[3.611506,50.45042],[3.611565,50.450524],[3.611638,50.45102],[3.611682,50.451115],[3.611971,50.451225],[3.612673,50.451195],[3.613992,50.451214],[3.61439,50.451256],[3.615175,50.451401],[3.615888,50.451344],[3.6163,50.451295],[3.616553,50.451315],[3.617112,50.451612],[3.617763,50.451931],[3.618847,50.452385],[3.620434,50.453084],[3.621079,50.453249],[3.621731,50.453342],[3.62217,50.453333],[3.622679,50.453241],[3.622911,50.453355],[3.623235,50.454333],[3.623859,50.454614],[3.624784,50.45443],[3.625502,50.454353],[3.62573,50.454354],[3.626022,50.454423],[3.626031,50.454593],[3.625976,50.454715],[3.625717,50.454982],[3.62559,50.455188],[3.625586,50.455442],[3.625828,50.455582],[3.626328,50.455641],[3.626919,50.455601],[3.627371,50.455646],[3.627924,50.455742],[3.62795,50.45591],[3.627851,50.456244],[3.628156,50.456227],[3.628616,50.4561],[3.629359,50.45586],[3.63107,50.455231],[3.633174,50.454467],[3.634632,50.453896],[3.635925,50.453524],[3.637998,50.452948],[3.638457,50.452776],[3.638632,50.452829],[3.639982,50.452127],[3.641561,50.451354],[3.642805,50.450773],[3.645006,50.449612],[3.646266,50.448592],[3.646291,50.448534],[3.646563,50.448356],[3.647605,50.447535],[3.648176,50.447115],[3.648347,50.447135],[3.648347,50.446977],[3.648455,50.446935],[3.648492,50.445942],[3.648684,50.445813],[3.648725,50.445627],[3.648563,50.444596],[3.64837,50.444594],[3.647888,50.444467],[3.64777,50.44441],[3.647579,50.444076],[3.647281,50.443937],[3.646931,50.443735],[3.646664,50.443671],[3.646283,50.443518],[3.645902,50.443436],[3.645533,50.443249],[3.645445,50.443055],[3.644868,50.442563],[3.644572,50.442399],[3.643974,50.442176],[3.643623,50.44208],[3.643576,50.441948],[3.643214,50.441784],[3.643134,50.441653],[3.643118,50.441361],[3.642826,50.441226],[3.642486,50.44099],[3.642079,50.440851],[3.641697,50.440623],[3.641634,50.440402],[3.641517,50.44026],[3.64126,50.440098],[3.641056,50.440052],[3.640933,50.439942],[3.640852,50.43975],[3.640743,50.439689],[3.640397,50.43966],[3.639864,50.439509],[3.63953,50.439321],[3.639083,50.439319],[3.638812,50.439128],[3.638406,50.43872],[3.63797,50.438492],[3.637831,50.438464],[3.637694,50.438367],[3.637573,50.4382],[3.63713,50.438285],[3.636246,50.438538],[3.63551,50.438556],[3.635332,50.43859],[3.635017,50.438731],[3.634644,50.439036],[3.634292,50.438773],[3.633875,50.438316],[3.63332,50.437816],[3.632939,50.437551],[3.632408,50.437301],[3.632176,50.437229],[3.631945,50.437199],[3.631238,50.437209],[3.630992,50.437239],[3.630887,50.437173]]]}"
68,59594,Thun-Saint-Amand,"50.486,3.448","{""type"":""Polygon"",""coordinates"":[[[3.443181,50.495928],[3.44456,50.495427],[3.445775,50.494751],[3.446479,50.494289],[3.447383,50.493724],[3.448045,50.493281],[3.449588,50.492287],[3.450324,50.493049],[3.452301,50.490778],[3.452466,50.490889],[3.452463,50.491035],[3.452603,50.49093],[3.452776,50.490867],[3.453356,50.490841],[3.455104,50.490893],[3.455429,50.490917],[3.455785,50.491034],[3.455952,50.491145],[3.456286,50.491529],[3.4586,50.491259],[3.459439,50.491185],[3.459656,50.491086],[3.459786,50.490958],[3.459879,50.490797],[3.460206,50.490017],[3.460286,50.489794],[3.460552,50.48948],[3.460967,50.489199],[3.462,50.488692],[3.462853,50.488144],[3.463492,50.487761],[3.463751,50.48756],[3.46407,50.487443],[3.464734,50.487376],[3.465325,50.487355],[3.465615,50.487248],[3.465961,50.486892],[3.4661,50.486786],[3.466621,50.486517],[3.467287,50.486252],[3.467578,50.486079],[3.4678,50.485873],[3.467912,50.485419],[3.466389,50.483573],[3.46599,50.483391],[3.465941,50.483395],[3.464975,50.482713],[3.464535,50.482305],[3.464153,50.481736],[3.463979,50.481604],[3.463778,50.481401],[3.463582,50.481046],[3.463011,50.480206],[3.462894,50.479927],[3.462875,50.479645],[3.462966,50.479433],[3.464382,50.477751],[3.464394,50.47772],[3.463499,50.477587],[3.46339,50.47756],[3.462692,50.477483],[3.461428,50.477307],[3.460116,50.477184],[3.459978,50.47686],[3.459929,50.476289],[3.459835,50.475822],[3.459857,50.475474],[3.459911,50.475258],[3.457609,50.476112],[3.457262,50.475803],[3.454748,50.476865],[3.454361,50.476989],[3.454092,50.476958],[3.454028,50.476909],[3.453014,50.475828],[3.452826,50.475897],[3.451801,50.476347],[3.450777,50.476862],[3.451114,50.476944],[3.45036,50.47763],[3.449737,50.477979],[3.449439,50.47816],[3.448223,50.478394],[3.447304,50.478665],[3.446669,50.478894],[3.445875,50.478767],[3.445497,50.478681],[3.445276,50.478582],[3.444763,50.478286],[3.444333,50.478488],[3.443686,50.478834],[3.442768,50.478109],[3.442678,50.477897],[3.442036,50.478051],[3.441866,50.478246],[3.441334,50.478481],[3.440802,50.478334],[3.4408,50.478252],[3.440976,50.478079],[3.440721,50.477609],[3.440442,50.47751],[3.439611,50.477518],[3.439024,50.477561],[3.4388,50.477634],[3.438853,50.477887],[3.438805,50.478024],[3.438661,50.478135],[3.43848,50.478162],[3.43825,50.47809],[3.438111,50.478134],[3.4378,50.478409],[3.437075,50.478203],[3.436554,50.478011],[3.43599,50.477857],[3.435289,50.478293],[3.435318,50.478546],[3.434379,50.47886],[3.433855,50.479092],[3.433116,50.479147],[3.432117,50.479271],[3.432017,50.479326],[3.431424,50.4795],[3.431038,50.479596],[3.430797,50.479552],[3.430608,50.479681],[3.430059,50.479816],[3.429838,50.479821],[3.429679,50.479765],[3.429374,50.479517],[3.429042,50.479216],[3.428828,50.479287],[3.428629,50.479398],[3.428305,50.479726],[3.428173,50.479921],[3.428108,50.480109],[3.428076,50.480386],[3.428078,50.48065],[3.428222,50.481034],[3.428539,50.481554],[3.428848,50.482281],[3.430464,50.481935],[3.430798,50.481835],[3.431324,50.481649],[3.431979,50.482087],[3.432574,50.482414],[3.433496,50.482889],[3.433695,50.483028],[3.433368,50.483293],[3.433087,50.483613],[3.433144,50.48374],[3.433089,50.48407],[3.433011,50.484277],[3.432821,50.484464],[3.43255,50.484858],[3.432111,50.485188],[3.432547,50.4855],[3.432726,50.485667],[3.432931,50.485968],[3.433283,50.486595],[3.433566,50.487209],[3.433904,50.488467],[3.434075,50.488866],[3.434237,50.489127],[3.43463,50.489694],[3.434836,50.490085],[3.435423,50.491359],[3.435497,50.491615],[3.435503,50.491832],[3.435389,50.492665],[3.436091,50.492594],[3.437127,50.492346],[3.43792,50.492075],[3.438792,50.492417],[3.440885,50.493601],[3.442245,50.494918],[3.442635,50.49528],[3.443115,50.495829],[3.443181,50.495928]]]}"
69,59603,Trith-Saint-Léger,"50.330,3.488","{""type"":""Polygon"",""coordinates"":[[[3.514994,50.326697],[3.513463,50.325554],[3.513738,50.325123],[3.512068,50.324003],[3.512488,50.323717],[3.512645,50.323558],[3.51312,50.323194],[3.511744,50.322664],[3.511601,50.32267],[3.512004,50.322335],[3.509955,50.321265],[3.507948,50.322571],[3.508326,50.322901],[3.508978,50.323539],[3.509001,50.323666],[3.508008,50.323746],[3.507152,50.323913],[3.506755,50.324007],[3.506453,50.324116],[3.505868,50.324253],[3.505361,50.324406],[3.504659,50.32457],[3.504246,50.324279],[3.504267,50.324984],[3.50188,50.325697],[3.5014,50.325079],[3.500713,50.325222],[3.500523,50.325025],[3.500511,50.324715],[3.500232,50.323498],[3.500065,50.323508],[3.499455,50.323642],[3.498805,50.323769],[3.49843,50.323858],[3.497807,50.323981],[3.497703,50.323924],[3.496946,50.324255],[3.496879,50.324175],[3.49695,50.323937],[3.497349,50.323744],[3.497363,50.323345],[3.497615,50.323278],[3.497434,50.322763],[3.495837,50.323157],[3.495689,50.323316],[3.495357,50.323568],[3.495053,50.323747],[3.49441,50.324067],[3.492866,50.324818],[3.487697,50.321465],[3.479193,50.317377],[3.472905,50.314437],[3.472559,50.315444],[3.472519,50.315596],[3.472257,50.316143],[3.472203,50.316334],[3.472243,50.316563],[3.472458,50.317167],[3.47256,50.317599],[3.472516,50.317803],[3.472438,50.317892],[3.47241,50.318099],[3.47249,50.318719],[3.471968,50.318683],[3.471792,50.319924],[3.471942,50.319915],[3.472146,50.321233],[3.472141,50.322865],[3.46958,50.322982],[3.469517,50.322158],[3.468329,50.32211],[3.468026,50.323131],[3.465557,50.323081],[3.465051,50.322989],[3.463696,50.323801],[3.464636,50.324301],[3.466755,50.324066],[3.46665,50.325435],[3.466685,50.326795],[3.465302,50.326923],[3.463287,50.327532],[3.462855,50.32709],[3.46079,50.327948],[3.461494,50.32887],[3.462863,50.328394],[3.463765,50.329578],[3.462356,50.330093],[3.462573,50.330333],[3.462778,50.331233],[3.463979,50.331118],[3.463896,50.330247],[3.46479,50.330238],[3.464913,50.330955],[3.463838,50.333633],[3.463394,50.334623],[3.463056,50.33541],[3.462756,50.336201],[3.462347,50.336243],[3.463057,50.337237],[3.46309,50.337336],[3.463764,50.337662],[3.464412,50.337935],[3.466886,50.339115],[3.467279,50.339315],[3.470625,50.340922],[3.47196,50.341555],[3.472683,50.341888],[3.47282,50.341926],[3.474754,50.342835],[3.476257,50.34355],[3.476343,50.34358],[3.47831,50.344542],[3.47912,50.344081],[3.479204,50.34399],[3.479536,50.343492],[3.479833,50.342999],[3.479942,50.342779],[3.48067,50.342057],[3.481036,50.341415],[3.481346,50.340956],[3.481462,50.340818],[3.481657,50.340443],[3.482077,50.339842],[3.482462,50.339136],[3.482885,50.338755],[3.483373,50.338474],[3.484228,50.338115],[3.484436,50.338011],[3.484775,50.337788],[3.485025,50.337572],[3.485245,50.337319],[3.48542,50.337039],[3.485697,50.33714],[3.485984,50.337323],[3.486086,50.337444],[3.486095,50.33767],[3.485899,50.338128],[3.485875,50.338401],[3.485903,50.338857],[3.486043,50.339275],[3.486574,50.340317],[3.487005,50.340764],[3.487323,50.341017],[3.488438,50.342017],[3.489074,50.341746],[3.488649,50.341062],[3.489429,50.340741],[3.490439,50.340348],[3.501771,50.336561],[3.503203,50.340335],[3.503947,50.340597],[3.505564,50.34111],[3.505827,50.340894],[3.506097,50.340735],[3.506261,50.340732],[3.5065,50.340668],[3.50664,50.340538],[3.506985,50.340509],[3.507097,50.340566],[3.509324,50.340112],[3.512377,50.339446],[3.512629,50.339417],[3.512956,50.339275],[3.512209,50.337915],[3.510666,50.335907],[3.509917,50.33478],[3.509387,50.333817],[3.508942,50.333086],[3.50835,50.332155],[3.50815,50.332013],[3.508024,50.331836],[3.507353,50.331148],[3.507052,50.330813],[3.506639,50.330214],[3.506458,50.329856],[3.508915,50.328941],[3.510679,50.328278],[3.510809,50.328219],[3.514994,50.326697]]]}"
70,59606,Valenciennes,"50.362,3.514","{""type"":""Polygon"",""coordinates"":[[[3.477075,50.362265],[3.477322,50.362212],[3.477469,50.362241],[3.47751,50.362331],[3.478384,50.363155],[3.478925,50.363687],[3.479506,50.364282],[3.480067,50.36402],[3.480338,50.364205],[3.480422,50.364302],[3.4809,50.364161],[3.481804,50.363874],[3.482627,50.364219],[3.483544,50.364646],[3.483973,50.364374],[3.484574,50.364035],[3.4848,50.364231],[3.48482,50.364295],[3.485185,50.364754],[3.48555,50.365183],[3.485201,50.365311],[3.485291,50.365379],[3.485852,50.365667],[3.486273,50.365902],[3.486458,50.366198],[3.486598,50.366601],[3.486913,50.367194],[3.487116,50.367308],[3.487681,50.367547],[3.487861,50.36765],[3.488152,50.367881],[3.488325,50.368064],[3.488463,50.368283],[3.488714,50.368573],[3.489608,50.368957],[3.489917,50.369069],[3.490854,50.368139],[3.490307,50.36789],[3.490692,50.367294],[3.491876,50.366758],[3.491951,50.36676],[3.492478,50.366571],[3.492671,50.366646],[3.492551,50.366897],[3.492605,50.366968],[3.493163,50.367183],[3.493233,50.367424],[3.493365,50.367447],[3.494025,50.366929],[3.494439,50.367131],[3.497027,50.365103],[3.499826,50.363369],[3.500284,50.3634],[3.501851,50.36387],[3.502405,50.364066],[3.504254,50.364543],[3.505392,50.36494],[3.505696,50.365055],[3.507816,50.364096],[3.508544,50.363776],[3.508729,50.363676],[3.509274,50.364539],[3.510737,50.366901],[3.511129,50.367428],[3.511674,50.368121],[3.512623,50.369381],[3.514255,50.371525],[3.515187,50.372769],[3.517731,50.372148],[3.5205,50.371487],[3.520746,50.371408],[3.521243,50.371714],[3.522088,50.372376],[3.522822,50.37249],[3.522937,50.372466],[3.52398,50.37411],[3.527195,50.377731],[3.531297,50.382344],[3.532445,50.383627],[3.532796,50.384019],[3.53322,50.38432],[3.537389,50.385684],[3.541383,50.387531],[3.540871,50.380122],[3.542038,50.379856],[3.542608,50.379716],[3.542809,50.379644],[3.543456,50.380252],[3.543361,50.380847],[3.544962,50.380486],[3.544841,50.380345],[3.544674,50.380066],[3.544627,50.379855],[3.544849,50.379648],[3.545087,50.379611],[3.545376,50.37965],[3.546871,50.380156],[3.54718,50.380144],[3.547773,50.38001],[3.54789,50.379911],[3.548077,50.379401],[3.548275,50.379259],[3.548824,50.379285],[3.550722,50.379413],[3.550875,50.379265],[3.551149,50.37911],[3.551308,50.378956],[3.551399,50.378927],[3.551866,50.378675],[3.552009,50.378558],[3.552103,50.378397],[3.552173,50.378143],[3.552243,50.377635],[3.552201,50.377351],[3.55211,50.377],[3.552022,50.376811],[3.551814,50.376563],[3.551031,50.375956],[3.5504,50.375433],[3.550215,50.375382],[3.550476,50.374493],[3.549202,50.373775],[3.54888,50.373734],[3.546846,50.37384],[3.54652,50.37372],[3.546224,50.373567],[3.545855,50.373201],[3.545388,50.372832],[3.545256,50.372632],[3.545295,50.372469],[3.545589,50.372237],[3.545588,50.372142],[3.545435,50.371996],[3.545013,50.371663],[3.544141,50.371163],[3.543662,50.370982],[3.543089,50.371048],[3.542706,50.371062],[3.542362,50.371049],[3.542014,50.370971],[3.541881,50.370884],[3.541572,50.370615],[3.541492,50.370469],[3.541383,50.370087],[3.541266,50.369812],[3.541101,50.369508],[3.542399,50.368474],[3.542716,50.368412],[3.543072,50.368216],[3.5435,50.368051],[3.544191,50.367815],[3.544476,50.367663],[3.544509,50.367533],[3.544294,50.367491],[3.543784,50.367174],[3.543665,50.366703],[3.543832,50.366503],[3.543796,50.366238],[3.543168,50.364866],[3.543003,50.364607],[3.542354,50.363796],[3.542014,50.363278],[3.541659,50.362582],[3.54142,50.36214],[3.541247,50.361783],[3.541089,50.361276],[3.54104,50.361041],[3.540991,50.360517],[3.541002,50.360111],[3.541057,50.359632],[3.541051,50.359341],[3.540964,50.358618],[3.540857,50.358327],[3.540514,50.357603],[3.540336,50.357381],[3.539869,50.356914],[3.53953,50.35661],[3.539189,50.356356],[3.538784,50.356101],[3.537786,50.355542],[3.537523,50.355336],[3.537397,50.355151],[3.537212,50.354711],[3.537008,50.354154],[3.536898,50.353422],[3.536792,50.353133],[3.536493,50.352501],[3.536372,50.352343],[3.536283,50.352084],[3.536271,50.351861],[3.536352,50.351595],[3.536474,50.351466],[3.535844,50.350948],[3.535673,50.350718],[3.535331,50.349892],[3.534881,50.348736],[3.534675,50.348278],[3.534268,50.347637],[3.534093,50.347329],[3.533792,50.346888],[3.533564,50.346602],[3.53308,50.34608],[3.532655,50.345669],[3.532335,50.34539],[3.531729,50.344818],[3.531521,50.344565],[3.53111,50.343773],[3.530873,50.343359],[3.530517,50.342875],[3.530192,50.342483],[3.529846,50.341938],[3.529744,50.341661],[3.529525,50.341169],[3.525988,50.342039],[3.525015,50.342206],[3.522379,50.342769],[3.521796,50.342828],[3.519794,50.343152],[3.519695,50.343185],[3.519258,50.343166],[3.518744,50.34242],[3.5185,50.342088],[3.5182,50.341635],[3.518104,50.341658],[3.516624,50.339595],[3.516315,50.339044],[3.517413,50.338731],[3.51641,50.336932],[3.512209,50.337915],[3.512956,50.339275],[3.512629,50.339417],[3.512377,50.339446],[3.509324,50.340112],[3.507097,50.340566],[3.506985,50.340509],[3.50664,50.340538],[3.5065,50.340668],[3.506261,50.340732],[3.506097,50.340735],[3.505827,50.340894],[3.505564,50.34111],[3.503947,50.340597],[3.503203,50.340335],[3.501771,50.336561],[3.490439,50.340348],[3.489429,50.340741],[3.488649,50.341062],[3.489074,50.341746],[3.489877,50.342121],[3.493442,50.343045],[3.495652,50.345305],[3.496363,50.345152],[3.496605,50.345513],[3.4955,50.346097],[3.495044,50.346395],[3.494247,50.346981],[3.493455,50.347605],[3.492988,50.347922],[3.491953,50.348661],[3.49041,50.350252],[3.489217,50.35103],[3.489857,50.351368],[3.488461,50.352114],[3.486836,50.351689],[3.486473,50.351997],[3.48623,50.352248],[3.485121,50.35306],[3.484886,50.352999],[3.482893,50.354444],[3.482642,50.354318],[3.482241,50.354373],[3.481331,50.354575],[3.479882,50.354972],[3.479997,50.355549],[3.480142,50.356173],[3.480111,50.356185],[3.47761,50.356561],[3.477905,50.35773],[3.478374,50.35882],[3.478113,50.360145],[3.477642,50.360203],[3.476809,50.360334],[3.476194,50.360392],[3.476339,50.360658],[3.477075,50.362265]]]}"
71,59610,Verchain-Maugré,"50.265,3.460","{""type"":""Polygon"",""coordinates"":[[[3.479055,50.246858],[3.47757,50.246452],[3.475788,50.24595],[3.475095,50.24701],[3.472487,50.250709],[3.471577,50.250297],[3.470562,50.249818],[3.464065,50.253468],[3.46461,50.254249],[3.464832,50.254485],[3.465575,50.255179],[3.458462,50.257792],[3.457801,50.257334],[3.457247,50.256904],[3.456671,50.256407],[3.456083,50.255876],[3.455774,50.255565],[3.455473,50.25518],[3.447099,50.257664],[3.446853,50.257396],[3.44669,50.257311],[3.445447,50.256797],[3.445306,50.256703],[3.44507,50.256469],[3.442175,50.258319],[3.440743,50.258003],[3.440584,50.257924],[3.439557,50.257342],[3.437693,50.259159],[3.436119,50.258754],[3.433339,50.262115],[3.433315,50.262156],[3.433885,50.262245],[3.432658,50.263721],[3.432234,50.263697],[3.428519,50.263458],[3.428338,50.264887],[3.430551,50.265041],[3.432128,50.266693],[3.428367,50.269213],[3.429007,50.269692],[3.429203,50.269853],[3.429569,50.270217],[3.430246,50.271004],[3.430411,50.271148],[3.431292,50.271798],[3.431455,50.27198],[3.431855,50.272489],[3.431539,50.27266],[3.432214,50.273643],[3.433348,50.274834],[3.43385,50.275396],[3.434593,50.275913],[3.436128,50.276637],[3.436878,50.276647],[3.437105,50.276867],[3.438264,50.277883],[3.444501,50.274261],[3.445057,50.274688],[3.445815,50.275218],[3.446269,50.275371],[3.446907,50.275543],[3.447428,50.2757],[3.448695,50.276054],[3.449668,50.276339],[3.450056,50.276474],[3.452528,50.277389],[3.453385,50.277677],[3.453584,50.277692],[3.453486,50.277337],[3.453493,50.277102],[3.453773,50.276092],[3.457649,50.278057],[3.457952,50.277959],[3.45809,50.277701],[3.458222,50.27771],[3.458426,50.277834],[3.458724,50.277851],[3.458829,50.277776],[3.458714,50.27759],[3.45882,50.277479],[3.45906,50.277571],[3.459281,50.277521],[3.459567,50.277245],[3.459724,50.277129],[3.459673,50.276861],[3.459774,50.276762],[3.460432,50.276866],[3.460852,50.276902],[3.461328,50.276849],[3.461495,50.276721],[3.4615,50.276426],[3.461577,50.276354],[3.461766,50.276343],[3.462201,50.276163],[3.462496,50.275972],[3.462824,50.275811],[3.462931,50.275719],[3.463212,50.275612],[3.463692,50.275526],[3.463859,50.275467],[3.463938,50.275377],[3.463945,50.275224],[3.464254,50.275081],[3.464405,50.274959],[3.464569,50.274759],[3.464676,50.274572],[3.464825,50.274459],[3.465072,50.27437],[3.465264,50.274156],[3.465422,50.274129],[3.465623,50.274194],[3.469087,50.277118],[3.46975,50.27704],[3.470384,50.276947],[3.4711,50.276749],[3.47162,50.276531],[3.472468,50.276089],[3.473442,50.275554],[3.473788,50.275395],[3.47417,50.275774],[3.474876,50.276516],[3.475034,50.276716],[3.475533,50.27721],[3.476029,50.277638],[3.476515,50.277988],[3.477086,50.278315],[3.477711,50.278752],[3.477824,50.278898],[3.477925,50.279184],[3.478017,50.279594],[3.478109,50.279869],[3.478172,50.280282],[3.47811,50.280821],[3.478121,50.28107],[3.478179,50.28143],[3.478248,50.281644],[3.478442,50.282007],[3.478983,50.282646],[3.479149,50.282859],[3.47938,50.28308],[3.479756,50.283396],[3.479921,50.283587],[3.480765,50.284065],[3.485239,50.279567],[3.486628,50.278188],[3.487529,50.277345],[3.488178,50.277686],[3.48985,50.276963],[3.489466,50.276702],[3.488446,50.276203],[3.487615,50.275669],[3.4874,50.27556],[3.486141,50.275055],[3.484881,50.274506],[3.485444,50.274281],[3.487317,50.273591],[3.486064,50.272526],[3.48711,50.27194],[3.487979,50.272008],[3.488167,50.272124],[3.489613,50.271275],[3.490121,50.271067],[3.4905,50.27103],[3.490509,50.270937],[3.490352,50.270736],[3.49007,50.270606],[3.489623,50.270549],[3.489327,50.27027],[3.490448,50.26999],[3.490855,50.269915],[3.491094,50.269908],[3.491284,50.269786],[3.491132,50.26925],[3.489723,50.26962],[3.489012,50.269843],[3.488258,50.26808],[3.488151,50.266506],[3.487727,50.266448],[3.487281,50.266553],[3.487131,50.266067],[3.487061,50.265565],[3.487153,50.264739],[3.487267,50.263368],[3.487288,50.263251],[3.486716,50.263316],[3.484911,50.263553],[3.48425,50.263705],[3.483966,50.263225],[3.483914,50.262998],[3.483943,50.262782],[3.484051,50.262533],[3.484198,50.262003],[3.484396,50.261531],[3.484444,50.261355],[3.484437,50.261109],[3.484396,50.261044],[3.484093,50.260899],[3.484005,50.260799],[3.483355,50.259262],[3.482915,50.258187],[3.482651,50.257519],[3.481929,50.256134],[3.481536,50.255333],[3.480037,50.252346],[3.48007,50.250853],[3.476783,50.250818],[3.477316,50.24994],[3.47778,50.249117],[3.478222,50.248362],[3.479055,50.246858]]]}"
72,59613,Vicq,"50.415,3.606","{""type"":""Polygon"",""coordinates"":[[[3.603675,50.425451],[3.604362,50.426085],[3.605051,50.426735],[3.606259,50.427993],[3.606759,50.428537],[3.606878,50.428579],[3.607194,50.428597],[3.608176,50.428565],[3.60847,50.428442],[3.609039,50.428342],[3.609401,50.428319],[3.610124,50.428235],[3.610525,50.428126],[3.611226,50.427807],[3.611586,50.427581],[3.612065,50.427339],[3.612378,50.427148],[3.612642,50.426929],[3.612756,50.426791],[3.612979,50.426297],[3.613037,50.425986],[3.612866,50.425728],[3.612612,50.42553],[3.612624,50.425468],[3.613055,50.425326],[3.613376,50.425374],[3.613695,50.425375],[3.614132,50.425337],[3.614559,50.425199],[3.614815,50.424993],[3.614966,50.42491],[3.61547,50.424768],[3.615726,50.424656],[3.615886,50.424664],[3.616049,50.424786],[3.616384,50.424866],[3.616591,50.424845],[3.617248,50.424708],[3.617753,50.424708],[3.617897,50.42465],[3.618167,50.424225],[3.618135,50.424063],[3.618013,50.423833],[3.618012,50.42366],[3.617912,50.423408],[3.617814,50.423287],[3.617528,50.423085],[3.617008,50.422891],[3.616861,50.422793],[3.61682,50.422582],[3.616454,50.421944],[3.616821,50.42186],[3.617502,50.421878],[3.619471,50.42175],[3.61943,50.421577],[3.619587,50.421236],[3.619653,50.420989],[3.61956,50.420858],[3.619256,50.420599],[3.619038,50.420357],[3.61901,50.420076],[3.619036,50.419913],[3.619103,50.419863],[3.619021,50.419741],[3.618424,50.41932],[3.618221,50.419224],[3.61802,50.419215],[3.616753,50.419244],[3.616685,50.418987],[3.616714,50.418862],[3.617019,50.418504],[3.617289,50.418506],[3.617575,50.417885],[3.618366,50.4162],[3.618426,50.416129],[3.618676,50.415555],[3.619371,50.413684],[3.619478,50.413438],[3.619839,50.412361],[3.619981,50.41201],[3.62047,50.410626],[3.620877,50.409345],[3.621246,50.408396],[3.621306,50.40836],[3.621709,50.407312],[3.621913,50.406867],[3.622024,50.406465],[3.622195,50.406038],[3.62265,50.405355],[3.622783,50.405118],[3.623201,50.404566],[3.617558,50.402628],[3.615942,50.402106],[3.614569,50.40161],[3.614326,50.401498],[3.613298,50.401219],[3.612661,50.401973],[3.612484,50.402146],[3.611894,50.402355],[3.61154,50.402723],[3.611122,50.403068],[3.610669,50.403386],[3.610307,50.40362],[3.610016,50.403834],[3.609468,50.404207],[3.608649,50.404647],[3.607673,50.405166],[3.607378,50.405292],[3.606332,50.405667],[3.604863,50.406152],[3.604493,50.40631],[3.604012,50.406544],[3.603405,50.406985],[3.603308,50.40642],[3.603033,50.405434],[3.602902,50.405064],[3.602587,50.405036],[3.602254,50.404792],[3.601657,50.404316],[3.601472,50.404235],[3.601175,50.404315],[3.600728,50.404558],[3.600594,50.404589],[3.599878,50.405099],[3.59967,50.405183],[3.59933,50.405424],[3.598766,50.405729],[3.598542,50.405798],[3.598352,50.405801],[3.598016,50.405744],[3.597682,50.405869],[3.597198,50.405946],[3.596917,50.405916],[3.596296,50.405732],[3.595977,50.405901],[3.595772,50.406101],[3.595518,50.406242],[3.594846,50.406528],[3.593947,50.407023],[3.593685,50.407182],[3.593447,50.407104],[3.593139,50.407115],[3.591555,50.406508],[3.590416,50.407921],[3.589241,50.409237],[3.588933,50.409565],[3.588853,50.409692],[3.590735,50.409551],[3.594715,50.413013],[3.597073,50.413872],[3.596249,50.415021],[3.595407,50.41521],[3.597034,50.416567],[3.596748,50.416963],[3.597145,50.417176],[3.597547,50.41742],[3.597742,50.417511],[3.597941,50.417546],[3.598378,50.417557],[3.598526,50.417687],[3.598999,50.418172],[3.599218,50.418526],[3.599425,50.418733],[3.60024,50.419624],[3.599691,50.419888],[3.59973,50.420048],[3.600115,50.420526],[3.600396,50.421053],[3.600579,50.421322],[3.601101,50.421969],[3.601714,50.422552],[3.602444,50.423168],[3.602192,50.423319],[3.602084,50.423317],[3.601649,50.423445],[3.601553,50.423553],[3.601649,50.423659],[3.602239,50.424055],[3.603383,50.42487],[3.603867,50.425266],[3.603802,50.42546],[3.603675,50.425451]]]}"
73,59616,Vieux-Condé,"50.473,3.561","{""type"":""Polygon"",""coordinates"":[[[3.582782,50.445438],[3.580859,50.445695],[3.580464,50.445833],[3.580144,50.446078],[3.580003,50.44641],[3.579977,50.446903],[3.580146,50.447097],[3.580424,50.447304],[3.580793,50.447657],[3.581062,50.447962],[3.581139,50.448186],[3.580998,50.448315],[3.580737,50.448374],[3.579365,50.448177],[3.578558,50.448089],[3.57825,50.44803],[3.577778,50.44782],[3.577125,50.447974],[3.576891,50.448078],[3.576584,50.448283],[3.576222,50.448574],[3.576213,50.448681],[3.576,50.448882],[3.574718,50.449959],[3.574306,50.45026],[3.573151,50.451134],[3.571439,50.452512],[3.571066,50.452732],[3.569793,50.453725],[3.569175,50.454167],[3.568752,50.454389],[3.567348,50.45457],[3.566637,50.454637],[3.565847,50.454698],[3.564887,50.454716],[3.564251,50.454687],[3.563647,50.454624],[3.563557,50.454598],[3.562391,50.45414],[3.559319,50.451743],[3.558643,50.451852],[3.558173,50.451988],[3.5576,50.452209],[3.557367,50.45241],[3.556719,50.452654],[3.555318,50.453133],[3.554908,50.453389],[3.554449,50.453729],[3.553973,50.454199],[3.553847,50.454393],[3.553633,50.454808],[3.55361,50.455024],[3.551194,50.455322],[3.550667,50.456055],[3.550216,50.456475],[3.550005,50.456776],[3.549632,50.457077],[3.549186,50.457297],[3.548739,50.457392],[3.548239,50.457365],[3.547935,50.457275],[3.547512,50.456982],[3.547039,50.456805],[3.546682,50.456758],[3.546416,50.4568],[3.545654,50.457217],[3.545112,50.457467],[3.544546,50.457629],[3.544188,50.457666],[3.543901,50.45765],[3.543455,50.457541],[3.543306,50.457478],[3.543176,50.457345],[3.542932,50.457005],[3.54277,50.456889],[3.542488,50.456796],[3.542213,50.456793],[3.541783,50.45685],[3.541041,50.457153],[3.540737,50.457308],[3.539742,50.457735],[3.539459,50.458208],[3.539606,50.458414],[3.540168,50.458908],[3.540109,50.459051],[3.539663,50.459109],[3.53935,50.459075],[3.538244,50.458894],[3.537517,50.459078],[3.53736,50.459204],[3.537386,50.459343],[3.537491,50.459552],[3.538371,50.460584],[3.538906,50.461313],[3.539147,50.46114],[3.539249,50.460957],[3.540284,50.46041],[3.54105,50.460059],[3.542271,50.459484],[3.542638,50.459326],[3.543207,50.459133],[3.543519,50.459051],[3.544224,50.4589],[3.545482,50.458579],[3.545868,50.45852],[3.546161,50.458579],[3.546975,50.458489],[3.54729,50.458603],[3.548162,50.458992],[3.548859,50.459319],[3.549128,50.45947],[3.550194,50.460184],[3.550496,50.460489],[3.543893,50.463008],[3.546752,50.465254],[3.545883,50.465754],[3.547525,50.466371],[3.548688,50.466225],[3.549424,50.466555],[3.549516,50.466613],[3.550436,50.466968],[3.550998,50.467195],[3.551686,50.467513],[3.551896,50.467663],[3.552116,50.467984],[3.552508,50.468837],[3.552562,50.469036],[3.552572,50.469945],[3.552618,50.470107],[3.552393,50.470301],[3.552215,50.470549],[3.552054,50.470992],[3.552035,50.471211],[3.552186,50.471546],[3.552508,50.471889],[3.552622,50.472282],[3.55262,50.472484],[3.552563,50.472706],[3.552605,50.472903],[3.552586,50.473263],[3.552685,50.473431],[3.552448,50.473569],[3.552195,50.473782],[3.55182,50.473966],[3.551242,50.474189],[3.550312,50.474423],[3.550005,50.474556],[3.549539,50.474864],[3.549182,50.475187],[3.548967,50.475441],[3.548385,50.476255],[3.548128,50.476592],[3.547992,50.476859],[3.547883,50.477396],[3.547898,50.477952],[3.54792,50.478137],[3.548081,50.478686],[3.548228,50.479057],[3.548586,50.480621],[3.548837,50.480692],[3.54925,50.480764],[3.549957,50.480948],[3.550341,50.4811],[3.551164,50.481482],[3.55154,50.481633],[3.55185,50.481723],[3.552471,50.481871],[3.553445,50.482025],[3.554103,50.482143],[3.554853,50.482376],[3.556432,50.482965],[3.556855,50.483133],[3.55724,50.483353],[3.55815,50.483959],[3.558303,50.484049],[3.557986,50.484302],[3.5569,50.485358],[3.556328,50.486034],[3.556165,50.486278],[3.555503,50.487512],[3.554916,50.488384],[3.554682,50.488696],[3.554084,50.489332],[3.553603,50.48977],[3.553297,50.489994],[3.552296,50.490526],[3.551758,50.490793],[3.551198,50.492543],[3.550639,50.49418],[3.550526,50.494434],[3.550244,50.494888],[3.550946,50.495004],[3.553157,50.495279],[3.557354,50.495826],[3.558747,50.495855],[3.559106,50.495882],[3.559467,50.495867],[3.559419,50.496022],[3.559259,50.497447],[3.559313,50.49761],[3.559565,50.497977],[3.559789,50.49801],[3.560204,50.497904],[3.560441,50.497865],[3.560331,50.497765],[3.560417,50.497689],[3.560783,50.49781],[3.560965,50.497765],[3.561292,50.497822],[3.561404,50.497888],[3.56135,50.498091],[3.561427,50.498135],[3.561963,50.498126],[3.562146,50.498058],[3.562329,50.497903],[3.562539,50.497911],[3.562921,50.498136],[3.563071,50.498163],[3.563355,50.498115],[3.56347,50.498162],[3.563302,50.498407],[3.563512,50.498465],[3.563648,50.498409],[3.563805,50.498536],[3.564059,50.498567],[3.564014,50.498405],[3.564192,50.498403],[3.564346,50.498557],[3.564459,50.498573],[3.564666,50.498495],[3.564779,50.498612],[3.564686,50.498744],[3.565122,50.498755],[3.565141,50.498919],[3.565068,50.499034],[3.565238,50.499076],[3.565393,50.499217],[3.565605,50.499128],[3.565777,50.499153],[3.565936,50.499288],[3.566222,50.499205],[3.566275,50.499287],[3.566114,50.499499],[3.566184,50.499593],[3.566505,50.499589],[3.566444,50.499748],[3.56678,50.499793],[3.567218,50.499898],[3.56735,50.499964],[3.567654,50.49998],[3.567648,50.500106],[3.567794,50.500335],[3.567965,50.500385],[3.56817,50.500351],[3.568501,50.500469],[3.568568,50.500529],[3.568236,50.500719],[3.568239,50.500839],[3.568372,50.500911],[3.568611,50.500903],[3.568781,50.500846],[3.569107,50.500942],[3.569308,50.50091],[3.57003,50.500669],[3.570549,50.500481],[3.570681,50.500455],[3.570918,50.500508],[3.572387,50.499889],[3.572519,50.49982],[3.573264,50.499165],[3.573819,50.49871],[3.572172,50.49785],[3.571772,50.497669],[3.572782,50.4966],[3.573681,50.496619],[3.574224,50.496569],[3.574472,50.496523],[3.575692,50.496207],[3.57587,50.496144],[3.576245,50.495955],[3.576769,50.49566],[3.577735,50.495271],[3.577896,50.495178],[3.57829,50.494893],[3.578563,50.494764],[3.579042,50.494609],[3.579189,50.494524],[3.579264,50.494404],[3.579259,50.494223],[3.579152,50.493975],[3.578802,50.493308],[3.578754,50.493058],[3.578768,50.492886],[3.578863,50.492652],[3.579001,50.492492],[3.579459,50.492058],[3.579847,50.491772],[3.580601,50.491409],[3.580979,50.491254],[3.5819,50.491187],[3.582219,50.491142],[3.585116,50.490535],[3.585406,50.490525],[3.584176,50.489882],[3.582716,50.488395],[3.582978,50.487073],[3.582855,50.486506],[3.582834,50.48626],[3.58294,50.485632],[3.58292,50.485412],[3.582821,50.485317],[3.581288,50.483973],[3.581086,50.483787],[3.580816,50.483441],[3.580206,50.482605],[3.579454,50.481561],[3.579611,50.481444],[3.580274,50.480157],[3.580326,50.479887],[3.580335,50.479222],[3.580329,50.47747],[3.580253,50.477066],[3.580158,50.47686],[3.579921,50.47649],[3.579464,50.475841],[3.579254,50.475435],[3.579254,50.475233],[3.579314,50.474959],[3.579492,50.474375],[3.579749,50.47333],[3.579802,50.473214],[3.580516,50.472056],[3.58117,50.471177],[3.581528,50.470447],[3.581866,50.469954],[3.582446,50.469178],[3.582791,50.468746],[3.583236,50.468069],[3.583384,50.467797],[3.583473,50.467515],[3.58359,50.46645],[3.58362,50.465965],[3.583722,50.465448],[3.583827,50.46518],[3.583613,50.46516],[3.583074,50.465211],[3.582532,50.465186],[3.582207,50.465246],[3.582038,50.464301],[3.582002,50.463973],[3.582725,50.46377],[3.580369,50.461785],[3.580453,50.461706],[3.580723,50.461621],[3.581609,50.461182],[3.580586,50.460352],[3.581293,50.460034],[3.581432,50.460146],[3.582679,50.459501],[3.581171,50.458651],[3.582173,50.458107],[3.582421,50.45795],[3.583033,50.457507],[3.583963,50.456813],[3.58362,50.456532],[3.583027,50.455835],[3.582114,50.454508],[3.581826,50.45421],[3.581198,50.453151],[3.581601,50.453083],[3.581354,50.452682],[3.579522,50.451174],[3.581521,50.450315],[3.581975,50.450093],[3.582655,50.4498],[3.581462,50.449063],[3.582448,50.448152],[3.583042,50.448179],[3.582576,50.447521],[3.582929,50.447409],[3.583686,50.447229],[3.582782,50.445438]]]}"
74,59632,Wallers,"50.374,3.394","{""type"":""Polygon"",""coordinates"":[[[3.409499,50.36882],[3.408538,50.368377],[3.406908,50.367762],[3.406409,50.368282],[3.405216,50.367922],[3.405418,50.367179],[3.406908,50.366454],[3.40682,50.366331],[3.406555,50.366134],[3.406413,50.365991],[3.406179,50.365511],[3.405049,50.365102],[3.405354,50.364765],[3.404288,50.364085],[3.403216,50.363309],[3.40301,50.363099],[3.403307,50.362695],[3.401407,50.362145],[3.401616,50.361562],[3.400935,50.361401],[3.400747,50.361978],[3.39984,50.361754],[3.399729,50.361679],[3.399394,50.361579],[3.399649,50.361208],[3.399082,50.361155],[3.397961,50.360829],[3.398361,50.360435],[3.396857,50.360154],[3.396597,50.360496],[3.396033,50.360303],[3.396104,50.360096],[3.395194,50.359797],[3.393641,50.359218],[3.393453,50.35917],[3.393473,50.358745],[3.389354,50.357835],[3.388765,50.356406],[3.388552,50.355655],[3.388342,50.354688],[3.388096,50.354218],[3.38804,50.354057],[3.386173,50.354222],[3.384918,50.354301],[3.384479,50.354314],[3.383829,50.354308],[3.382148,50.354263],[3.381596,50.35427],[3.381512,50.353306],[3.382018,50.353275],[3.381779,50.35176],[3.380081,50.351716],[3.379637,50.349419],[3.379313,50.349429],[3.379253,50.348343],[3.379659,50.347864],[3.381729,50.348133],[3.382358,50.34699],[3.381996,50.346966],[3.380955,50.346863],[3.380744,50.346811],[3.379479,50.346677],[3.379515,50.346034],[3.378667,50.346012],[3.378796,50.345518],[3.377562,50.34528],[3.377347,50.345745],[3.376627,50.345907],[3.376413,50.346291],[3.375267,50.346493],[3.375144,50.346505],[3.375045,50.34602],[3.374985,50.345843],[3.3744,50.345734],[3.374712,50.345414],[3.373202,50.344781],[3.374152,50.344015],[3.374327,50.343833],[3.3747,50.343249],[3.374929,50.342172],[3.373038,50.341616],[3.372322,50.341299],[3.370625,50.3405],[3.370474,50.340447],[3.370462,50.340984],[3.371543,50.341835],[3.371616,50.34188],[3.367751,50.343605],[3.368382,50.34427],[3.368701,50.344016],[3.373552,50.346271],[3.373956,50.346196],[3.373949,50.347884],[3.371886,50.348025],[3.371946,50.350097],[3.370788,50.35006],[3.370476,50.349431],[3.368979,50.350188],[3.368117,50.35063],[3.371494,50.353265],[3.372201,50.35401],[3.372214,50.354057],[3.373081,50.355027],[3.372788,50.355079],[3.372267,50.355212],[3.373095,50.356129],[3.371115,50.357117],[3.372437,50.358029],[3.371487,50.359048],[3.371884,50.359243],[3.370762,50.360825],[3.370636,50.361407],[3.369192,50.361237],[3.368396,50.361962],[3.366359,50.363712],[3.366995,50.363948],[3.368441,50.364502],[3.369778,50.365001],[3.370393,50.365186],[3.370795,50.365282],[3.370805,50.365745],[3.367068,50.366454],[3.36622,50.366644],[3.365847,50.366403],[3.36408,50.366783],[3.364941,50.368813],[3.365469,50.37004],[3.36557,50.370296],[3.363081,50.370583],[3.363023,50.370762],[3.362916,50.370824],[3.361816,50.371158],[3.362331,50.37185],[3.36108,50.372824],[3.361071,50.372846],[3.361394,50.373336],[3.361691,50.373655],[3.361707,50.373774],[3.361522,50.374076],[3.361564,50.374378],[3.361588,50.375225],[3.361595,50.377178],[3.362068,50.377693],[3.362184,50.377853],[3.362309,50.378114],[3.362407,50.378421],[3.362052,50.379475],[3.360675,50.380174],[3.36052,50.380548],[3.360406,50.380653],[3.360145,50.380707],[3.358174,50.381001],[3.358118,50.381414],[3.358089,50.381425],[3.356277,50.3817],[3.356325,50.381819],[3.356267,50.38205],[3.356704,50.381969],[3.357931,50.381682],[3.360015,50.38154],[3.360756,50.381741],[3.361991,50.381339],[3.362963,50.382178],[3.36363,50.382772],[3.3638,50.38298],[3.363845,50.383129],[3.363966,50.383905],[3.365094,50.384255],[3.366246,50.384854],[3.366252,50.385069],[3.365961,50.385487],[3.365057,50.386417],[3.365057,50.386668],[3.364976,50.386883],[3.364805,50.387126],[3.364347,50.387294],[3.364209,50.387437],[3.364162,50.387576],[3.364183,50.387807],[3.364265,50.388038],[3.36446,50.388422],[3.36474,50.388651],[3.365025,50.388712],[3.365445,50.38884],[3.365967,50.38902],[3.366464,50.389211],[3.366587,50.389312],[3.36729,50.389555],[3.367961,50.389757],[3.368176,50.389789],[3.368399,50.389755],[3.368753,50.389766],[3.369054,50.389834],[3.369295,50.389993],[3.369443,50.390227],[3.369514,50.390268],[3.369348,50.390485],[3.369199,50.391061],[3.369164,50.391666],[3.369204,50.392241],[3.369363,50.392676],[3.369674,50.393029],[3.36988,50.393294],[3.369948,50.393472],[3.369998,50.394079],[3.369834,50.394333],[3.369689,50.394613],[3.369598,50.394851],[3.36956,50.395094],[3.369498,50.395252],[3.369347,50.395359],[3.369102,50.395382],[3.368735,50.395365],[3.368052,50.395299],[3.367097,50.395192],[3.365001,50.394905],[3.363786,50.394772],[3.362357,50.394659],[3.361907,50.394591],[3.361297,50.394554],[3.360369,50.394427],[3.359779,50.394405],[3.359384,50.394329],[3.359123,50.394559],[3.359386,50.394866],[3.35977,50.395464],[3.360562,50.39662],[3.361101,50.397568],[3.36121,50.39765],[3.361446,50.397983],[3.36178,50.398292],[3.361963,50.398392],[3.362507,50.398624],[3.362756,50.398705],[3.363132,50.398781],[3.363426,50.398784],[3.363655,50.398885],[3.363942,50.398948],[3.364696,50.399053],[3.365029,50.399078],[3.365501,50.399142],[3.366038,50.39918],[3.36656,50.39924],[3.367419,50.399266],[3.367809,50.399317],[3.368388,50.398772],[3.368484,50.398652],[3.368644,50.398547],[3.369094,50.398406],[3.369691,50.398181],[3.370197,50.398071],[3.370696,50.397929],[3.371075,50.397881],[3.371555,50.397797],[3.372342,50.397723],[3.372593,50.397734],[3.372805,50.397812],[3.373942,50.397775],[3.374366,50.397725],[3.37483,50.397649],[3.375364,50.397613],[3.375952,50.39762],[3.37663,50.397612],[3.37743,50.397633],[3.37759,50.397671],[3.378277,50.397628],[3.378329,50.397685],[3.378225,50.398016],[3.378224,50.398262],[3.378388,50.39869],[3.378756,50.399386],[3.378993,50.399885],[3.378918,50.399981],[3.378504,50.400257],[3.377954,50.400667],[3.377808,50.400863],[3.378997,50.400961],[3.380079,50.401009],[3.380506,50.401016],[3.381341,50.4011],[3.381728,50.401099],[3.382233,50.400979],[3.383634,50.401009],[3.384215,50.400966],[3.384526,50.40091],[3.385047,50.400934],[3.38564,50.401035],[3.386065,50.401182],[3.388102,50.401821],[3.388546,50.402041],[3.389148,50.402425],[3.389772,50.402928],[3.389999,50.403308],[3.390077,50.403644],[3.390159,50.404305],[3.390169,50.404695],[3.390208,50.40507],[3.390318,50.405525],[3.390421,50.405752],[3.390561,50.405924],[3.390783,50.406098],[3.390864,50.406253],[3.390794,50.406409],[3.39088,50.406505],[3.391224,50.406647],[3.391416,50.406903],[3.391651,50.407156],[3.391713,50.407404],[3.391861,50.40768],[3.392509,50.408029],[3.393034,50.408195],[3.393529,50.408369],[3.394178,50.408454],[3.394634,50.408489],[3.395699,50.408547],[3.396472,50.408561],[3.397314,50.408446],[3.397768,50.408356],[3.398209,50.408291],[3.398455,50.408223],[3.399215,50.408127],[3.399743,50.407948],[3.400068,50.407879],[3.40067,50.407924],[3.400934,50.407996],[3.40135,50.408279],[3.401568,50.408376],[3.401813,50.408406],[3.40231,50.408372],[3.402739,50.408322],[3.403061,50.408339],[3.40331,50.408422],[3.405237,50.406917],[3.405134,50.406829],[3.40508,50.406645],[3.405757,50.406222],[3.406062,50.406114],[3.406775,50.405894],[3.407058,50.405786],[3.408158,50.405429],[3.408575,50.405377],[3.409105,50.405164],[3.409883,50.404711],[3.410169,50.404439],[3.410353,50.404322],[3.410774,50.404235],[3.412357,50.404212],[3.412733,50.404349],[3.412999,50.404484],[3.413242,50.404453],[3.413627,50.40415],[3.413773,50.40409],[3.414497,50.404064],[3.414875,50.404025],[3.415101,50.403957],[3.415318,50.403704],[3.415521,50.403359],[3.415958,50.402786],[3.415938,50.40224],[3.415623,50.400828],[3.415726,50.400602],[3.41584,50.400262],[3.415909,50.399941],[3.41635,50.397559],[3.418301,50.399068],[3.420928,50.402673],[3.421166,50.403162],[3.421409,50.403505],[3.421761,50.403882],[3.422179,50.404478],[3.422422,50.404667],[3.422525,50.40519],[3.422723,50.405052],[3.423533,50.404707],[3.423751,50.404579],[3.424142,50.404289],[3.424688,50.403711],[3.425249,50.401959],[3.425201,50.401563],[3.425209,50.401308],[3.425261,50.401023],[3.425389,50.400534],[3.42547,50.400329],[3.425681,50.400015],[3.425763,50.399943],[3.425732,50.399453],[3.425875,50.399067],[3.426862,50.396149],[3.42691,50.395887],[3.428467,50.392995],[3.428145,50.391524],[3.428421,50.391502],[3.428529,50.391434],[3.428445,50.391294],[3.428298,50.391168],[3.428085,50.391064],[3.427884,50.391017],[3.427541,50.39101],[3.427455,50.390762],[3.427563,50.390511],[3.428009,50.389993],[3.428036,50.389888],[3.427831,50.389539],[3.42766,50.388449],[3.427812,50.388078],[3.427553,50.387528],[3.430323,50.388197],[3.430702,50.388312],[3.431554,50.386517],[3.431912,50.383815],[3.43194,50.38313],[3.432065,50.382481],[3.432078,50.382246],[3.432475,50.378962],[3.432306,50.378999],[3.431007,50.379102],[3.431019,50.378941],[3.431183,50.3785],[3.431118,50.37827],[3.43093,50.378159],[3.429968,50.377844],[3.429798,50.37776],[3.429663,50.377635],[3.42945,50.377668],[3.428112,50.377962],[3.427893,50.377796],[3.427755,50.377646],[3.427535,50.377511],[3.42719,50.37738],[3.426783,50.377086],[3.426206,50.376817],[3.425679,50.376616],[3.424028,50.3768],[3.42353,50.376838],[3.423258,50.376191],[3.423171,50.375893],[3.422966,50.374023],[3.421474,50.373238],[3.421095,50.373218],[3.418892,50.371843],[3.418326,50.371462],[3.418249,50.371483],[3.416941,50.372076],[3.41609,50.371331],[3.416195,50.371254],[3.413874,50.369971],[3.414742,50.369421],[3.413443,50.368836],[3.412465,50.368357],[3.41223,50.368218],[3.411948,50.36849],[3.411102,50.369137],[3.410595,50.369477],[3.409499,50.36882]]]}"
75,59645,Wasnes-au-Bac,"50.270,3.253","{""type"":""Polygon"",""coordinates"":[[[3.270709,50.259203],[3.270068,50.259268],[3.269914,50.259323],[3.269457,50.25959],[3.269196,50.259664],[3.268967,50.25979],[3.268368,50.260263],[3.268217,50.260536],[3.268075,50.260697],[3.267858,50.260869],[3.267288,50.261264],[3.266395,50.26182],[3.266064,50.262043],[3.265552,50.26228],[3.265282,50.262518],[3.265169,50.26269],[3.265057,50.262949],[3.264973,50.262972],[3.263625,50.263118],[3.263281,50.263191],[3.263079,50.263309],[3.262747,50.263565],[3.261063,50.263113],[3.260253,50.262986],[3.259957,50.264225],[3.259608,50.265627],[3.259482,50.266092],[3.259235,50.266643],[3.255748,50.26635],[3.25452,50.266297],[3.254086,50.265895],[3.253606,50.265938],[3.253378,50.265487],[3.253502,50.264993],[3.252249,50.264692],[3.251435,50.263142],[3.250977,50.263146],[3.250333,50.262913],[3.249863,50.262793],[3.249257,50.262606],[3.248341,50.262382],[3.248017,50.262281],[3.247442,50.262192],[3.246601,50.261991],[3.246211,50.26184],[3.245711,50.261571],[3.245274,50.261267],[3.245069,50.261213],[3.244733,50.261314],[3.244337,50.261548],[3.243958,50.261745],[3.243324,50.262051],[3.242485,50.262397],[3.241682,50.262265],[3.241399,50.262249],[3.24069,50.262244],[3.240231,50.262146],[3.239775,50.262018],[3.239029,50.261836],[3.237944,50.261532],[3.237645,50.261519],[3.237421,50.261561],[3.23731,50.261748],[3.237611,50.26187],[3.237614,50.262066],[3.237273,50.262442],[3.237143,50.262508],[3.236768,50.2625],[3.236453,50.262426],[3.236211,50.262484],[3.235708,50.26294],[3.235449,50.26296],[3.235209,50.262939],[3.234439,50.263023],[3.234281,50.263065],[3.234023,50.263239],[3.233744,50.263462],[3.233553,50.263436],[3.233337,50.26336],[3.232926,50.263161],[3.232649,50.263249],[3.232053,50.263774],[3.231806,50.263779],[3.231892,50.263858],[3.232136,50.263874],[3.232327,50.26393],[3.232635,50.264554],[3.233211,50.265571],[3.233227,50.265645],[3.234103,50.265407],[3.234645,50.265321],[3.235502,50.265283],[3.235921,50.265349],[3.235395,50.268648],[3.23336,50.268633],[3.232783,50.26861],[3.230988,50.268513],[3.228962,50.268509],[3.228117,50.268487],[3.227568,50.268484],[3.227382,50.26863],[3.227863,50.268995],[3.22863,50.269685],[3.230329,50.271174],[3.230174,50.276549],[3.231102,50.276767],[3.232009,50.276994],[3.233135,50.277262],[3.234341,50.277558],[3.235173,50.277772],[3.236552,50.278101],[3.236917,50.278168],[3.239504,50.275217],[3.2406,50.275437],[3.24204,50.2757],[3.242953,50.275996],[3.244128,50.276394],[3.245126,50.276713],[3.24658,50.277267],[3.247157,50.277543],[3.247558,50.277773],[3.249014,50.278395],[3.249654,50.278706],[3.250765,50.279206],[3.251693,50.279557],[3.252139,50.279709],[3.252666,50.279946],[3.25283,50.279909],[3.253423,50.27921],[3.260172,50.279168],[3.259989,50.278861],[3.25974,50.278529],[3.263769,50.27834],[3.26829,50.278147],[3.26855,50.275702],[3.268882,50.275757],[3.269409,50.275774],[3.269654,50.275754],[3.269994,50.275683],[3.272599,50.275444],[3.272652,50.273555],[3.273166,50.272864],[3.274367,50.273082],[3.274934,50.270439],[3.276754,50.270726],[3.278276,50.263971],[3.274553,50.263796],[3.275031,50.263259],[3.275238,50.26307],[3.275471,50.262902],[3.276229,50.262419],[3.276721,50.262135],[3.277017,50.261936],[3.277955,50.261204],[3.274898,50.260558],[3.270833,50.259299],[3.270709,50.259203]]]}"
76,59651,Wavrechain-sous-Denain,"50.334,3.422","{""type"":""Polygon"",""coordinates"":[[[3.431548,50.341597],[3.432338,50.339913],[3.432501,50.339516],[3.434631,50.340003],[3.435065,50.339559],[3.436124,50.3384],[3.435034,50.338168],[3.434936,50.335834],[3.43433,50.335863],[3.433563,50.334927],[3.431021,50.332972],[3.431204,50.332699],[3.430204,50.331725],[3.430495,50.331655],[3.429962,50.33072],[3.428375,50.33105],[3.427029,50.329571],[3.426866,50.329346],[3.426858,50.329259],[3.426504,50.328839],[3.422565,50.323461],[3.421629,50.323262],[3.420207,50.32317],[3.419774,50.32357],[3.419626,50.323794],[3.419556,50.323967],[3.41923,50.324327],[3.41877,50.32465],[3.418591,50.324719],[3.418207,50.324766],[3.417791,50.324974],[3.417629,50.32518],[3.417524,50.325675],[3.417338,50.325951],[3.4172,50.326033],[3.416976,50.326094],[3.416126,50.326266],[3.415109,50.326423],[3.414538,50.326524],[3.41454,50.327032],[3.414609,50.327741],[3.414469,50.3279],[3.413069,50.327914],[3.412156,50.327942],[3.411905,50.32792],[3.411614,50.327786],[3.410428,50.32966],[3.410331,50.329861],[3.410253,50.329928],[3.410061,50.331183],[3.409936,50.331498],[3.409963,50.332092],[3.407589,50.331846],[3.407409,50.332491],[3.407795,50.332542],[3.40968,50.33285],[3.409925,50.333831],[3.41013,50.334559],[3.410554,50.334876],[3.41252,50.334497],[3.41352,50.334281],[3.414251,50.335478],[3.414889,50.336551],[3.415813,50.336621],[3.415212,50.338838],[3.414962,50.339814],[3.4154,50.340005],[3.416841,50.340931],[3.417562,50.341353],[3.418153,50.34161],[3.4187,50.342086],[3.418997,50.342212],[3.419736,50.342432],[3.419969,50.342475],[3.420178,50.342845],[3.420341,50.342674],[3.420845,50.341216],[3.422662,50.341288],[3.422902,50.341611],[3.423475,50.341663],[3.423414,50.341941],[3.424476,50.341815],[3.424546,50.341357],[3.42452,50.341265],[3.424946,50.341146],[3.425088,50.341353],[3.425383,50.341716],[3.42535,50.342235],[3.426639,50.342213],[3.426521,50.341352],[3.427507,50.341386],[3.427884,50.34299],[3.426837,50.343097],[3.426987,50.343743],[3.427582,50.343762],[3.427655,50.344184],[3.42895,50.344048],[3.428994,50.343602],[3.42996,50.342784],[3.429337,50.341377],[3.431548,50.341597]]]}"
77,59652,Wavrechain-sous-Faulx,"50.268,3.284","{""type"":""Polygon"",""coordinates"":[[[3.282773,50.252283],[3.282632,50.252123],[3.282267,50.252002],[3.281199,50.251737],[3.280411,50.251454],[3.280176,50.251409],[3.279888,50.251417],[3.278529,50.251598],[3.278192,50.251658],[3.278015,50.251726],[3.27788,50.251835],[3.277742,50.252095],[3.27759,50.252267],[3.277448,50.252367],[3.276816,50.252578],[3.276641,50.252699],[3.276586,50.252849],[3.276673,50.253184],[3.276669,50.253318],[3.276454,50.253438],[3.276125,50.253575],[3.27592,50.253747],[3.275178,50.254978],[3.274919,50.255316],[3.274594,50.255633],[3.274517,50.255872],[3.274467,50.256167],[3.274288,50.256478],[3.273823,50.256936],[3.273602,50.257197],[3.273343,50.257612],[3.273232,50.257702],[3.272809,50.257926],[3.272184,50.258138],[3.271765,50.258243],[3.271138,50.259012],[3.270709,50.259203],[3.270833,50.259299],[3.274898,50.260558],[3.277955,50.261204],[3.277017,50.261936],[3.276721,50.262135],[3.276229,50.262419],[3.275471,50.262902],[3.275238,50.26307],[3.275031,50.263259],[3.274553,50.263796],[3.278276,50.263971],[3.276754,50.270726],[3.274934,50.270439],[3.274367,50.273082],[3.273166,50.272864],[3.272652,50.273555],[3.272599,50.275444],[3.269994,50.275683],[3.269654,50.275754],[3.269409,50.275774],[3.268882,50.275757],[3.26855,50.275702],[3.26829,50.278147],[3.269427,50.278098],[3.271434,50.278024],[3.272444,50.279536],[3.273197,50.280554],[3.274166,50.281816],[3.275769,50.281242],[3.277041,50.282668],[3.276483,50.282973],[3.279882,50.284921],[3.280004,50.284967],[3.280037,50.285329],[3.280115,50.285446],[3.283519,50.285455],[3.283907,50.285442],[3.284524,50.285466],[3.285572,50.285423],[3.286435,50.285415],[3.286687,50.285365],[3.287281,50.284943],[3.287947,50.284428],[3.288275,50.284256],[3.288584,50.284028],[3.289263,50.283307],[3.290126,50.282468],[3.29069,50.281889],[3.29115,50.281478],[3.291501,50.281277],[3.291733,50.28117],[3.293704,50.280354],[3.294172,50.280076],[3.29479,50.280418],[3.295036,50.280284],[3.295279,50.28019],[3.296302,50.279934],[3.296918,50.27984],[3.297353,50.279676],[3.297834,50.279544],[3.297773,50.278933],[3.298632,50.278745],[3.299144,50.278592],[3.29956,50.278533],[3.299778,50.278471],[3.29982,50.278404],[3.30046,50.278416],[3.300526,50.278025],[3.299334,50.277826],[3.299104,50.277797],[3.298874,50.277723],[3.298304,50.277327],[3.29782,50.276968],[3.297552,50.276827],[3.296979,50.276591],[3.296522,50.2762],[3.296288,50.275916],[3.296141,50.275884],[3.295783,50.275724],[3.295305,50.275561],[3.295107,50.27547],[3.29491,50.275298],[3.294634,50.275002],[3.294221,50.274773],[3.293827,50.274597],[3.293218,50.274368],[3.292141,50.273791],[3.291669,50.273548],[3.291486,50.273375],[3.291363,50.272266],[3.291192,50.271874],[3.291174,50.271684],[3.291292,50.271372],[3.291569,50.270907],[3.291748,50.270732],[3.2919,50.270532],[3.292095,50.270185],[3.292117,50.27009],[3.29202,50.26998],[3.291794,50.269892],[3.291131,50.269533],[3.290688,50.269278],[3.290169,50.269033],[3.289722,50.268873],[3.289511,50.268731],[3.289392,50.268593],[3.289048,50.267872],[3.288833,50.267636],[3.287677,50.267243],[3.287553,50.267135],[3.2876,50.266232],[3.287842,50.26571],[3.288001,50.265167],[3.287985,50.265014],[3.287846,50.264874],[3.286326,50.264494],[3.285597,50.264342],[3.285179,50.264274],[3.285106,50.263973],[3.285239,50.262948],[3.28524,50.262539],[3.284855,50.261973],[3.284724,50.261856],[3.284226,50.261669],[3.284194,50.261499],[3.284563,50.260581],[3.284549,50.26025],[3.284294,50.259994],[3.284275,50.259823],[3.284314,50.259688],[3.284613,50.259007],[3.285006,50.258299],[3.285475,50.25779],[3.285652,50.257637],[3.285687,50.257482],[3.285528,50.257151],[3.284614,50.255599],[3.284573,50.255316],[3.28412,50.254054],[3.283966,50.253921],[3.283519,50.253769],[3.283389,50.253693],[3.283232,50.253529],[3.283009,50.253237],[3.282643,50.253011],[3.282584,50.252797],[3.282615,50.252594],[3.282773,50.252283]]]}"
78,59192,Émerchicourt,"50.313,3.255","{""type"":""Polygon"",""coordinates"":[[[3.229973,50.302545],[3.230467,50.3031],[3.231463,50.304186],[3.232049,50.30484],[3.230104,50.305603],[3.230681,50.306153],[3.231585,50.306577],[3.230254,50.308317],[3.229543,50.308922],[3.228959,50.309395],[3.231761,50.311444],[3.233952,50.312745],[3.235725,50.314063],[3.23616,50.314566],[3.236406,50.316039],[3.238192,50.316376],[3.238137,50.316788],[3.240989,50.317185],[3.240931,50.316969],[3.242835,50.317023],[3.243119,50.316063],[3.243125,50.315986],[3.243281,50.315542],[3.243729,50.314591],[3.245366,50.314612],[3.246013,50.314832],[3.246809,50.313897],[3.246933,50.313911],[3.248274,50.314418],[3.251934,50.315593],[3.254865,50.3165],[3.255795,50.31522],[3.256081,50.314859],[3.256029,50.31513],[3.256054,50.315476],[3.256209,50.31604],[3.256358,50.316757],[3.256392,50.317308],[3.256343,50.317716],[3.256245,50.317931],[3.258351,50.31813],[3.258401,50.317769],[3.261051,50.318368],[3.26091,50.31731],[3.26094,50.317245],[3.263178,50.317671],[3.26407,50.317765],[3.2641,50.318058],[3.26553,50.318592],[3.264377,50.319908],[3.265592,50.32108],[3.267823,50.322047],[3.267594,50.322238],[3.266398,50.323174],[3.26612,50.323423],[3.265769,50.323875],[3.265523,50.324131],[3.265442,50.32428],[3.26505,50.324896],[3.264403,50.326245],[3.268513,50.326148],[3.268575,50.325878],[3.270936,50.325807],[3.271128,50.325502],[3.274423,50.325735],[3.276667,50.323592],[3.280817,50.322017],[3.280793,50.318952],[3.280764,50.314577],[3.280672,50.314588],[3.279872,50.314481],[3.279156,50.314309],[3.278369,50.314585],[3.277972,50.314694],[3.277678,50.314805],[3.278293,50.31598],[3.276051,50.317028],[3.274843,50.316818],[3.275029,50.316722],[3.273738,50.315624],[3.272166,50.314531],[3.272211,50.3145],[3.273063,50.3132],[3.27177,50.312288],[3.27491,50.310358],[3.273931,50.30853],[3.273856,50.30836],[3.273596,50.307218],[3.273096,50.307306],[3.272055,50.307422],[3.271848,50.307455],[3.271062,50.30768],[3.270707,50.307759],[3.27026,50.30781],[3.269383,50.307787],[3.268964,50.307799],[3.268489,50.307855],[3.268173,50.307891],[3.267045,50.308066],[3.266482,50.308201],[3.265595,50.30849],[3.265239,50.308551],[3.264326,50.308452],[3.26259,50.308156],[3.262328,50.308135],[3.261056,50.308098],[3.259461,50.308033],[3.25924,50.308012],[3.257998,50.307827],[3.257554,50.306978],[3.257431,50.306604],[3.257512,50.306002],[3.257426,50.305944],[3.257398,50.30562],[3.257132,50.305404],[3.257018,50.305366],[3.256863,50.304621],[3.257174,50.303726],[3.256216,50.303273],[3.249699,50.300074],[3.247312,50.298855],[3.246982,50.300996],[3.24101,50.301233],[3.24107,50.300876],[3.2412,50.300324],[3.236551,50.301244],[3.232419,50.302097],[3.232405,50.30208],[3.229973,50.302545]]]}"
